Ticket ID,Customer Name,Product Purchased,Ticket Type,Ticket Subject,Ticket Description,Customer Satisfaction Rating
8,Customer,sprintcare,Support inquiry,@sprintcare and how do you propose we do that,"CONVERSATION HISTORY:
Customer: @sprintcare is the worst customer service
Agent: @115712 Can you please send us a private message, so that I can gain further details about your account?
Customer: @sprintcare I did.
Agent: @115712 Please send us a Private Message so that we can further assist you. Just click ‘Message’ at the top of your profile.
Customer: @sprintcare I have sent several private messages and no one is responding as usual
Agent: @115712 I understand. I would like to assist you. We would need to get you into a private secured link to further assist.

CURRENT MESSAGE:
@sprintcare and how do you propose we do that",
18,Customer,sprintcare,Support inquiry,@sprintcare You gonna magically change your connectivity for,"CONVERSATION HISTORY:
Customer: @115714 y’all lie about your “great” connection. 5 bars LTE, still won’t load something. Smh.
Agent: @115713 H there! We'd definitely like to work with you on this, how long have you been experiencing this issue? -AA
Customer: @sprintcare Since I signed up with you....Since day 1
Agent: @115713 We understand your concerns and we'd like for you to please send us a Direct Message, so that we can further assist you. -AA

CURRENT MESSAGE:
@sprintcare You gonna magically change your connectivity for me and my whole family ? 🤥 💯",
29,Customer,Ask_Spectrum,Support inquiry,@Ask_Spectrum I received this from your corporate office wou,"CONVERSATION HISTORY:
Customer: actually that's a broken link you sent me and incorrect information https://t.co/V4yfrHR8VI
Agent: @115716 The information pertaining to the account assumption is correct.  This does need to be done at a local outlet wit... https://t.co/P7XCmTzPQj
Customer: @Ask_Spectrum That is INCORRECT information I have the form in front of me that is faxed over-maybe you need to maintain up to date information
Agent: @115716 What information is incorrect? ^JK
Customer: @Ask_Spectrum Would you like me to email you a copy of one since Spectrum is not updating your training?
Agent: @115716 Our department is part of the corporate office.  If you're particular area has gone to this format, we were unawa... https://t.co/P7XCmTzPQj

CURRENT MESSAGE:
@Ask_Spectrum I received this from your corporate office would you like a copy?",
36,Customer,VerizonSupport,Support inquiry,"@VerizonSupport I finally got someone that helped me, thanks","CONVERSATION HISTORY:
Customer: somebody from @VerizonSupport please help meeeeee 😩😩😩😩 I'm having the worst luck with your customer service
Agent: @115719 Help has arrived! We are sorry to see that you are having trouble. How can we help?
^HSB

CURRENT MESSAGE:
@VerizonSupport I finally got someone that helped me, thanks!",
49,Customer,VerizonSupport,Support inquiry,"@VerizonSupport How? I have my phone number and email, that'","CONVERSATION HISTORY:
Customer: @115722 tried to pay a bill for 60 days. No service, rude CS, and several transfers. Look up my equipment # and give me an acct #!
Customer: @115721 Are you referring to wireless or residential service?
^JAY
Customer: @115722 Nobody can find my account or number. I walked out of a store with this. I've explained that they can find my acct via my devices serial #..
Customer: @115721 Hello Duke, Do you have a copy of your bill? What state are your services located in?
^NHP
Customer: @115722 MD. And this was sent to the wrong address https://t.co/dMQ1WZXJOk
Agent: @115721 Please follow and DM us so that we can look into this order. 
^HSB
Customer: @VerizonSupport What else can I provide? They refuse to help me because they cannot validate the account...
Agent: @115721 We would not be able to verify anything without authenticating your account.
^JAY

CURRENT MESSAGE:
@VerizonSupport How? I have my phone number and email, that's it. How did I get equipment and service? I'm literally trying to pay and nobody can find me?",
59,Customer,VerizonSupport,Support inquiry,"@VerizonSupport Don’t know, router is downstairs. But it’s j","CONVERSATION HISTORY:
Customer: @115722 is the worst ISP I’ve ever had
Agent: @115723 What did we do to make you feel this way and how can we fix things between us? ^KMG
Customer: @VerizonSupport Cuts out every 20 minutes this is ridiculous
Agent: @115723 Are all your services cutting out?
^ACM
Customer: @VerizonSupport Yep
Agent: @115723 Do you have our Fios service?  When services go out, does the internet light on the router change color? ^BCW
Customer: @VerizonSupport Just randomly boots me offline there it goes again
Agent: @115723 Did the lights change on the router when this happened?
^JAY

CURRENT MESSAGE:
@VerizonSupport Don’t know, router is downstairs. But it’s just the WiFi Nothing connected to Ethernet",
76,Customer,ChipotleTweets,Support inquiry,@ChipotleTweets I had excellent service tonight too! Plenty ,"CONVERSATION HISTORY:
Customer: When you're the only one in costume #boorito @ChipotleTweets
Agent: @115731 It's because you're smart. -Tara

CURRENT MESSAGE:
@ChipotleTweets I had excellent service tonight too! Plenty of people on the line, went very fast, everyone was kind!",
163,Customer,ChipotleTweets,Support inquiry,"@ChipotleTweets Tried, didn't work. How rude :/","CONVERSATION HISTORY:
Customer: @ChipotleTweets can I dress up as myself and still qualify for a BOORITO?
Agent: @115737 Give it a try. -Tara

CURRENT MESSAGE:
@ChipotleTweets Tried, didn't work. How rude :/",
175,Customer,ChipotleTweets,Support inquiry,@ChipotleTweets Also I got the onesie at target. So cozy,"CONVERSATION HISTORY:
Customer: Considering walking to @ChipotleTweets in my llama onesie alone happy Halloween 😭
Agent: @115741 You won't be alone – we'll be there with you. Also, I want that llama onesie. -Becky
Customer: @ChipotleTweets Thanks Becky! Just feeling sorry for myself because my fiancé is driving from D.C. To Mississippi tonight

CURRENT MESSAGE:
@ChipotleTweets Also I got the onesie at target. So cozy",
185,Customer,AskPlayStation,Support inquiry,@AskPlayStation It was when I would go to download it. I jus,"CONVERSATION HISTORY:
Customer: @AskPlayStation I bought Lego Star Wars in the PlayStation store but it won't let me download it because the data is corrupted..
Agent: @115745 Sorry for the inconvenience. Do you see the data corrupted message when you try to open the game or download it?

CURRENT MESSAGE:
@AskPlayStation It was when I would go to download it. I just waited a few hours till after I bought it and it downloaded now.",
198,Customer,marksandspencer,Support inquiry,@marksandspencer I check with the Gov office and legal. They,"CONVERSATION HISTORY:
Customer: @marksandspencer y do they charge you for a meat bag at colliers woods branch. If you buy meat you r required to supply customers a free bag. Poor service.
Agent: @115749 We're only obligated to provide bags for un-packaged meat. As ours is prepackaged, a charge will be applied
Customer: @marksandspencer Raw meat!!!! It’s does not say unwrapped raw meat!!! Sainsbury’s don’t charge nor do Waitrose so y do you?!
Agent: @115749 As our packaging is sufficient, any extra wrappings or bags does require an extra 5p charge as per legislation. Thanks

CURRENT MESSAGE:
@marksandspencer I check with the Gov office and legal. They stated you are not right. But it’s funny how the other stores don’t but you do. No wonder Lidl and the rest are beating you.",
216,Customer,ATVIAssist,Support inquiry,@ATVIAssist @115755 I'm trying to buy the digital deluxe edi,"CONVERSATION HISTORY:
Customer: @ATVIAssist can you still pre oder ww2 on the playstation store
Agent: @115755 Yes you can pre order the game on the console store. For more information please contact your console store. ^RK
Customer: @ATVIAssist Thanks
Agent: @115755  No problem, let us know if you come across any other issues or questions in the future. We are happy to help. ^RK

CURRENT MESSAGE:
@ATVIAssist @115755 I'm trying to buy the digital deluxe edition on the ps store but I keep receiving an error message",
234,Customer,ATVIAssist,Support inquiry,"@ATVIAssist Yes I have, so my code is on their?","CONVERSATION HISTORY:
Customer: @ATVIAssist i pre ordered wwii but how do i get the code?
Customer: @ATVIAssist For double xp^
Agent: @115762 Hello there, I apologize for the delay. Can you clarify where you pre-ordered the game? Please be sure you keep us updated. ^RN
Customer: @ATVIAssist I pre ordered my game at game stop
Agent: @115762 Hey there! You can check out this link for more information in regards to this - https://t.co/OZIlONCLtF ^KO
Customer: @ATVIAssist So, when I go get the game on friday my 2xp code will be on the receipt?
Agent: @115762 Did gamestop give you a code with your pre order down payment that you needed to redeem? ^KO
Customer: @ATVIAssist Yes, the beta code
Agent: @115762 Have you redeemed that on your https://t.co/4YBn633EOk account? Even tho it says beta code, your pre order bonus are linked. ^KO

CURRENT MESSAGE:
@ATVIAssist Yes I have, so my code is on their?",
250,Customer,AdobeCare,Support inquiry,@AdobeCare sure thing,"CONVERSATION HISTORY:
Customer: Any help here @AdobeCare? https://t.co/x50e57UG4E
Agent: @115767 Hi Jason, please let us know if there is anything we can do to help. Thanks! ^AJ https://t.co/iuwZCjz4Or
Customer: @AdobeCare Pretty much explained my issue in the quoted tweet... dragging an image onto a canvas no longer center snaps it...
Agent: @115767 Hi Jason, could you please try resetting the preferences of Photoshop &amp; let us know if it helps with the issue https://t.co/j3Dj2HDknM   ^SC
Customer: @AdobeCare the ctrl+alt+shift on load method didn't work. (2/2)
Agent: @115767 Sorry that this isn't more simple... let us know if the steps in the video work out or if you need further help ^Madison
Customer: @AdobeCare Didn't work. Tried it on another computer, fresh install, same thing...
Agent: @115767 Would you please DM the Adobe Product &amp; your purchase details that you have so that we can ask our experts to follow up. ^Raj https://t.co/iuwZCjz4Or

CURRENT MESSAGE:
@AdobeCare sure thing",
253,Customer,AdobeCare,Support inquiry,@AdobeCare ok,"CONVERSATION HISTORY:
Customer: @115769 whats going on with your app. its totally stuck here for 1 hour and prior to updating froze and didnt work since updating. https://t.co/UpoCzPNqFb
Agent: @115768 Hi Jeffrey, were you able to update to Lightroom Classic CC?   ^Tanuj
Customer: @AdobeCare nope still down.
Agent: @115768 Have you tried signing out/back in or reinstalling the CC desktop app? https://t.co/Ne2f7tDTM0 Let us know! ^Madison
Customer: @AdobeCare yes ive done that multiple times. its happened on previous versions as well.
Agent: @115768 Thanks for confirming. We're looping in an expert who can help you out here. They will reply as soon as they're available. ^Madison

CURRENT MESSAGE:
@AdobeCare ok",
290,Customer,AdobeCare,Support inquiry,@AdobeCare @115776 It’s intermittent for me. This file fails,"CONVERSATION HISTORY:
Customer: So apparently the new version of @115777 @115778 has this cool feature where you can't export SVGs. Sick update guys.
Agent: @115776 Hi Keelin,
Sorry for the inconvenience. I am able to export SVG in AI CC 2018. Would you mind sharing your workflow, sample file/screenshot? https://t.co/iuwZCjz4Or
Customer: @AdobeCare Seems pretty widespread: https://t.co/ImomzTHO5j

Don't mean to be a jerk, but it's frustrating when an update breaks core functionality.
Agent: @115776 Unfortunately, we are not able to reproduce it at our end. I'll still be checking with the development team to find out more on this. ^OM https://t.co/3giRhN4vNJ

CURRENT MESSAGE:
@AdobeCare @115776 It’s intermittent for me. This file fails reliably: https://t.co/6m5a1RQEV9

The “Create subfolder” option just makes an empty “svg” folder",
298,Customer,AdobeCare,Support inquiry,@AdobeCare Here is an example of an export before and after.,"CONVERSATION HISTORY:
Customer: @AdobeCare InDesign 13.0 is exporting all PDFs with blurry links, but links are not missing in INDD file. JPG export is not blurry. Help!
Agent: @115781 Hi Jake, any screenshots you can share? What are you export settings? Is this happening on all files with links? ^Wren

CURRENT MESSAGE:
@AdobeCare Here is an example of an export before and after. Export settings are unchanged from default. No, only some files. https://t.co/YbCX6dmddc",
306,Customer,AirbnbHelp,Support inquiry,@AirbnbHelp I've just sent you a message with details. Thank,"CONVERSATION HISTORY:
Customer: Quand ton @115783 ne ressemble pas à celui que tu as réservé, &amp; qu'en + d'être sale et en sous-sol, tu te retrouves à 10 dans 1 #logement ! https://t.co/BcEIHe38tq
Agent: @115782 Hi there, we would like to help. Please DM us your account's email and reservation code so we can further assist. Thank you.

CURRENT MESSAGE:
@AirbnbHelp I've just sent you a message with details. Thanks for your help",
318,Customer,XboxSupport,Support inquiry,@XboxSupport @115786 When someone @115786 or @15913 @115787 ,"CONVERSATION HISTORY:
Customer: @XboxSupport @115786 @115787 @15913 can anyone let me know when our pre orders are going to be shipped for xbox one x??
Customer: @XboxSupport @115786 @115787 @15913 Would like to know so I can make sure I have enough money for it...
Agent: @115785 Hi there! We'd recommend reaching out to the chat team here: https://t.co/UrUi80i54l ^JA
Customer: @XboxSupport They have no info either..
Agent: @115785 We'd recommend keeping an eye out on your email that is associated with your account for further info.  ^JA
Customer: @XboxSupport Lol so there's no one @115786 who can say when they're going to be shipped...? That's kinda weird

CURRENT MESSAGE:
@XboxSupport @115786 When someone @115786 or @15913 @115787 @115788 knows when the xbox one x ships let us know.  Lol shouldn't b a mystery..",
348,Customer,AirAsiaSupport,Support inquiry,@AirAsiaSupport thank you very much..,"CONVERSATION HISTORY:
Customer: Lost your booking number? No worries, just drop me the passenger's name, flight details and email. I'll trace it and email u in no time :)
Customer: @AirAsiaSupport lost my booking # chua loreen lee flight z2 129.128 12/22-01/8 taipei-manila. __email__
Agent: @115797 Sorry as we checked booking has already expired due to no payment made. Kindly please proceed with new booking - Ed
Customer: @AirAsiaSupport hi!  I have booked my ticket and when i see my itenary has been redundant i call ur customer service to assist but out of line.
Agent: @115797 Hi Loreen,kindly DM us your booking number and attach guest passport copy, we'll fix it for you, see you there!- Anwar
Customer: @AirAsiaSupport Hi! I have DM u my booking # and passport picture thanks so much for quick action
Agent: @115797 Hi Loreen,correction done! :) See you on board! Cheers!- Anwar

CURRENT MESSAGE:
@AirAsiaSupport thank you very much..",
367,Customer,AirAsiaSupport,Support inquiry,"@AirAsiaSupport Hi Yana, followed!","CONVERSATION HISTORY:
Customer: @AirAsiaSupport CAS-19708536-CB92N2 CRM:0326600 Please check on this I haven't heard from my case officer in weeks and provided all docs.
Agent: @115799 We have replied to you via DM. Check it out =) Yana
Customer: @AirAsiaSupport Hi Yana I don’t have any DMs from you. Did you mean email?
Agent: @115799 Hi Emma, Could you please follow us so we can DM you again with the email reply sent to you  =) Yana

CURRENT MESSAGE:
@AirAsiaSupport Hi Yana, followed!",
378,Customer,Morrisons,Support inquiry,"@Morrisons Aww, Sophie deserved winner 👏😄","CONVERSATION HISTORY:
Customer: Fresh cream palmier @Morrisons bakery Bellshill gets my vote for #star baker 👨‍🍳😘😋💗just catching up on #gbbo17 don’t know who won yet 😄
Agent: @115803 Please don't tell me Carol!! I can't wait to go home &amp; find out!! - Chloe
Customer: @Morrisons My lips are sealed 😋
Agent: @115803 Somebody else has told me!! I'm gutted :( - Chloe
Customer: @Morrisons Aahhrrgh! Keep mum, I’m still watching 😄
Agent: @115803 Don't you worry Carol, my lips are shut!! - Chloe

CURRENT MESSAGE:
@Morrisons Aww, Sophie deserved winner 👏😄",
385,Customer,Morrisons,Support inquiry,"@Morrisons That's pointless as it's every day, all the time.","CONVERSATION HISTORY:
Customer: @Morrisons so fed up of this very familiar sight at Houghton Regis. Get more staff &amp; stock the place properly. This is just a small example https://t.co/CummsXx7jc
Agent: @115804 Hi there, sorry about that. Please DM me when you visited the store and I'll look into this. Thanks - Kirsty

CURRENT MESSAGE:
@Morrisons That's pointless as it's every day, all the time. No matter when I go in. I speak 2the management who r as fed up as I am. They've no staff.",
395,Customer,NikeSupport,Support inquiry,@NikeSupport Thank you nike,"CONVERSATION HISTORY:
Customer: @NikeSupport I'm new to nike+ run club app,  should i start with guided runs or my couch?
Agent: @115806 While the Coach plans can be weeks in time. It's up to you to decide what fits you best. (2/2)

CURRENT MESSAGE:
@NikeSupport Thank you nike",
406,Customer,AskAmex,Support inquiry,@AskAmex Sure. Please drop me a message now.,"CONVERSATION HISTORY:
Customer: @AskAmex Thought Amex values their customers. But boy you got really bad reps on the customer service.
Agent: @115807 Hi there, I am so sorry to her that. what exactly is the issue you are having?
Customer: @AskAmex Nope. They weren’t ready to listen what I wanted to say and if I had any questions about anything else and hung up on me.
Agent: @115807 I am so sorry to hear that. Which U.S. based card do you have? Pls do not share any personal info.
Customer: @AskAmex Amex Platinum and Amex everyday card.
Agent: @115807 What exactly is the issue you are having?
Customer: @AskAmex I’ve asked your sales rep about the payments and she wasn’t ready to listen to any issues that I had.
Agent: @115807 Apologies for all of the issues. If you have time to chat securely with me, I would be happy to review. ^Rachel

CURRENT MESSAGE:
@AskAmex Sure. Please drop me a message now.",
617,Customer,AmazonHelp,Support inquiry,@AmazonHelp I frankly don't have the patience for another ch,"CONVERSATION HISTORY:
Customer: Way to drop the ball on customer service @115821 so pissed right now!
Agent: @115820 I'm sorry we've let you down! Without providing any personal information, will you describe the issue? We'd love to help. ^TN
Customer: @AmazonHelp 3 different people have given 3 different answers and I still don't have my order. Says delivered Saturday, was not, I was home all day
Agent: @115820 We'd like to take a further look into this with you! Please reach us by phone or chat here: https://t.co/hApLpMlfHN ^AG

CURRENT MESSAGE:
@AmazonHelp I frankly don't have the patience for another chat with your ""customer service"" people today.",
624,Customer,AmazonHelp,Support inquiry,"@AmazonHelp Okay, danke für die Info","CONVERSATION HISTORY:
Customer: @115825 also, beim Addams Family-Film in Prime sind Bild und Ton nicht wirklich synchron. Wie kommt's?
Agent: @115824 Hi, wir erhalten die Filme/Serien so vom jeweiligen Studio. Gebe ich aber direkt als Feedback dorthin weiter. Gruß ^JS

CURRENT MESSAGE:
@AmazonHelp Okay, danke für die Info",
630,Customer,AmazonHelp,Support inquiry,@AmazonHelp @115826 Yeah this is crazy we’re less than a wee,"CONVERSATION HISTORY:
Customer: PLAYERUNKNOWN'S BATTLEGROUNDS is now available for preorder on Xbox One consoles - https://t.co/bqLHcBDqAb https://t.co/muLIqeHq0o
Customer: @115828 How about you guys figure out my Xbox One X project Scorpio edition first. No expected delivery or shipping date and it’s only a week away
Agent: @115826 I'm sorry for the wait. You'll receive an email as soon as we have an estimated delivery date. ^FJ

CURRENT MESSAGE:
@AmazonHelp @115826 Yeah this is crazy we’re less than a week away and still no Shipping Information on something that we Pre-ordered back in August",
643,Customer,AmazonHelp,Support inquiry,@AmazonHelp Hi ready for some help,"CONVERSATION HISTORY:
Customer: Bought an @115821 Echo Show and it won’t recognize a single @AmazonHelp account in our household. WTF, guys?
Agent: @115834 Oh no, I'm sorry for the issues! For troubleshooting, please check out our Echo Help pages here: https://t.co/a31c4ynHES ^SG
Customer: @AmazonHelp Nothing there helped me with the Echo Show
Customer: @AmazonHelp Is the Echo Show no longer supported?
Agent: @115834 The Echo Show is supported, please reach us for some live troubleshooting at your convenience: https://t.co/hApLpMlfHN ^DW

CURRENT MESSAGE:
@AmazonHelp Hi ready for some help",
646,Customer,AmazonHelp,Support inquiry,@AmazonHelp That page is useless - doesn’t allow me to state,"CONVERSATION HISTORY:
Customer: .@AmazonHelp Item has not been delivered but tracking says it was handed to me over an hour ago... 2nd time this has happened. Sort it out https://t.co/42W82GcARk
Agent: @115835 I'm so sorry you didn't receive your parcel! We'd like a chance to look into this with you here: https://t.co/JzP7hlA23B ^SY

CURRENT MESSAGE:
@AmazonHelp That page is useless - doesn’t allow me to state it hasn’t been delivered; only tells me it has! How can you sort this out?",
652,Customer,AmazonHelp,Support inquiry,@AmazonHelp Already started the return. UPS gets it from my ,"CONVERSATION HISTORY:
Customer: @AmazonHelp Is it possible to prevent AMZL from delivering my packages moving forward? Stuff is either lost/stolen/broken EVERY time.
Agent: @115838 Oh no! We want to hear more about your experience with AMZL. Please provide your feedback here: https://t.co/hApLpMlfHN ^SH
Customer: @AmazonHelp I don't want a form to fill out that logs a response no one reads. I want to prevent AMZL from touching my stuff. Possible, or no?
Agent: @115838 Is there a current order you're having difficulties with? Please let us know, we'd like to help! ^KL

CURRENT MESSAGE:
@AmazonHelp Already started the return. UPS gets it from my doorstep tomorrow. Order 111-5014070-4118645",
659,Customer,AmazonHelp,Support inquiry,"@AmazonHelp Already handled, just venting. It was a pretty b","CONVERSATION HISTORY:
Customer: @115821, it’d be nice if the book I waited 4 months for wasn’t damaged inside of an undented box. #twinpeaks #twin… https://t.co/Lac4K7iQzJ https://t.co/JroqJKrH9Q
Agent: @115839 I'm sorry your book arrived this way! You can find replacement/refund options here: https://t.co/zRrkpVcaDF ^VS

CURRENT MESSAGE:
@AmazonHelp Already handled, just venting. It was a pretty big bummer.",
672,Customer,AmazonHelp,Support inquiry,@AmazonHelp I just said it's been sorted! I've been refunded,"CONVERSATION HISTORY:
Customer: I'm NEVER using Amazon again! After waiting in all day as item is ""out for delivery"", they've only gone and sent it to the WRONG COUNTRY!
Customer: @115844 WHAT IN THE WORLD?!
Customer: @115845 They sent the feckin' order to Germany! Some dozy driver is looking for an address in the wrong country! I'm so done with Amazon!
Agent: @115844 Oh my! I'm sorry for the troubles! Contact us by Phone or Chat: https://t.co/JzP7hlA23B &amp; we'll be glad to help! ^FR

CURRENT MESSAGE:
@AmazonHelp I just said it's been sorted! I've been refunded! I'm just not impressed with the service any more.",
690,Customer,AmazonHelp,Support inquiry,@AmazonHelp Details sent. Please check.,"CONVERSATION HISTORY:
Customer: @115850 @115821 @AmazonHelp @115851 Order# 3632693-6196346. You couldn't deliver EVEN AFTER A MONTH. You should be ashamed of yourself.
Agent: @115849 Please report this to our support team here: https://t.co/TdDksLo6Mf and we'll look into this. 2/2 ^HD
Customer: @AmazonHelp Already contacted 3-4 times in the last month. But all I got was assurance that matter is escalated &amp; new status will be provided in 1 day!
Agent: @115849 Please share your details here:https://t.co/GIJyeYqKE0 and I'll get back to you. 2/2 ^HD

CURRENT MESSAGE:
@AmazonHelp Details sent. Please check.",
700,Customer,AppleSupport,Support inquiry,@AppleSupport The newest update. I️ made sure to download it,"CONVERSATION HISTORY:
Customer: @AppleSupport why are my I️’s changing not showing up correctly on any of my social media platforms? https://t.co/GyRvpyVnkE
Customer: @AppleSupport  https://t.co/NV0yucs0lB
Agent: @115854 We're here for you. Which version of the iOS are you running? Check from Settings &gt; General &gt; About.

CURRENT MESSAGE:
@AppleSupport The newest update. I️ made sure to download it yesterday.",
711,Customer,AppleSupport,Support inquiry,@AppleSupport Tried resetting my settings .. restarting my p,"CONVERSATION HISTORY:
Customer: What is up with this “ I️ “
Customer: Why are my I’s question marks ?
Customer: @AppleSupport I️ need answers because it’s annoying 🙃
Agent: @115855 We'd like to look into this with you. Which model do you have and is iOS 11.1 installed? Any steps tried so far?
Customer: @AppleSupport I️ have an iPhone 7 Plus and yes I️ do
Agent: @115855 That's great it has iOS 11.1 as we can rule out being outdated. Any steps tried since this started? Do you recall when it started?
Customer: @AppleSupport This is what it looks like https://t.co/XCQU2l4xUB
Agent: @115855 Any steps tried since it started last night?

CURRENT MESSAGE:
@AppleSupport Tried resetting my settings .. restarting my phone .. all that",
719,Customer,AppleSupport,Support inquiry,@AppleSupport This is what is happening... https://t.co/X3SZ,"CONVERSATION HISTORY:
Customer: Tf is wrong with my keyboard @115858
Agent: @115857 Fill us in on what is happening, then we can help out from there.

CURRENT MESSAGE:
@AppleSupport This is what is happening... https://t.co/X3SZSJXfAT",
723,Customer,AppleSupport,Support inquiry,@AppleSupport are the call centres closed for the night?,"CONVERSATION HISTORY:
Customer: @115858 @AppleSupport hello are all the lines closed for tonight #help
Agent: @115859 What's going on? We're hapy to help if we can. https://t.co/GDrqU22YpT

CURRENT MESSAGE:
@AppleSupport are the call centres closed for the night?",
730,Customer,AppleSupport,Support inquiry,@115861 @115862 @AppleSupport I️ upgraded. I️t didn’t work.,"CONVERSATION HISTORY:
Customer: Hello, internet. Can someone explain why this symbol keeps appearing on my phone and when I️ try to type the letter I️? Also @AppleSupport https://t.co/QKwvTLtiN7
Agent: @115861 You're in the right place; we'll do all we can to help. To start, let us know what iOS version is installed via DM: https://t.co/GDrqU22YpT
Customer: @AppleSupport @115861 We’re going to need you to share the answers Angela. I️ can’t stand this!
Customer: @115862 @AppleSupport I will!

CURRENT MESSAGE:
@115861 @115862 @AppleSupport I️ upgraded. I️t didn’t work.",
736,Customer,AppleSupport,Support inquiry,@AppleSupport I have the iPhone 6s Plus and just did the mos,"CONVERSATION HISTORY:
Customer: Thank you @AppleSupport I updated my phone and now it is even slower and barely works. Thank you for ruining my phone.😤
Agent: @115864 We'd like to help, but we'll need more details. What's happening on your device and which model is it? Do you have iOS 11.1?

CURRENT MESSAGE:
@AppleSupport I have the iPhone 6s Plus and just did the most recent update.",
747,Customer,AppleSupport,Support inquiry,@AppleSupport Okey. Thank you! 🤗,"CONVERSATION HISTORY:
Customer: Hola @AppleSupport necesito urgente la actualización de software. La batería me dura literal medio día 🙍🏼🙇🏼‍♀️
Agent: @115865 We offer support via Twitter in English. Get help in Spanish here: https://t.co/IBIY3vMgPj or join https://t.co/OczyRx7IOs
Customer: @AppleSupport I need the software update urgently. The battery lasts literally half a day 🙍🏼🙁@AppleSupport
Agent: @115865 Hi there! What type of device are we working with?
Customer: @AppleSupport iPhone 7 Plus 😊
Agent: @115865 Thanks! Which iOS version is currently showing in Settings &gt; General &gt; About?
Customer: @AppleSupport iOS 11.0.3
Agent: @115865 Let's check Settings &gt; General &gt; Software Update. iOS 11.1 was released earlier today. If you see it, please backup &amp; update.

CURRENT MESSAGE:
@AppleSupport Okey. Thank you! 🤗",
756,Customer,AppleSupport,Support inquiry,"@AppleSupport Yes it did, 11.0.3","CONVERSATION HISTORY:
Customer: MY HOME BUTTON DOESN’T WORK #IOS11 @AppleSupport
Agent: @115868 Let us help with your Home button. Did this issue start right after iOS 11? Which version of iOS 11 are you running?

CURRENT MESSAGE:
@AppleSupport Yes it did, 11.0.3",
765,Customer,AppleSupport,Support inquiry,@AppleSupport I can not find an option to get it there. It w,"CONVERSATION HISTORY:
Customer: After update #ios1103 no spotify on my lock screen?@AppleSupport
Agent: @115870 Thanks for reaching out to us. Are you experiencing the missing app after restating your device?
Customer: @AppleSupport The app is still there. But no longer able to control it from the lockscreen.
Agent: @115870 Just to confirm, this is only happening with Spotify, correct?

CURRENT MESSAGE:
@AppleSupport I can not find an option to get it there. It was just always there when playing.",
782,Customer,Uber_Support,Support inquiry,@Uber_Support @115879 wouldn't do this to me 😔,"CONVERSATION HISTORY:
Customer: Literally stranded because of @115873 and because there is no support phone number I have to wait from a message from @Uber_Support Smh 🤦🏾‍♂️
Agent: @115878 We're sorry to hear this was your experience. Can you send us a DM with your email address so we can connect?
Customer: @Uber_Support Why is there no phone number ?? I'm literally stranded and now I have to wait for an automated reply this is ridiculous
Agent: @115878 We have received your DM and will follow up with you there.

CURRENT MESSAGE:
@Uber_Support @115879 wouldn't do this to me 😔",
789,Customer,Tesco,Support inquiry,"@Tesco Tall lady 6ft, slim, was on the till about 15:10, thi","CONVERSATION HISTORY:
Customer: @Tesco 3/3 on the wrong which I really don’t appreciate. This needs to be investigate and I was simply queuing to pay and the guy pushed in😡
Agent: @115881 Hi Cade, what was my colleagues name? Can you give a description? When were you in our store? - Nick

CURRENT MESSAGE:
@Tesco Tall lady 6ft, slim, was on the till about 15:10, think she had blonde hair. She served the guy after knowing he didn’t queue up like others",
792,Customer,Delta,Support inquiry,@Delta I checked daily and flight 1403 was never offered as ,"CONVERSATION HISTORY:
Customer: @Delta why wasn't earlier flight offered when I tried to rebook, not cool at all. Just happened to look at moniter after deplaning.
Agent: @115882 I'm sorry. The earlier flight may not have been available at the time of your scheduled change. *TMT

CURRENT MESSAGE:
@Delta I checked daily and flight 1403 was never offered as an option as I most certainly would have made the adjust on my trip.",
801,Customer,Delta,Support inquiry,@Delta Just DM'd you with a screenshot and explanation.  😊,"CONVERSATION HISTORY:
Customer: @Delta The ""change flight"" search option on your website is broken once again.  😑
Agent: @115883 I sincerely apologize, our IT team is diligently working on it, we should have it up and working very soon.  *TMC
Customer: @Delta It seems this technical issue still hasn't Ben fixed.   Can you look into it again?  🙆🏼‍♂️
Agent: @115883 Please share additional details about the nature of this technical issue.  *AFC
Customer: @Delta Via DM?
Agent: @115883 Please do.  *AFC https://t.co/6iDGBJAc2m

CURRENT MESSAGE:
@Delta Just DM'd you with a screenshot and explanation.  😊",
814,Customer,Delta,Support inquiry,@Delta Is that not what I’ve done already?,"CONVERSATION HISTORY:
Customer: @Delta I'm flying JFK-MEX-MID tomorrow and you say I'm booked in, but it looks like it's just the first leg. Can you check, please?
Agent: @115885 Hi, Richard. Can you pls DM your confirmation number so I may look into this matter for you? Thanks! *TJF https://t.co/6iDGBJAc2m
Customer: @Delta Hi - and thanks. Think I just figured this out. Would it be you’re not running the MEX-MID flight so I need to check in via AeroMexico?
Customer: @Delta Actually, I just looked again and they disagree and say it's on you. Any idea what I should do? https://t.co/twIogKd3Kx
Agent: @115885 Hello, Richard! Please DM your confirmation# and I will try to assist. *TCC
Customer: @Delta I did this some time ago now but haven’t heard from you...
Agent: @115885 2/2 https://t.co/6iDGBJAc2m

CURRENT MESSAGE:
@Delta Is that not what I’ve done already?",
817,Customer,Delta,Support inquiry,"@Delta OK it was not a full flight, #equipment change had no","CONVERSATION HISTORY:
Customer: @delta #delta moves you to #dm the moment you have a #complaint with no results. Just got some #bs #answers but no real reason why they changed our #seating!
Agent: @115886 We sincerely apologize for your disappointment. We always strive to create a positive customer experience. *AJC
Customer: @Delta #Again #nothing #bs #no #answers
Agent: @115886 Hi Caesar, can you DM your confirmation # to the link provided? I will be glad to look into this for you.   *TBT https://t.co/6iDGBJAc2m
Customer: @Delta Same again! #equipment #change #no #guaranteed #seats #apologies I’ll DM you if you can give me a #real #answer and no #standard #bs #answers
Agent: @115886 I would be glad to look into this for you.  *TBT

CURRENT MESSAGE:
@Delta OK it was not a full flight, #equipment change had nothing to do with comfort class, no #disabilities (and a handling agent telling #customer #care would take care of us) So please non of these as an excuse! I’ll retwitter your reply! Thanks",
855,Customer,SpotifyCares,Support inquiry,@SpotifyCares doesn’t work and i even tried deleting the app,"CONVERSATION HISTORY:
Customer: i’m pissed my @115888 shuffle and repeat button just don’t fucking work and i’m getting frustrated
Agent: @115887 Hey! What device, operating system, and Spotify version are you using? We'll see what we can suggest /CB
Customer: @SpotifyCares iphone 7+ and i have the most recent update for spotify
Agent: @115887 Thanks. Just to be sure, are you Free or Premium? Also, can you give us more info on what happens when you try using it? /CB
Customer: @SpotifyCares Premium &amp; when i️ have it on shuffle it turns off when the song is done and just plays in order and the repeat lights up but doesn’t repeat
Agent: @115887 Hmm. Can you try restarting your device by holding the Sleep/Wake + Volume Down buttons for 10 seconds? Keep us posted /LS

CURRENT MESSAGE:
@SpotifyCares doesn’t work and i even tried deleting the app",
862,Customer,SpotifyCares,Support inquiry,"@SpotifyCares Yes, multiple times. No changes. I am Premium ","CONVERSATION HISTORY:
Customer: @SpotifyCares @115890 Groove Music quits &amp; redirect to Spotify. But the W10M App is a bugfest.. Any further Updates possible?
Agent: @115889 Hey there! That doesn't sound good. What's happening exactly? Can you let us know the app version you're using? /PB
Customer: @SpotifyCares 2/2... and there is no way to manage Albums (recently added e.g.) in the App. It's a mess 😲 https://t.co/RlWuqllt8S
Agent: @115889 Got it. It's not possible at the moment, but we'll pass on the the suggestion. Could you try reinstalling the app? /PB

CURRENT MESSAGE:
@SpotifyCares Yes, multiple times. No changes. I am Premium User an when @115890  send us users to Spotify there should be a bugfree running App 🤨",
866,Customer,SpotifyCares,Support inquiry,@SpotifyCares ok thx,"CONVERSATION HISTORY:
Customer: is there a way to find non-explicit songs that are explicit @SpotifyCares
Agent: @115891 Hey Mikey! We're afraid there's no way to filter or search that way, but we'll pass that suggestion on to the relevant folks /GS

CURRENT MESSAGE:
@SpotifyCares ok thx",
872,Customer,British_Airways,Support inquiry,"@British_Airways Sure, how much would an upgrade cost, out o","CONVERSATION HISTORY:
Customer: Hi @British_Airways! My flight from MAN--LHR--BWI for Nov. 3 was canceled. I was excited to try your Club 787 product. Only available flight is now to IAD which is a hassle, but rebooked anyway--my only option! Any availability in first class on BA293 for the troubles please?
Agent: @115892 caused. We're unable to offer a complimentary upgrade, however we can quote an upgrade if you would like us to? ^Jane 2/2

CURRENT MESSAGE:
@British_Airways Sure, how much would an upgrade cost, out of curiosity?",
969,Customer,British_Airways,Support inquiry,@British_Airways https://t.co/NM3ZczuH2W here's the news art,"CONVERSATION HISTORY:
Customer: @British_Airways runway is under maintenance at Delhi from 7 nov. flights have been cancelled. Wanted to know status of BA0257, lhr-del 7nov
Agent: @115896 Hi Sreejit, we have no info about this as yet. Please keep an eye online as this will be updated as soon as we know. ^Helen

CURRENT MESSAGE:
@British_Airways https://t.co/NM3ZczuH2W here's the news article in case you guys need it. If you have any updates in the future, do share. Thanks.",
989,Customer,comcastcares,Support inquiry,@comcastcares Thanks for your reply but that's why I said Up,"CONVERSATION HISTORY:
Customer: Why does @115900 record programs on my DVR from channels I don't subscribe to? Blank recordings. I don't have NBA LP! #UpgradeYourSoftware! https://t.co/0ir2a2rSt1
Agent: @115901 Hello, have you checked your scheduled menu? You may have a series recording scheduled. - Matt
Customer: @comcastcares Phoenix Suns are on auto record. NBA Team Channel 752 trying to record tonight. I only want regular broadcast games recorded like TiVo does.
Agent: @115901 If you set a recording for a sports team it will try to record it on any available network. - Matt

CURRENT MESSAGE:
@comcastcares Thanks for your reply but that's why I said Update your Software. If  @115902 knows not to record on an unavailable channel, it's software.",
1000,Customer,AmericanAir,Support inquiry,@AmericanAir Erica on the lax team is amazing give her a rai,"CONVERSATION HISTORY:
Customer: @AmericanAir have a flight at 330pm (45mins) I’m almost to Lax. I’m legally blind and didn’t know where to let you know I need assistance.
Customer: @AmericanAir Could you have someone on your lax team available to guide me to my gate ASAP
Agent: @115904 Our apologies for the delay in responding to you. Have you made it to LAX? Let us know if you still need assistance.

CURRENT MESSAGE:
@AmericanAir Erica on the lax team is amazing give her a raise ty",
1005,Customer,AmericanAir,Support inquiry,"@AmericanAir Right, but I earned those. I also shouldn’t hav","CONVERSATION HISTORY:
Customer: I’m sorry, what? It’s going to COST me $50 to transfer 4,000 AA Advantage points to my spouse? @AmericanAir this is ridiculous!!
Agent: @115906 This is a great option for customers who want to share miles and it's cheaper than having to purchase them.

CURRENT MESSAGE:
@AmericanAir Right, but I earned those. I also shouldn’t have to pay to pass them to my own spouse. You need to change your program.",
1174,Customer,TMobileHelp,Support inquiry,@TMobileHelp  https://t.co/tznFggbx3Y,"CONVERSATION HISTORY:
Customer: @TMobileHelp @1247 The @10568 code is not working when applied at checkout. Can you please look into this? https://t.co/SJvM7AW24t
Agent: @115918 We want this to work perfectly! Do you have at least 10 photos selected? If not, add another and try. DM w/ any questions! *ChrisBradstreet
Customer: @TMobileHelp Got it. One of them resized to 4x4. So instead of alerting me it just wouldn't take the coupon code. I resized it and it worked. Thanks.
Agent: @115918 You are welcome and thanks for letting us know. If you need anything else we are here for you. #HappyTMobileTuesday *KennethStone
Customer: @TMobileHelp @115918 OK maybe my problem too let me try that resizing.
Agent: @115917 We want to help you with this great #TMobileTuesday deal! Shoot me a DM here https://t.co/jAb1JkOMRy  *AngieShaw

CURRENT MESSAGE:
@TMobileHelp  https://t.co/tznFggbx3Y",
1207,Customer,VirginTrains,Support inquiry,@VirginTrains What are your targets for next season? I see y,"CONVERSATION HISTORY:
Customer: @VirginTrains For at least the third time this year, I will miss the meeting I especially took the train for in the first place. So often late. No refund because it ""doesn't qualify"". Next season = car.
Agent: @115923 Hi Andy, really sorry to hear this. Which service are you travelling on please? ^HP
Customer: @VirginTrains The 06:20 from Euston. Now I'm here waiting on the 19:00 from B'ham int. Also late.
Agent: @115923 Sadly the service has been delayed due to a fault on the line ^CB
Customer: @VirginTrains Always some supposedly acceptable reason, yes I get that, but when one uses the trains every week and spends a lot of money, for it to be late regularly is just not acceptable.
Agent: @115923 I understand the frustration this causes, Andy ^CB
Customer: @VirginTrains Oh, that's nice. What are you doing about it? What are you targets next year?
Agent: @115923 These delays are out of our control, but we do work with Network Rail to try and reduce any problems ^CB

CURRENT MESSAGE:
@VirginTrains What are your targets for next season? I see your prices go up, so I assume you've set performance targets reflective of that.",
1223,Customer,SouthwestAir,Support inquiry,@SouthwestAir Its working again,"CONVERSATION HISTORY:
Customer: @SouthwestAir is down on the my account page 😑😑
Agent: @115929 Hm, we haven't had any reported errors lately. Have you tried accessing your RR account via a different browser? ^MA
Customer: @SouthwestAir consider this your 1st reported error
Agent: @115929 Please DM us a picture of the error you're receiving. ^MA

CURRENT MESSAGE:
@SouthwestAir Its working again",
1226,Customer,AskeBay,Support inquiry,@AskeBay sure will do. Getting refunded by the sellers in th,"CONVERSATION HISTORY:
Customer: Change your @115931 password and turn on two-step verification or else you, too, may receive a paypal receipt for a van reversing camera with a random delivery address in Walthamstow.
Agent: @115930 Hi Simon! I’m sorry to hear this! Sounds like your account may have been compromised. I strongly advise you to contact our security teams &gt; https://t.co/hV7XdVcjA7 if you haven’t already done so, to make sure you do to ensure your account is fully secured. ^GR

CURRENT MESSAGE:
@AskeBay sure will do. Getting refunded by the sellers in the meantime.",
1239,Customer,SouthwestAir,Support inquiry,"@SouthwestAir Me to! I'm super excited, get to try this enti","CONVERSATION HISTORY:
Customer: @SouthwestAir helped me out to try to get through to my flight when my @AmericanAir didn't and my flight was with AA. Wow. Loss for words
Agent: @115933 Just 'cause you're not traveling with us doesn't mean we can't be there for you Heather! Glad we could help, and have a great weekend! ^SO
Customer: @SouthwestAir You guys helped me so much trying to get me on a flight that was not even through yours, amazing company, amazing people, thank you so much💕
Agent: @115933 We're a Customer Service Company that just happens to also fly airplanes, Heather. Thanks for sharing the love! ^NA
Customer: @SouthwestAir You guys are amazing, seriously thank you from the bottom of my heart!
Agent: @115933 We hope to see you onboard soon! ^MS
Customer: @SouthwestAir You'll be seeing me at the end of this month for the concert I missed my flight for because of American Airlines, thank you again guys 💕
Agent: @115933 We've got the date circled on our calendar! Counting down the minutes until we can welcome you onboard. ^SL

CURRENT MESSAGE:
@SouthwestAir Me to! I'm super excited, get to try this entire trip all over again, and at least this time I know I'll have the best time due to y'all ☺️",
1249,Customer,AskeBay,Support inquiry,@AskeBay Thanks!!,"CONVERSATION HISTORY:
Customer: @AskeBay need assistance. Bought item, due to be delivered Saturday. Never received item, despite being marked as delivered. No response from seller, delivery services cannot assist with lost/missing package. Please advise.
Agent: @115938 Hi there. Sorry to hear the item has not arrived. Is there tracking for the item? If not, I'd advise opening an item not received claim. You can learn more about that here&gt; https://t.co/0toc8cKSB0. Any other questions, let us know. ^SG
Customer: @AskeBay The item has been marked as delivered, and the system would not let me contact ebay customer service directly. It was not sellers fault, it was mismanaged somewhere between shipment and delivery. Still file a claim?
Customer: @AskeBay Need to contact customer service directly. Please DM contact email for customer service
Agent: @115938 As the seller is responsible for the courier, they can claim for lost items from the courier. You still have to open a claim through eBay to be protected. Please follow the previous steps. We cant outbound DM. You can DM us if you have any other questions. ^SG
Customer: @AskeBay Ok, thank you for your help, I'll do that.
Agent: @115938 You're more than welcome. Any other questions, please dont hesitate to ask. Thanks ^SG
Customer: @AskeBay I have further questions about my eBay transaction- I DM'ed to explain, thanks
Agent: @115938 Just responded a moment ago - thanks for your patience! ^TL

CURRENT MESSAGE:
@AskeBay Thanks!!",
1260,Customer,hulu_support,Support inquiry,@hulu_support Thanks,"CONVERSATION HISTORY:
Customer: @hulu_support   @115940 my wife and I hate the new  interface.    Enjoy the content but getting their is a horrible experience
Agent: @115939 Oh no! Any aspect about navigation that you find difficult? For now, the following guide may help: https://t.co/zS2PPOcsyE.
Customer: @hulu_support Getting to the lists of episodes.  It’s not difficult.  Just way more annoying.  Plus you can’t see as many choices on screen at once.
Agent: @115939 Apologies for the difficulties! That was definitely not our intention. We'll absolutely pass on your feedback to our developers.

CURRENT MESSAGE:
@hulu_support Thanks",
1272,Customer,hulu_support,Support inquiry,@115943 @hulu_support Yep. This,"CONVERSATION HISTORY:
Customer: I feel it’s important to remind @115940 that its new interface has made watching what you want to watch nearly impossible. Zero stars.
Customer: @115942 @115940 It's....very challenging.
Customer: @115944 @115940 Yep. Challenging. Frustrating. Things you don’t need when you’re just trying to watch Bob’s Burgers.
Agent: @115942 We're sorry to hear this, Heather! Anything in particular about the new app that you find frustrating? We're here to help.
Customer: @hulu_support It’s not intuitive. Takes me too long to find the episode I want instead of the episode presented to me.
Agent: @115942 If browsing from Home, press the option for more details &gt; go to the show page &gt; use the Episodes tab to browse/pick an ep.
Customer: @hulu_support @115942 I think we understand HOW it works, it's just frustrating that it USED to be much more user-friendly before this update.

CURRENT MESSAGE:
@115943 @hulu_support Yep. This",
1275,Customer,hulu_support,Support inquiry,@hulu_support Sounds like generic #yourenotgonnafixit replh,"CONVERSATION HISTORY:
Customer: Love @115940 but lost home internet&amp; just learned can’t Mirror Hulu on iPad hdmi adapter. Wanted to get Hulu live. Guess I’ll have to cancel all of Hulu &amp; look at @115946 or something like that 😢 why #Hulu why???
Agent: @115945 We'd hate to see you go! HDMI mirroring isn't supported at this time, but we'll be sure to share the interest in this w/our team

CURRENT MESSAGE:
@hulu_support Sounds like generic #yourenotgonnafixit replh",
1283,Customer,GWRHelp,Support inquiry,@GWRHelp Do u expect people to travel with a compass???,"CONVERSATION HISTORY:
Customer: @GWRHelp boarding the 22:45 from pad to swindon. Where in reading do I have to go for the bus?dont usually find staff to help!!!
Agent: @115949 Hi there. Buses depart from the northern interchange at Reading. Phil.

CURRENT MESSAGE:
@GWRHelp Do u expect people to travel with a compass???",
1293,Customer,sprintcare,Support inquiry,@sprintcare I sent it twice now to apparently noone!,"CONVERSATION HISTORY:
Customer: @115714 @sprintcare how can I get in touch with someone that matters at Spring Corporate
Agent: @115712 Just click ‘Message’ at the top of your profile. We're always here and eager to assist.
Customer: @sprintcare I've sent several private messages!!! and no one responds!
Agent: @115712 Do you have a good contact number where you can be reached?

CURRENT MESSAGE:
@sprintcare I sent it twice now to apparently noone!",
1321,Customer,Ask_Spectrum,Support inquiry,@Ask_Spectrum You don’t follow me so I can’t never mind we’l,"CONVERSATION HISTORY:
Customer: @Ask_Spectrum having trouble with a cable box, can you help?
Agent: @115956 My apologies for any issues you're currently having. I'd be happy to help anyway we can. Please DM your service p... https://t.co/pcCWPPfuNu
Customer: @Ask_Spectrum Will be happy to discuss my problem in DM but not thru link you sent
Agent: @115956 OK. Please send a DM regarding this matter when you can. ^RR

CURRENT MESSAGE:
@Ask_Spectrum You don’t follow me so I can’t never mind we’ll call but gotta say @11 was great, jury still out on @12",
1336,Customer,ChipotleTweets,Support inquiry,"@ChipotleTweets We got two burritos, chips and queso. 👍🏼","CONVERSATION HISTORY:
Customer: Getting that 3 buck burrito from @ChipotleTweets is becoming a tradition on Halloween #thebest
Agent: @115961 The absolute best. What are you going to order? -Becky

CURRENT MESSAGE:
@ChipotleTweets We got two burritos, chips and queso. 👍🏼",
1361,Customer,ChipotleTweets,Support inquiry,"@ChipotleTweets I'm not frustrated, just sad. But thanks for","CONVERSATION HISTORY:
Customer: Hey @ChipotleTweets why don't you have chorizo anymore it was the best thing on the menu
Agent: @115969 It was my favorite, too. My apologies for any frustration. -Becky

CURRENT MESSAGE:
@ChipotleTweets I'm not frustrated, just sad. But thanks for the compassion.",
1380,Customer,ChipotleTweets,Support inquiry,@ChipotleTweets Hey! Did things go to plan? Just checking if,"CONVERSATION HISTORY:
Customer: Hey @ChipotleTweets! Any word on when your 532 W. Broadway location in Vancouver will open? Can't wait any more!! #YVRfood #lunchtime
Agent: @115977 If all goes to plan, we should be open on Friday! -Becky
Customer: @ChipotleTweets Woohoo! I'm gonna be first in line. 😄
Agent: @115977 Yeah, buddy! Send us a pic, for sure. -Becky

CURRENT MESSAGE:
@ChipotleTweets Hey! Did things go to plan? Just checking if your W. Broadway location in Vancouver is open today...",
1386,Customer,ChipotleTweets,Support inquiry,"@ChipotleTweets No costume, Becky. No one wanted to be Shrek","CONVERSATION HISTORY:
Customer: I think this is the first time since its birth that I haven’t gone to @ChipotleTweets on Halloween for my annual boorito 😞
Agent: @115978 Oh noooo! Why not this year? -Becky

CURRENT MESSAGE:
@ChipotleTweets No costume, Becky. No one wanted to be Shrek with me. Tis a sad, sad Tuesday☹️",
1394,Customer,ChipotleTweets,Support inquiry,@ChipotleTweets Pray for me Becky,"CONVERSATION HISTORY:
Customer: It's Halloween and my total at @ChipotleTweets was $6.66.....
Agent: @115980 😳 -Becky

CURRENT MESSAGE:
@ChipotleTweets Pray for me Becky",
1418,Customer,ChipotleTweets,Support inquiry,"@ChipotleTweets Thanks, Becky! We were able to go back to Ch","CONVERSATION HISTORY:
Customer: @ChipotleTweets Just got ghosted by Chipotle :( Went in at 3pm and was told we had to wait another hour for #BOOritos! UnBOOlievable.
Agent: @115986 That's definitely unBOOlievable. Please tell us more so we can help: https://t.co/Ax7W1Dx3Y9 -Becky

CURRENT MESSAGE:
@ChipotleTweets Thanks, Becky! We were able to go back to Chipotle at 4pm and got our BOOritos.",
1424,Customer,VerizonSupport,Support inquiry,@VerizonSupport no! it just says amount due $27.04,"CONVERSATION HISTORY:
Customer: Why am I still receiving a bill for oct when I disconnected by account on sept 20th? pls advise &amp; reverse the charges. @115722
Agent: @115988 Does this bill say Final Bill?
^ACM

CURRENT MESSAGE:
@VerizonSupport no! it just says amount due $27.04",
1443,Customer,AskPayPal,Support inquiry,@AskPayPal I am 18,"CONVERSATION HISTORY:
Customer: @AskPayPal i have a serious problem i need help with.
Agent: @115999 I am sorry to hear about this trouble you are running into. Please send me a DM and I can help you further. ^GA
Customer: @AskPayPal I set up a paypal account before i was 18. Fair play, my bad. Was wondering if i could shut down the account so i can restart it now im 18?
Agent: @115999 Sadly we cannot close this account until you are 18, but we can close this account once you are 18 and you can op... https://t.co/hIEXXEzY1f

CURRENT MESSAGE:
@AskPayPal I am 18",
1456,Customer,AskPlayStation,Support inquiry,@AskPlayStation It’s ok I fixed it thanks,"CONVERSATION HISTORY:
Customer: @AskPlayStation My PS4 lets me load up games but then I can’t do anything in them eg Fortnite can’t press X to continue
Customer: @AskPlayStation but out of the games the buttons work solutions?
Agent: @116002 Hi there, Sorry to hear that, Are you getting an error message or an error code, Let us know more details please?

CURRENT MESSAGE:
@AskPlayStation It’s ok I fixed it thanks",
1471,Customer,AskPlayStation,Support inquiry,@AskPlayStation Less a billing issue (I updated the exp date,"CONVERSATION HISTORY:
Customer: @AskPlayStation not sure why my CC in my acct had an incorrect date, but my renewal for ps+ failed. How can I correct this?
Agent: @116007 Sorry to hear that! For billing issues, please follow the steps in the next link: https://t.co/7atHEqJw8n

CURRENT MESSAGE:
@AskPlayStation Less a billing issue (I updated the exp date in acct), more ps+ wasn't able to renew. How do i make sure it stays current/not lose anything?",
1505,Customer,ChaseSupport,Support inquiry,"@ChaseSupport Just got off the phone with them, you guys wer","CONVERSATION HISTORY:
Customer: @ChaseSupport I applied for a credit card and but i was never asked for my apt #, tried calling but couldn't get past your automated system.
Customer: @ChaseSupport I couldn't find an e-mail online. You have my apartment address but not my number, how can I update that to ensure the card gets to me?
Agent: @116018 We would be happy to look into this for you. Could you DM your name and zip code? ^JG https://t.co/znUu1VJn9r
Customer: @ChaseSupport Thanks guys!
Agent: @116018 Aw! It's our pleasure to help. Let us know if we can be of additional assistance. ^JG

CURRENT MESSAGE:
@ChaseSupport Just got off the phone with them, you guys were great!",
1513,Customer,CoxHelp,Support inquiry,@CoxHelp It needs to be fixed. Permanently. Now.,"CONVERSATION HISTORY:
Customer: So @116021 is back fucking me again with my BUSINESS plan internet.

Super cool company.

I don't recommend.
Agent: @116020 I don't want you to feel this way. What's going on? -Colleen

CURRENT MESSAGE:
@CoxHelp It needs to be fixed. Permanently. Now.",
1518,Customer,CoxHelp,Support inquiry,@CoxHelp I just did.,"CONVERSATION HISTORY:
Customer: @CoxHelp Been lookong forward to binge on #StrangerThingsSeason2 just hope we have internet. a lot of outages in the neighborhood lately.
Agent: @116023 Hi Jean-Claude, I hope you do not have any service interruptions. If you need assistance, reach out to us. -Mike

CURRENT MESSAGE:
@CoxHelp I just did.",
1544,Customer,AskeBay,Support inquiry,@AskeBay The delivery company is saying they delivered it to,"CONVERSATION HISTORY:
Customer: @AskeBay what option do I have if I bought something on eBay and wasn't delivered and eBay closed my claim to get the money back?
Agent: @116026 You can always open a claim https://t.co/xlN11csEfc to get the ball rolling on that coverage! ^BB
Customer: @AskeBay I did that they closed my case have I lost £120 pounds now because of eBay theft and eBay does not care
Agent: @116026 Well I would be more than happy to take a look at that claim for you. Could you DM us with more details please? ^BB

CURRENT MESSAGE:
@AskeBay The delivery company is saying they delivered it to my street won't give address the seller is saying she has proof but no one will show me",
1553,Customer,AskeBay,Support inquiry,@AskeBay How do I setup automatic declines? Its not listed i,"CONVERSATION HISTORY:
Customer: @AskeBay can you remove the best offer facility from buy it now items?? I am selling items that I do not wish to offer ‘best offer’
Agent: @116027 This is to help sell your items. Be sure to set up Automatic Decline in your settings so you don't have to see low offers. ^CC

CURRENT MESSAGE:
@AskeBay How do I setup automatic declines? Its not listed in your help centre and I’m struggling to find the settings",
1563,Customer,DropboxSupport,Support inquiry,"@DropboxSupport Please do! “As a user, I would like to hide ","CONVERSATION HISTORY:
Customer: @DropboxSupport How do I remove the suggested contacts in ""Invite people to Paper"" column? I don't have any third party contacts connected.
Agent: @116031 Hi there, currently it isn’t possible to hide the suggestion list, however we can certainly forward this request to our dev team!

CURRENT MESSAGE:
@DropboxSupport Please do! “As a user, I would like to hide irrelevant or old contacts from suggestions, in order to make room for relevant ones.” :)",
1569,Customer,VirginAtlantic,Support inquiry,"@VirginAtlantic 3 times over an hour on the phone, let’s jus","CONVERSATION HISTORY:
Customer: 3rd call to @VirginAtlantic hoping everything is sorted, booked flights for 4 guys and 2 peoples details were incorrect should I be worried?
Agent: @116033 Have you spoken to our team on the phone about this? What were you advised? ^H

CURRENT MESSAGE:
@VirginAtlantic 3 times over an hour on the phone, let’s just hope everything is correct now I’d hate for something to be wrong for a special occasion",
1590,Customer,BofA_Help,Support inquiry,@BofA_Help Anytime after 12noon today or anytime tomorrow,"CONVERSATION HISTORY:
Customer: @116035 the the woman says, were regulated by the government they won't let us help you..She literally just blamed the government
Agent: @116037 I'm sorry to see this and want to see how I can help. I will give you a call at the number you previously sent. ^kt
Customer: @BofA_Help Thank you because I just was beginning to become comfortable with you all, Everything was going great
Agent: @116037 I called and left a message for you. Please return my call at the number provided or DM me when you are available.  ^kl
Customer: @BofA_Help Okay, I'm currently on the middle of something, I will return your call shortly thank you
Agent: @116037 I am sorry I missed your call. Please let me know when you are able to talk about your information. ^kl
Customer: @BofA_Help Whenever your ready
Agent: @116037 We’re here from 8:00 am-9:00 pm ET Monday-Friday and 11:00 am-8:00pm ET Saturday. When is the best time to reach you? ^ra

CURRENT MESSAGE:
@BofA_Help Anytime after 12noon today or anytime tomorrow",
1598,Customer,XboxSupport,Support inquiry,@XboxSupport Connection via Ethernet not possible where he i,"CONVERSATION HISTORY:
Customer: @XboxSupport my brother can't install Forza 7 on his Xbox one, he's already tried a power cycle, what can he do please?
Agent: @116040 Hello! Most of the time connecting via ethernet can help, or restarting the console, router, and download. ^CO

CURRENT MESSAGE:
@XboxSupport Connection via Ethernet not possible where he is, also there's no file to delete &amp; restart as said before he's done a power cycle?",
1626,Customer,AzureSupport,Support inquiry,@AzureSupport Thanks for your help:) I've actually decided t,"CONVERSATION HISTORY:
Customer: @azuresupport #azTechHelp Is there an easy way to transfer files from Azure File Store to Azure Data Lake?
Agent: @116052 Hello! We have some documentation that may help: https://t.co/WvN5SLVlHj Let us know if we can assist further! ^MH

CURRENT MESSAGE:
@AzureSupport Thanks for your help:) I've actually decided to use Azure Blob Storage instead, so I don't have to set up a service principal as a non-admin",
1650,Customer,AskTarget,Support inquiry,@AskTarget Looks like Marketing Team didn't think that was a,"CONVERSATION HISTORY:
Customer: SNES Classic will go up for Redcard members only at Target dot com at 7 AM PT November 1st https://t.co/5O5WXcpky2 https://t.co/hnRuz3CwmX
Customer: @116065 @AskTarget @116062 Can you do something similar for the Crota Funko Pop? This proves that you're capable of letting us know in advance when a limited product will go up for sale. You can still redeem yourselves for that fiasco of a launch. Please don't just randomly throw it up.
Agent: @116064 Great Suggestion! We have shared your comments with our Marketing Team for review. Thanks for tweeting us.

CURRENT MESSAGE:
@AskTarget Looks like Marketing Team didn't think that was a good idea. What is the motto for @116062 again? Something like ""lol Fuck Our Customers""?",
1662,Customer,GoDaddyHelp,Support inquiry,@GoDaddyHelp Thank you!,"CONVERSATION HISTORY:
Customer: @116068 I'd appreciate it if you wouldn't sell my personal info to other companies. You had no right and i'll be reporting you to the BBB
Agent: @116067 Hi, that's not something we do. If your domain is public, spammers have access to your contact info. What's the domain? ^KJ
Customer: @GoDaddyHelp https://t.co/qbjuBeYovF
Agent: @116067 Thanks. It looks like that domain isn't registered with us, though. Do you have any domains with GoDaddy?^W https://t.co/rYq25s2Pfj
Customer: @GoDaddyHelp Shit wrong one https://t.co/Fdvwd8vT22
Agent: @116067 2/2 Here is an article that explains why that happens: https://t.co/DcHLy9Eiw4 ^Heather

CURRENT MESSAGE:
@GoDaddyHelp Thank you!",
1673,Customer,CenturyLinkHelp,Support inquiry,@CenturyLinkHelp And give your call center people a raise fo,"CONVERSATION HISTORY:
Customer: .@116072 I heard you guys were bad; after an install no-show &amp; 25+ min of being on hold, I'm thinking the rumors were true.
Agent: @116073 I apologize for the poor experience you've had with us. If there is anything that I can help you with, please DM me. -Lexie
Customer: @CenturyLinkHelp Change your hold music from being a 2 min loop for the love of god.

CURRENT MESSAGE:
@CenturyLinkHelp And give your call center people a raise for having to deal w/the nonsense created by your robot system that randomly cancels installations.",
1681,Customer,AskPapaJohns,Support inquiry,@AskPapaJohns I sure can!,"CONVERSATION HISTORY:
Customer: I get that it’s Halloween but this dude at the Canonsburg @116076 is flipping out. Literally screaming. He said he’s the general manager😳
Agent: @116077 We hate to hear this. Can you DM us what happened?

CURRENT MESSAGE:
@AskPapaJohns I sure can!",
1691,Customer,UPSHelp,Support inquiry,"@UPSHelp Nope, I’ve got my package thanks","CONVERSATION HISTORY:
Customer: I legitimately spent an hour trying to deal with USPS cause I had 1 question and they just hung up on me or wasn’t any help, I could have
Customer: Saved my fucking time by just checking my mailbox because sure enough I got the UPS letter saying my package was in oh my gOD
Agent: @116080 Is there something that we can assist you with? DM our team ^WS https://t.co/wKJHDXWGRQ

CURRENT MESSAGE:
@UPSHelp Nope, I’ve got my package thanks",
1695,Customer,AmazonHelp,Support inquiry,@AmazonHelp but I can’t find the options to cancel or re-ord,"CONVERSATION HISTORY:
Customer: @115821 my order hasn’t arrived (it was due 14th October). Can you help?
Agent: @116081 Hey Georgia! Sorry you haven't received your package. We'd love to help! What does the current tracking say on your order? ^AJ

CURRENT MESSAGE:
@AmazonHelp but I can’t find the options to cancel or re-order?",
1699,Customer,AmazonHelp,Support inquiry,@AmazonHelp You have to log in. I don't remember the email a,"CONVERSATION HISTORY:
Customer: @AmazonHelp I called customer service and was told my membership wouldn't be renewed. I was just charged today. How do I get a refund? https://t.co/SeoQUsA0VA
Agent: @116082 Canceling your Prime membership can be done here:https://t.co/MlOxxuNX7N. You'll be shown your estimated refund there. ^SK
Customer: @AmazonHelp Thats the thing I told customer service. I created a new email address for the Prime trial and forgot it. What can I do so I'm not charged?
Agent: @116082 Hey Corey! Even on the new account you made you can turn of the auto renew through the same link ^SK posted for you. ^AJ

CURRENT MESSAGE:
@AmazonHelp You have to log in. I don't remember the email address I used. Can you look up the account by my bank information?",
1708,Customer,AmazonHelp,Support inquiry,@AmazonHelp I have tried. It’s not allowing me to access my ,"CONVERSATION HISTORY:
Customer: @115821 being charged for amazon prime &amp; when I go to cancel it, it’s saying I’m not a member😠😠😠
Agent: @116083 Hmm... We'd like to take a better look at this with you. Please reach us via phone/chat here: https://t.co/JzP7hlA23B ^KP

CURRENT MESSAGE:
@AmazonHelp I have tried. It’s not allowing me to access my account to cancel my membership, I haven’t even used prime in almost 3 months.",
1718,Customer,AmazonHelp,Support inquiry,"@AmazonHelp My package just got here. All good, thank you!","CONVERSATION HISTORY:
Customer: I ordered some parts of my costume late, but my amazon has a map of the driver and they're like, 6 houses away.
Agent: @116087 I'm sorry for the long wait; what is your current order status showing when you review it: https://t.co/Y5jpI9gRhE? ^WM

CURRENT MESSAGE:
@AmazonHelp My package just got here. All good, thank you!",
1733,Customer,AmazonHelp,Support inquiry,@AmazonHelp @116089 is this real? They’re offering preorder ,"CONVERSATION HISTORY:
Customer: @116090 I signed up for Prime so I could preorder Battlefront II and get all the bonuses and now cust service is saying I won’t get bonus
Customer: @116090 Saying I preordered to early, terrible customer service. Won’t renew prime if this isn’t fixed.
Agent: @116088 I'm sorry for the frustration, Anthony! Can you tell me more about which pre-order bonuses are missing? ^EA
Customer: @AmazonHelp Never got the beta and now I’m being told I won’t get ANY of the other stuff. Including Last Jedi content and or bonus classes. Anything! :(
Agent: @116088 We'd like to see what we can do to help. What date did you place the order on, and which version did you order? ^MB
Customer: @AmazonHelp Deluxe edition on September 16th. It definitely had the pre orders on the profile because that’s why I ordered. Also why I paid for Prime..
Agent: @116088 Could you link us to the page of the item on our website? This will allow us to take a closer look at all options. ^VB
Customer: @AmazonHelp Star Wars Battlefront 2 Elite Trooper Deluxe Edition Playstation 4 https://t.co/6K7WdDcY2P preorder info is in description. Thanks for help
Agent: @116088 Thanks for the link. We are not a participating retailer to receive the bonus content. Details: https://t.co/hJIrBtSMrl ^BE
Customer: @AmazonHelp But your website is offering pre order content.... so it’s just a lie?
Customer: @AmazonHelp It’s literally in the description of the item... “Players who pre-order Star Wars Battlefront...”

CURRENT MESSAGE:
@AmazonHelp @116089 is this real? They’re offering preorder bonuses but don’t actually give them out?",
1736,Customer,AmazonHelp,Support inquiry,@AmazonHelp Already have and the assistance I received was a,"CONVERSATION HISTORY:
Customer: Two fake items in one day. Time to cancel my Amazon Prime membership. @AmazonHelp
Agent: @116091 Oh no! I'm so sorry to hear this. Was the item sold by Amazon directly or Third-party seller: https://t.co/aaDyEz1VgE. ^LH
Customer: @AmazonHelp Fulfilled by Amazon. It’s quite disturbing you’re selling counterfeit items, and can’t be trusted.
Agent: @116091 We'd like to look into this with you in real time, Bry. When you can, please ring or chat in with us: https://t.co/JzP7hlA23B ^BL

CURRENT MESSAGE:
@AmazonHelp Already have and the assistance I received was absolutely useless and rude.",
1741,Customer,AmazonHelp,Support inquiry,@AmazonHelp I have. No luck.,"CONVERSATION HISTORY:
Customer: @115821 please spend time &amp; money to fix your app. Constant issues with it.
Agent: @116092 Oh no, Barton! Have you tried uninstalling and re-installing the app? Perhaps a power cycle too? Please let us know. ^KL

CURRENT MESSAGE:
@AmazonHelp I have. No luck.",
1745,Customer,AmazonHelp,Support inquiry,@AmazonHelp It’s not allowing me to update it to register my,"CONVERSATION HISTORY:
Customer: My Kindle not working properly is breaking my heart! 😩💔
Agent: @116093 Oh no! We'd like to help you with this, Kelly! Can you tell us more about what's happening with the Kindle? Thanks!  ^AJ

CURRENT MESSAGE:
@AmazonHelp It’s not allowing me to update it to register my new amazon account. I read I’d have to do so manually. Thx 4 response.",
1753,Customer,AmazonHelp,Support inquiry,@AmazonHelp Yep. I’m going to take it to the MegaAlexa at Wh,"CONVERSATION HISTORY:
Customer: This is the Japanese vampire book I blurbed. Different, touching, and perfectly constructed. https://t.co/lZAfyKtMpe
Customer: @116096 Truly. This is the strangest vampire book I’ve ever received. 😜 cc @43760 @AmazonHelp #misship https://t.co/Zad7Az14Zg
Agent: @116095 I'm sorry you received an incorrect item. Have you checked out our return/replacement options here: https://t.co/FRsodhtXKJ? ^FJ

CURRENT MESSAGE:
@AmazonHelp Yep. I’m going to take it to the MegaAlexa at Whole Foods.",
1759,Customer,AppleSupport,Support inquiry,@AppleSupport I️ just updated it and it’s still coming up ht,"CONVERSATION HISTORY:
Customer: Why is “I️” keep changing to this and how do I️ stop it🤦🏽‍♀️ @115858 @AppleSupport #anybody https://t.co/urzAfSZL5z
Agent: @116098 We definitely understand your concern. Please backup your iPhone, update and let us know the result: https://t.co/ahjigcvFRG

CURRENT MESSAGE:
@AppleSupport I️ just updated it and it’s still coming up https://t.co/22RZsQyTbh",
1764,Customer,AppleSupport,Support inquiry,"@AppleSupport Awesome, thanks","CONVERSATION HISTORY:
Customer: @AppleSupport Hello, I need some help regarding the region change on my Apple ID
Agent: @116100 This article should help with that: https://t.co/usOJWy6ChP
Customer: @AppleSupport Thanks, thing is I still have like 81 cents in credit and won't let me do that until I have zero credit
Agent: @116100 Try contacting our iTunes Store team here for more help: https://t.co/SDIe7UiyJN

CURRENT MESSAGE:
@AppleSupport Awesome, thanks",
1770,Customer,AppleSupport,Support inquiry,"@AppleSupport it has, but not for some time now. i’ve tried ","CONVERSATION HISTORY:
Customer: @AppleSupport why is my home sharing not working and how do i fix it
Agent: @116101 We're happy to help. Has Home Sharing worked with these devices before?

CURRENT MESSAGE:
@AppleSupport it has, but not for some time now. i’ve tried with two different apple ids but it’s still not showing up on my phone",
1779,Customer,AppleSupport,Support inquiry,@AppleSupport @116102 Battery life just got worst.,"CONVERSATION HISTORY:
Customer: @115858 my PHONE app doesn’t work. Thank you for updating my #iPhone to an #ipod
Agent: @116102 We want you to be able to make calls on the iPhone. What exactly is going on with the Phone app?
Customer: @AppleSupport I just get a white screen and nothing loads. After a short time, it just closes/crashes. Thanks for the reply.
Agent: @116102 Which model do you have and is iOS 11.1 installed on it? Any steps tried so far?
Customer: @AppleSupport iPhone 6, yes ios11. Checked for updates, none available. I’ve swiped up to close the app several times and I’ve restarted it 2x
Agent: @116102 To make sure, is iOS 11.1 showing here: Settings &gt; General &gt; About &gt; Version? Please DM us the answer here: https://t.co/GDrqU22YpT

CURRENT MESSAGE:
@AppleSupport @116102 Battery life just got worst.",
1791,Customer,AppleSupport,Support inquiry,@AppleSupport Worked 👌🏽,"CONVERSATION HISTORY:
Customer: why won’t my apps fuccin download or update @AppleSupport
Agent: @116107 Apps are important and we want you to get back to enjoying them. Which model do you have? Is iOS 11.1 installed on it?
Customer: @AppleSupport No I had 11.0.3 but now it says 11.1 update so ima go ahead and do that
Agent: @116107 Please keep us posted afterwards.

CURRENT MESSAGE:
@AppleSupport Worked 👌🏽",
1794,Customer,Uber_Support,Support inquiry,@Uber_Support I did. No response.,"CONVERSATION HISTORY:
Customer: @115873 wtf is this.. every time I try to use the app it gives me this crap https://t.co/sp7kMe0ogA
Agent: @116108 Here to help! Send us a note via https://t.co/xMxswVLBKT so our team can connect.

CURRENT MESSAGE:
@Uber_Support I did. No response.",
1803,Customer,Uber_Support,Support inquiry,@Uber_Support  https://t.co/Fc42zHkmDA,"CONVERSATION HISTORY:
Customer: Bruh can someone at @115873 @Uber_Support get back to me on my Dms 😒😒😒😒
Agent: @116111 Here to help! Send us a note via https://t.co/zJ6aIZinzb so our team can connect.
Customer: @Uber_Support I already dm y'all about 30 mins ago, check it out it is long and detailed.
Agent: @116111 We're currently reviewing your email and will be in touch shortly. We appreciate your patience!

CURRENT MESSAGE:
@Uber_Support  https://t.co/Fc42zHkmDA",
1812,Customer,Uber_Support,Support inquiry,@Uber_Support i do not see we're the trid if is listed on th,"CONVERSATION HISTORY:
Customer: @115873 worst most unprofessional driver ever !! asked for extra fee when he showed up ! yelling at me cause uber don't pay for his 30k car??? https://t.co/i5qOULRSnc
Agent: @116113 Sorry to hear this was your experience! Please send us a note at https://t.co/K05RdmK3t4 so we can connect right away.

CURRENT MESSAGE:
@Uber_Support i do not see we're the trid if is listed on the app.. i sent in a few message",
1823,Customer,Tesco,Support inquiry,"@Tesco Honestly, I don’t care that much. You should just kno","CONVERSATION HISTORY:
Customer: @Tesco thought you’d like to know: these sausages I purchased from you taste awful. Ruined my sausage and mash dinner, I just had mash! https://t.co/xBRP0FxHks
Agent: @116117 Finally could you please send me the bottom most row of digits from your receipt. - Nick 3/3

CURRENT MESSAGE:
@Tesco Honestly, I don’t care that much. You should just know that all 6 sausages ended up in the bin",
1835,Customer,Tesco,Support inquiry,@Tesco You've lost me as a customer,"CONVERSATION HISTORY:
Customer: hi @Tesco an answerphone message from your delivery driver ended with him saying 'fuck you' (he obviously thought he'd put the phone down)
Customer: @Tesco id tell Paul to wash his mouth out with soap. cheers
Agent: @116118 Are you able to send us your name, address &amp; email by DM please &amp; we will get back to you shortly - Mike 2/2
Customer: @Tesco I am a regular customer and spend at least £50 a week with you, so pretty poor apology. Feel like shopping somewhere else
Agent: @116118 The most appropriate action to take, is to ensure this is addressed with the colleague concerned. TY - Chris 2/2

CURRENT MESSAGE:
@Tesco You've lost me as a customer",
1844,Customer,Delta,Support inquiry,@Delta Yes. And isn’t diverted?!,"CONVERSATION HISTORY:
Customer: @Delta hi. Any news why DL1262 diverted to AUS and DL1738 to SMF? Thanks
Agent: @116121 I am showing DL 1262 is from LAS JFK?  *HRO

CURRENT MESSAGE:
@Delta Yes. And isn’t diverted?!",
1851,Customer,Delta,Support inquiry,@Delta Bummer! I promised them some info and in my hurry to ,"CONVERSATION HISTORY:
Customer: @Delta I was on flight 2222 LAX to ATL at 645am I'm trying to forward a message to one of the FAs, are you able to assist?
Agent: @116123 Hey there, unfortunately, we are not able to assist with this request.  *TLT

CURRENT MESSAGE:
@Delta Bummer! I promised them some info and in my hurry to get to my next flight forgot to leave my business card 😩",
1858,Customer,Delta,Support inquiry,@Delta Can I get the 35$ refunded for the seat cost I never ,"CONVERSATION HISTORY:
Customer: @Delta just don’t know what I gotta do to not be treated like crap. Apparently spending thousands on your Amex isn’t cutting it.
Agent: @77483 Hi, Jenna. I apologize for your seating issue. Pls DM your conf # if I may assist, *AAB
Customer: @Delta Flights are what they are already. Just frustrated. I got this Amex but no real perks. Wondering when the perks actually happen.
Agent: @77483 We appreciate your feedback, Jenna and thank you for sharing your concerns.  *ABN

CURRENT MESSAGE:
@Delta Can I get the 35$ refunded for the seat cost I never got?",
1875,Customer,SpotifyCares,Support inquiry,@SpotifyCares 1.0.65.320.gac7a8e02,"CONVERSATION HISTORY:
Customer: Why are my devices not doing the cool thing when I play the #StrangerThings albums on @115888? 😭
Agent: @116128 Hey Jacklynn! The cavalry's here. Could you tell us the device/OS you're using? We'll see what we can suggest /KB
Customer: @SpotifyCares using a MacBook Pro with OS X El Capitan and the latest Spotify update, and an iPhone 6S with the latest software/Spotify updates!
Agent: @116128 Got it! Could you try streaming one of our 15 Stranger Things playlists, then switch to the Now Playing screen? /KB
Customer: @SpotifyCares I tried it on web browser and it worked! 😊
Customer: @SpotifyCares Desktop app still not working, but I got to see the cool thing (Easter egg) so I’m ecstatic! 😊😊
Agent: @116128 Hmm, let's see. Could you confirm the exact Spotify version of your desktop app? /KB

CURRENT MESSAGE:
@SpotifyCares 1.0.65.320.gac7a8e02",
1878,Customer,SpotifyCares,Support inquiry,"@SpotifyCares Made In Germany, Du Bist Gut, Cover Me and 20 ","CONVERSATION HISTORY:
Customer: @116130 why are Nena's releases between 2002 and 2012 all missing, yet everything else from 1982 - 2017 is there? #sadness #emptyplaylist
Agent: @116129 Hi Liam! Could you let us know the tracks/albums you're looking for? We'll take a look /RH

CURRENT MESSAGE:
@SpotifyCares Made In Germany, Du Bist Gut, Cover Me and 20 Jahre (this one mostly). Because these are missing, a few compilations have greyed out tracks",
1894,Customer,British_Airways,Support inquiry,"@British_Airways She's been trying to do that, that's the po","CONVERSATION HISTORY:
Customer: @British_Airways call centre has the  worst customer serivce ever. keep you on hold for endless hours without an apology. Mum is not happy!
Agent: @116134 We're disappointed to hear this Stephen. Is there something you would like our assistance with? ^Kit
Customer: @British_Airways Can you please contact __email__ and can give you further details please
Agent: @116134 Is your mother able to contact us directly? ^Davina 2/2

CURRENT MESSAGE:
@British_Airways She's been trying to do that, that's the point! You should be contacting her as she can't get through to you via phone or email",
1899,Customer,comcastcares,Support inquiry,@comcastcares Neither SD or HD for NBC or ABC can be seen. A,"CONVERSATION HISTORY:
Customer: Is this a trick? No NBC WPTV or ABC WPBF in PSL @115900 this afternoon! Why these 2 channels?
Agent: @116137 Hello, I will be happy to help you. Please DM so we can further assist you, thank you. -DP

CURRENT MESSAGE:
@comcastcares Neither SD or HD for NBC or ABC can be seen. An error message says 03059. Rebooting didn’t help.",
1911,Customer,comcastcares,Support inquiry,"@comcastcares I've called 5 times, no resolution, bill for a","CONVERSATION HISTORY:
Customer: @115900 My house was destroyed by Hurricane Irma, I've called you THREE times to place temporary hold, and you STILL send me a bill
Customer: @115900 It's interesting how with every natural disaster you try to find a way to screw over those who are already the worst off
Agent: @116140 Hello there! I would like to take a look into your billing issues for you! Can you please send a DM with your fir... https://t.co/mx7zIru1QO

CURRENT MESSAGE:
@comcastcares I've called 5 times, no resolution, bill for a house i don't live in still remains, and you all give me the run around to cancel my account",
1922,Customer,AmericanAir,Support inquiry,@AmericanAir been on phone and hold for past 45 mins. lookin,"CONVERSATION HISTORY:
Customer: Trying to book a flight on @AmericanAir and an error comes up: System having trouble. Anyone else having problem?
Agent: @116144 We're sorry for any difficulties that you've experienced. Please contact our Web Technical Support folks at 800-222-2377.
Customer: @AmericanAir already did...changed browsers, did all my techie tricks and still can't make a reservation after 1 hour!!
Agent: @116144 They'll be more than happy to walk you through it and help with the booking process.

CURRENT MESSAGE:
@AmericanAir been on phone and hold for past 45 mins. looking bleak",
1941,Customer,AmericanAir,Support inquiry,@AmericanAir Well how much does that help me now?,"CONVERSATION HISTORY:
Customer: Look what @AmericanAir did to my bag. https://t.co/QUeBqf8JJf
Agent: @116145 We always want to take care of your bags. We're you able to file a claim with our Baggage team?
Customer: @AmericanAir No I was not able to
Agent: @116145 Our team will need to assess the damage in person, please see an agent for assistance.
Customer: @AmericanAir I was long gone from the airport by then
Agent: @116145 An airport agent will be happy to take a look at your bag to assist with a claim but damage must be assessed in person.

CURRENT MESSAGE:
@AmericanAir Well how much does that help me now?",
1998,Customer,TMobileHelp,Support inquiry,@116152 @116151 @TMobileHelp @115913 I'm not even a T-Mobile,"CONVERSATION HISTORY:
Customer: Wow!! Honored to be one of @2896’s #TheBraveOnes!!  https://t.co/ORNLBSYzDp
Customer: @115913 @2896 I made a mistake a big dumb mistake. I ported my lines to another service. Less then month ago. I miss T-Mobile. Can I come back and have my formal plan please? Should I talk to @116154 team? Because customer service told me I can’t go to my formal plan.
Agent: @116151 @115913 We'd love to see you back on the UnCarrier. DM us and we'll chat reunion options: https://t.co/cuEwtd2epS *DanKing
Customer: @TMobileHelp @115913 John I try to come back to T-Mobile but they want me to go to the store. Maybe @116154 team can help because customer service want me to go to the stores maybe I just stay will my current service. Don’t seem like u guy want me back
Customer: @TMobileHelp @115913 @116154 Don’t get why they are asking for my password
Agent: @116151 @115913 @116154 I've sent you a DM with some information, let's get this fixed. https://t.co/PbJEgtqanO *JeromyBingham
Customer: @TMobileHelp @115913 @116154 So you @115913 know! been trying to chat but your team is asking for a pin or password I don’t have. Making me feel like you don’t want me back
Agent: @116151 @115913 We absolutely want you back and we will find a solution today. We see your DM, we will be responding https://t.co/PbJEgtqanO *JeromyBingham
Customer: @TMobileHelp @115913 I send DM over to you guys Cassy or Jason were helping me
Agent: @116151 @115913 Thank you so much for the DM. We'll be responding in kind shortly for you! https://t.co/lH0SH5fy2m *MikeRice
Customer: @TMobileHelp @115913 Thanks!
Agent: @116151 @115913 I've got your DM and will reply shortly. Welcome back! *ZachRicketts
Customer: @TMobileHelp @115913 John why I am having so much trouble coming back
Agent: @116151 @115913 Please meet me back in DM, we'll discuss this further. *ZachRicketts
Customer: @TMobileHelp @115913 8 hours total  over 3 days and still working on coming back. Why @115913 ?
Customer: @116151 @TMobileHelp @115913 what is happening in this conversation

CURRENT MESSAGE:
@116152 @116151 @TMobileHelp @115913 I'm not even a T-Mobile customer. And people like this piss me off. Trolling losers.",
2048,Customer,SouthwestAir,Support inquiry,"@SouthwestAir Found it!! But doesn't seem to work, can you c","CONVERSATION HISTORY:
Customer: @SouthwestAir I have two vouchers but can't seem to track down my confirmation numbers. Anyway to look them up? Thanks!
Agent: @116161 Hey, Jennifer. You have two travel funds, correct? Unfortunately, we don't track travel funds. Do you possibly have the emails? ^SL

CURRENT MESSAGE:
@SouthwestAir Found it!! But doesn't seem to work, can you check if funds are available?",
2080,Customer,SouthwestAir,Support inquiry,@SouthwestAir I loved how your employees embraced the day &a,"CONVERSATION HISTORY:
Customer: Me time in the sky... @southwestair https://t.co/ccjl2JCAfK
Agent: @116163 What a relaxing view, Susan! Thanks for sharing the great shot and we hope you enjoy the ride with us today. ^TL

CURRENT MESSAGE:
@SouthwestAir I loved how your employees embraced the day &amp; made@travel fun!  Glad you like the pic. It's my thank you to you all so enjoy!",
2084,Customer,SouthwestAir,Support inquiry,"@SouthwestAir Bummer, might have to watch my back on Nov. 13","CONVERSATION HISTORY:
Customer: Unlucky not to be flying on @SouthwestAir today and have to wait until Nov. 8th. Would have been nice to have had a free drink on flight.
Agent: @116164 Maybe next year? We can't wait to welcome you onboard, Matthew! We hope you have a wonderful flight. ^MK

CURRENT MESSAGE:
@SouthwestAir Bummer, might have to watch my back on Nov. 13 too for Sadie Hawkins day on the airline of LUV. #funnyholidays",
2091,Customer,hulu_support,Support inquiry,"@hulu_support Yes, @hulu_support same message: error playing","CONVERSATION HISTORY:
Customer: @hulu_support I'm getting an error when I try to play episodes. Can you help, please?
Agent: @116166 Still having trouble? Which device are you using? What error are you seeing? We want to help! 1st try: https://t.co/HXpLyTU79x

CURRENT MESSAGE:
@hulu_support Yes, @hulu_support same message: error playing this video, iPhone 7",
2098,Customer,Uber_Support,Support inquiry,@Uber_Support done please check,"CONVERSATION HISTORY:
Customer: kya khassi support hai yaar @Uber_Support. i am an uber rider not driver. they are telling me to take docs to nearby uber office for verification and all i was asked was to update my cellphone number 👺👺
Agent: @116168 Happy to further assist you. Can you please send us a DM with your email address and additional details so we can follow up?

CURRENT MESSAGE:
@Uber_Support done please check",
2105,Customer,sprintcare,Support inquiry,@sprintcare Yes I do. You want me to dm you or just write it,"CONVERSATION HISTORY:
Customer: @177 Have you Pre-Ordered yours yet? 👀
Customer: @115714 @177 I haven’t received no type of new besides my Oder is pending for day.
Agent: @116169 Hello, do you have an order number we can check for you?

CURRENT MESSAGE:
@sprintcare Yes I do. You want me to dm you or just write it on the comments???",
2121,Customer,sprintcare,Support inquiry,"@sprintcare You’re a bunch of crooks, you don’t care about h","CONVERSATION HISTORY:
Customer: @115714 is honestly trash
Agent: @116173 This is concerning. What makes you feel this way? What seems to be the issue? We'll be happy to assist. -JD

CURRENT MESSAGE:
@sprintcare You’re a bunch of crooks, you don’t care about happy customers, y’all just want money, save me the BS",
2130,Customer,Ask_Spectrum,Support inquiry,"@Ask_Spectrum Very disappointing,  to say the least, and una","CONVERSATION HISTORY:
Customer: I've never had a rude cable guy before until forced to switch to @115955 😒 the people on the phone were rude and now this dude?
Agent: @116176 My apologies for any frustrations or poor service you’ve experienced Desiree. Is there anything I may be able to help with? ^AP .
Customer: @Ask_Spectrum No,  it's done now. Just remember to practice kindness with customers please. I don't understand why everyone has been so rude thus far.

CURRENT MESSAGE:
@Ask_Spectrum Very disappointing,  to say the least, and unacceptable in my own home.  I'm still shocked.",
2138,Customer,ChipotleTweets,Support inquiry,@ChipotleTweets We will be back Friday for lunch 👍,"CONVERSATION HISTORY:
Customer: The Wild Thing heard there was a $3 special at @ChipotleTweets 4 👻 Halloween &amp; couldn’t pass it up 

He hopes Chipotle will sponsor his team https://t.co/RkpOQwsVU0
Agent: @116180 Thanks for stopping by! -Becky

CURRENT MESSAGE:
@ChipotleTweets We will be back Friday for lunch 👍",
2143,Customer,ChipotleTweets,Support inquiry,"@ChipotleTweets Chx burrito bowl all the works, bring on the","CONVERSATION HISTORY:
Customer: I'm geekin for sum @ChipotleTweets rightnow🤗😂🥙
Agent: @116182 Welcome to my life. What's your usual order? -Becky

CURRENT MESSAGE:
@ChipotleTweets Chx burrito bowl all the works, bring on the GUAC!!!🤗💖",
2152,Customer,ChipotleTweets,Support inquiry,@ChipotleTweets No worries.  I got my four burrito bowls wit,"CONVERSATION HISTORY:
Customer: No online orders today?  Really @ChipotleTweets ?  .
Agent: @116185 It's our annual Boorito promotion, and we turn it off for the night. My apologies for any frustration. -Becky

CURRENT MESSAGE:
@ChipotleTweets No worries.  I got my four burrito bowls without issue. Lucky me. We beat the lines!",
2183,Customer,ChipotleTweets,Support inquiry,@ChipotleTweets Barbacoa w da guac 🤤😛🔥,"CONVERSATION HISTORY:
Customer: Best part of today are these $3 burritos💀☠️ @ChipotleTweets https://t.co/vW35DKXm9c
Agent: @116197 Truth. What's your go-to order? -Becky

CURRENT MESSAGE:
@ChipotleTweets Barbacoa w da guac 🤤😛🔥",
2203,Customer,ChipotleTweets,Support inquiry,@ChipotleTweets Yes hungry rutgers student ❤️,"CONVERSATION HISTORY:
Customer: Bruh @ChipotleTweets u really just made me pay full price for my burrito I'm tight
Agent: @116205 Did you come dressed in costume? -Tara

CURRENT MESSAGE:
@ChipotleTweets Yes hungry rutgers student ❤️",
2219,Customer,VerizonSupport,Support inquiry,@VerizonSupport Banking. https://t.co/8535p04F9S,"CONVERSATION HISTORY:
Customer: @115725 @VerizonSupport trying to sign up for autopay, your site tells me my checking account # must be min 12 characters. Mine is 9. So???
Agent: @116210 Please verify if this is referring your Verizon account number and not your banking?
^JAY

CURRENT MESSAGE:
@VerizonSupport Banking. https://t.co/8535p04F9S",
2232,Customer,VerizonSupport,Support inquiry,@VerizonSupport Yes it is.,"CONVERSATION HISTORY:
Customer: @115722 I’ve lost my network channels and other channels are glitchy. Need help!
Agent: @116211 We are here to help, is this happening on all your TV's or a specific one?
^ACM
Customer: @VerizonSupport Problem has been consistently happening for about a month
Agent: @116211 Do you know where your ONT is located? The backup battery system address.
^JAY
Customer: @VerizonSupport I’m standing in front of it
Agent: @116211 Press and hold the alarm silence / ONT reboot button for 30 seconds.
^ACM
Customer: @VerizonSupport Ok. Now what?
Agent: @116211 Reboot your router nd thn cable boxes and let us know if the issue clears please. ^RMD
Customer: @VerizonSupport Didn’t work. Channels come up in guide (always have) by tv freezes when changing to anything under 523.
Agent: @116211 Is your router up and working?
^JAY

CURRENT MESSAGE:
@VerizonSupport Yes it is.",
2237,Customer,VerizonSupport,Support inquiry,@VerizonSupport Nevermind I’ll be out of internet til Saturd,"CONVERSATION HISTORY:
Customer: @115722 I have been without internet for two days and y’all gonna tell me to wait til tomorrow
Agent: @116212 Are you back home now? If so, we would be glad to troubleshoot. Feel free to return to our chat.
^HSB
Customer: @VerizonSupport I’m on the phone with your tech now looks like I’ll be another day without internet
Agent: @116212 We understand.
^JAY

CURRENT MESSAGE:
@VerizonSupport Nevermind I’ll be out of internet til Saturday smh",
2242,Customer,AskPlayStation,Support inquiry,@AskPlayStation What do you mean by local user,"CONVERSATION HISTORY:
Customer: @AskPlayStation why is this happening to me and only me? https://t.co/tEfiwmCVhl
Agent: @116213 Hello there. We are unable to see the file you sent us, please provide us more details
Customer: @AskPlayStation Whenever i go to play my game it says im on my old psn account which i deleted of my system. Ive used that account like once before
Agent: @116213 Thanks for the info. Make sure your PSN account has its own local user: https://t.co/p7d3kCczZd

CURRENT MESSAGE:
@AskPlayStation What do you mean by local user",
2248,Customer,AskPlayStation,Support inquiry,@AskPlayStation Thankx,"CONVERSATION HISTORY:
Customer: @AskPlayStation after playing for  a hour, my network on ps4 just drops to 67.9kbps.then I can't play any games(cod black ops3).pls help
Agent: @116214 Hi There! Please power cycle your network devices and try again: https://t.co/Vp85fRXkHX

CURRENT MESSAGE:
@AskPlayStation Thankx",
2253,Customer,AskPlayStation,Support inquiry,@AskPlayStation Creí que lo había hecho. Ahora les vuelvo a ,"CONVERSATION HISTORY:
Customer: @116216 he platinado Horizon Zero Dawn el 1/7/2017 y no he recibido el tema exclusivo vía mail. ¿podrían revisarlo? ID:Rezequiel.
Agent: @116215 Hola Ezequiel! Por favor siguenos en Twitter para poder brindarte asistencia por mensajes directos.

CURRENT MESSAGE:
@AskPlayStation Creí que lo había hecho. Ahora les vuelvo a escribir por privado.",
2264,Customer,AskPlayStation,Support inquiry,@AskPlayStation Pero un cobro con la misma información me lo,"CONVERSATION HISTORY:
Customer: @116216 buenas tardes. Intento comprar por play store y me rechaza las compras
Agent: @116218 Hola!¿Podria decirnos si recibe un codigo de error o algun mensaje?
Customer: @AskPlayStation Si, que la información de la tarjeta es incorrecta, asociada a PayPal, y una de las compras la hice sin problemas, un minuto antes.
Agent: @116218 Revisa el siguiemte enlace para problemas al introducir la información de cobro: https://t.co/qNoFVu2B70

CURRENT MESSAGE:
@AskPlayStation Pero un cobro con la misma información me lo tomo, un minuto después ya no. No es la info de la tarjeta, es un problema del store",
2273,Customer,ATVIAssist,Support inquiry,@ATVIAssist And how come cod ww2 multiplayer servers are act,"CONVERSATION HISTORY:
Customer: @ATVIAssist hey, I have pre ordered ww2 on the Xbox store, how will I receive my cod ww2 2xp and weapon unlock??
Agent: @116222 Hey there, if you pre purchased the game via console store you should be good to go for launch. ^RK
Customer: @ATVIAssist How do I recieve the 2xp and weapon unlock though, is it in my gam ready when I load it up?
Agent: @116222 Please wait until launch, make sure you are on the main account that purchased and owns the content. ^RK

CURRENT MESSAGE:
@ATVIAssist And how come cod ww2 multiplayer servers are active for people who own illegal copies of the game?",
2298,Customer,MicrosoftHelps,Support inquiry,"@MicrosoftHelps Yes, none of it worked. I didn't try the res","CONVERSATION HISTORY:
Customer: I don't recommend upgrading to the Windows 10 Fall Creators update. delay it as much as possible! Start menu quit working after the update.
Customer: @116229 Hell! Could you share with us more details about this issue? We'd like to help, if we can.
Customer: @116230 I've downgraded back to the 1703 build. There are threads on the Microsoft community of multiple people having same issues
Customer: @116229 Gotcha. Have you shared your experience with us on the Feedback Hub? https://t.co/N8dIK5X2nH
Customer: @116230 this thread seems to be where a lot of people are saying they're having issues. https://t.co/DF060SfN68

no one can pin-point the solution.
Agent: @116229 Just to clarify, have your tried following the troubleshooting methods provided by Andre Da Costa on the link you provided?

CURRENT MESSAGE:
@MicrosoftHelps Yes, none of it worked. I didn't try the reset because I don't want to reinstall everything. But when i went back to 1703 everything worked",
2306,Customer,MicrosoftHelps,Support inquiry,"@MicrosoftHelps Thanks for the outstanding assistance, I get","CONVERSATION HISTORY:
Customer: @MicrosoftHelps I got a phone call claiming to be you but I discovered they weren’t. The number is +1(818)930-5703
They tried to bribe me.
Customer: @MicrosoftHelps Please get back to me immediately this is of the upmost importance
Agent: @116231 Hello! It's our utmost pleasure to help. The best way to avoid phone scam is in this link: https://t.co/ZycMz6l77L.
Customer: @MicrosoftHelps Are you trying to help? Because helping would be trying to shut that down. I’m not looking for avoiding I’m looking for you to deal w/ it.
Agent: @116231 Let us guide you to report scams. On the link provided to you. Kindly go to ""How to report tech support scams"".

CURRENT MESSAGE:
@MicrosoftHelps Thanks for the outstanding assistance, I get it, it is your company that takes the heat for these people hurting your rep",
2324,Customer,AdobeCare,Support inquiry,@AdobeCare Sorry you misunderstood! Yes using old catalog bu,"CONVERSATION HISTORY:
Customer: Adobe Lightroom is terrible since updating to CC Classic ! Sony A9 file takes 15sec to load full preview .... #lightroomcc 🤬 https://t.co/gZApJ1z9zn
Agent: @116236 Oh no! It definitely shouldn't be slower- which OS/version are you on? Is this happening with all files? Let us know so we can help ^Madison
Customer: @AdobeCare Yes all files, Mac, El Capitan
Agent: @116236 Hi Paul, Are you facing issue after migrating the Lr catalog to Lightroom CC? Or you have added new images?
^MG
Customer: @AdobeCare Hi apologies for the delay yes it was after migrating to old catalog?
Agent: @116236 Hi Paul, could you please import new images from Sony A9 and then see if the previews still take time to generate.  ^Tanuj

CURRENT MESSAGE:
@AdobeCare Sorry you misunderstood! Yes using old catalog but imported new A9 files ! Still sllllloooooow",
2332,Customer,SW_Help,Support inquiry,@SW_Help That is not what happened.  Or are the platform clo,"CONVERSATION HISTORY:
Customer: The 22.12 @SW_Help train from Clapham Junction to Surbiton left early.  The only train to be early in weeks. Just as annoying.
Agent: @116239 Hi Simon, I am sorry to hear this. As far as I can see this service to schedule. ^JW
Customer: @SW_Help Sorry mean 22:11:41
Agent: @116239 https://t.co/v7yVnq2Pc9 ^JW 2/2

CURRENT MESSAGE:
@SW_Help That is not what happened.  Or are the platform clocks slow.  Look at the CCTV",
2341,Customer,XboxSupport,Support inquiry,@XboxSupport The one you guys give in box at purchase,"CONVERSATION HISTORY:
Customer: A headset should be a simple plug in and go method right? @XboxSupport
Agent: @116241 Hi there! Mind clarifying for us the make/model of the headset that you are using?  ^JA

CURRENT MESSAGE:
@XboxSupport The one you guys give in box at purchase",
2349,Customer,ArgosHelpers,Support inquiry,@ArgosHelpers I bought it in the Arbroath store last week.,"CONVERSATION HISTORY:
Customer: @116245 my £180 Ring doorbell is constantly down. Seems now that every Ring doorbell and camera on earth is down. Refund required.
Agent: @116244 Hi Bernio, Was this purchased in store or home delivered? - Daniel

CURRENT MESSAGE:
@ArgosHelpers I bought it in the Arbroath store last week.",
2354,Customer,ArgosHelpers,Support inquiry,@ArgosHelpers @116247 So if I buy the individual characters ,"CONVERSATION HISTORY:
Customer: @116247 Hi. Am I able to add different characters to this please? https://t.co/imZepbaepE
Agent: @116246 @116247 I'm afraid not, Jenni, this set comes pre-determined -- Mat

CURRENT MESSAGE:
@ArgosHelpers @116247 So if I buy the individual characters they won’t fit?",
2357,Customer,ArgosHelpers,Support inquiry,@ArgosHelpers Fantastic! I don't have a car. Thank you so mu,"CONVERSATION HISTORY:
Customer: @116245 
https://t.co/WEHOSemxpf

Do you know how heavy this is? Do you need a car or can I carry it home?
Agent: @116248 Hi there. It weights just over 15kgs so can be carried. Hope this helps! - Tom

CURRENT MESSAGE:
@ArgosHelpers Fantastic! I don't have a car. Thank you so much, Tom. I hope you have a good shift",
2361,Customer,ArgosHelpers,Support inquiry,@ArgosHelpers In store. I needed it urgently as I have to pr,"CONVERSATION HISTORY:
Customer: Bought an #HPENVY4527 printer 2day: @116245. Waste of £££. Instructions/CD Software doesn't work. Drama getting help online. REFUND! https://t.co/tM9coNavye
Agent: @116249 Hi Tim, Did you purchase this in store or was it for home delivery? - Daniel

CURRENT MESSAGE:
@ArgosHelpers In store. I needed it urgently as I have to produce paperwork for a solicitor on Nov 1st.  So disappointed.",
2366,Customer,Morrisons,Support inquiry,@Morrisons Perth.,"CONVERSATION HISTORY:
Customer: @Morrisons love the new look cafe in my local store. Delightful veggie cajun burger but no brioche bun! 'Twas only a morning roll! https://t.co/kbZynuJ124
Agent: @116250 I'll pass on your feedback. - Kirsty

CURRENT MESSAGE:
@Morrisons Perth.",
2374,Customer,Morrisons,Support inquiry,@Morrisons 🎃🎃 https://t.co/biINVTmajm,"CONVERSATION HISTORY:
Customer: Another day another Halloween shop.. @Morrisons really stepped up. Love the diverse range of pumpkins! #Halloween #pumpkins #mumlife 🎃💀 https://t.co/FhavEp3NyK
Agent: @116251 Hi Carrie. Thanks for taking the time to share your feedback :~). Glad you like it-Tabby
Customer: @Morrisons No problem! It's my favourite time of year, and was awesome to see no pumpkin size/shape went to waste! :)
Agent: @116251 Do share any fun carvings you and the kids do. Hope you have a lovely weekend :~)-Tabby

CURRENT MESSAGE:
@Morrisons 🎃🎃 https://t.co/biINVTmajm",
2384,Customer,Walmart,Support inquiry,@Walmart oh my god you da best walmart,"CONVERSATION HISTORY:
Customer: we all know walmart is better in terms of a lot of things so I LOVE WALMART https://t.co/tr1DaXl3IU
Agent: @116256 We ❤️ you too, Angel. Thanks for having our back! -Pia

CURRENT MESSAGE:
@Walmart oh my god you da best walmart",
2389,Customer,Walmart,Support inquiry,"@Walmart No, a fellow associate did it for me.","CONVERSATION HISTORY:
Customer: Happy Halloween! Share a pic of your decorations or costume! Here's some pics of mine (overkill maybe?) https://t.co/X6hyMbBIo4 @176
Customer: @116258 @176 Gaara from anime ""Naruto"" https://t.co/vDtCbxUBEb
Customer: @116258 @176 Better one with the ""love"" symbol. Got to dress up at work. Thank you walmart lol https://t.co/IqQic9uT4g
Agent: @116257 Impressive, the ""love"" symbol looks awesome! Did you draw that? 👍 -Sabi

CURRENT MESSAGE:
@Walmart No, a fellow associate did it for me.",
2399,Customer,Walmart,Support inquiry,@Walmart The pumpkins will be enjoyed by many families this ,"CONVERSATION HISTORY:
Customer: Happy Halloween! Look at these pumpkins that were donated to us from the @Walmart Distribution Center! https://t.co/od6OAZocLy
Agent: @116262 Nothing but the best for the communities! We hope everyone is able to enjoy the pumpkins. Thanks for the shoutout! -Ami

CURRENT MESSAGE:
@Walmart The pumpkins will be enjoyed by many families this holiday season who might otherwise not have one. So thank you very much!",
2418,Customer,Uber_Support,Support inquiry,@Uber_Support I submitted an online request and expect a can,"CONVERSATION HISTORY:
Customer: Hey @116271 my scheduled ride canceled on me when he was 1 minute away. If I cancel I pay $5. I need a $5 credit.
Agent: @116270 Here to help! Follow up here; https://t.co/h840Iouehc and our team will connect right away.

CURRENT MESSAGE:
@Uber_Support I submitted an online request and expect a cancellation credit to my account as I would of had to pay. Thank you!",
2423,Customer,Uber_Support,Support inquiry,@Uber_Support Thank you for your response. Put in a request ,"CONVERSATION HISTORY:
Customer: @115877 just made a $35 ubereats order from @116273 and did not receive my burrito. Who should I contact?
Agent: @116272 We can definitely take a look! Send us a note via https://t.co/nFTc4ODH3P so we can assist.

CURRENT MESSAGE:
@Uber_Support Thank you for your response. Put in a request and am waiting for reply!",
2436,Customer,Uber_Support,Support inquiry,@Uber_Support Is there a way I can address a specific issue?,"CONVERSATION HISTORY:
Customer: Hi @Uber_Support I have a problem with a cancellation fee I was charged but the case fits none of the options. How can I report i this?
Agent: @116278 Here to help. Send us a note at https://t.co/QsI1vsvcif so our team can connect.

CURRENT MESSAGE:
@Uber_Support Is there a way I can address a specific issue? Though i already received compensation for that ride i reported, I'd like to mention it would've been avoided if the route to my location was plotted correctly. The map told him to pass through a route that had a dead end",
2441,Customer,Uber_Support,Support inquiry,@Uber_Support i’m 4 months away from being 21 and have drivi,"CONVERSATION HISTORY:
Customer: @115873 i’m only a few months away from 21. let me drive anyway
Agent: @116280 Here to help! For more info please visit;https://t.co/Xaf6cZMUVR.
Customer: @Uber_Support i’m already registered as a driver, lower the age requirement or let me bypass the rule please
Agent: @116280 Here to help! Contact us here;  https://t.co/uRjsQ64qLY so we can take a closer look.

CURRENT MESSAGE:
@Uber_Support i’m 4 months away from being 21 and have driving experience including delivery. i feel i should be able to drive now instead of waiting to be 21",
2447,Customer,Uber_Support,Support inquiry,"@Uber_Support Nah, I don't want in-app support you people ar","CONVERSATION HISTORY:
Customer: @116276 ANSWER ME, WHY IF I REPORT ANOTHER DRIVER WITH A GUN IN HI VEHICLE MY ACCOUNT GETS PUT ON HOLD????????
Agent: @116281 Sorry to hear about the trouble, Jasmany. We've escalated your concern - a member of our team will be in touch shortly via in-app. These type of issues are handled off social media. We apologize for any inconvenience this may have caused.
Customer: @Uber_Support That's a big lie otherwise my account would be up and running, stop lying, I'll make it public all the lies your guys have told me, been told it would only take 48 hours been waiting 5 DAYS
Agent: @116281 Hey there, Jasmany! We can see that a member of our team is looking into this for you. In an effort to enhance your support experience, and to avoid further confusion we'll be following up with any further questions or concerns you may have through in-app support.

CURRENT MESSAGE:
@Uber_Support Nah, I don't want in-app support you people are lying, get my app up and running NOW, I've been waiting for 5 days, you guys are lying, and closed my app cuz I reported another driver with a gun in his vehicles, I'm not stopping, next is facebook",
2452,Customer,Uber_Support,Support inquiry,@Uber_Support I already messaged you her email address. Not ,"CONVERSATION HISTORY:
Customer: @115873 @Uber_Support 
My wife account got charged w 2 uber eats orders we never placed.
Called help number,  and after 20 min hold, all we were told had to email uber help
Seriously?
Agent: @116282 We definitely want to take a closer look. However, due to our policy terms and conditions, we will need to discuss this with the account holder. Please message us with the email address associated with the account and we'll follow up with her directly via in-app support.

CURRENT MESSAGE:
@Uber_Support I already messaged you her email address. Not sure what you mean with in-app support, but do you realize you guys deactivated her account?",
2460,Customer,Uber_Support,Support inquiry,@Uber_Support I definitely did this to no avail - it kept de,"CONVERSATION HISTORY:
Customer: @Uber_Support; why do you make it impossible to arrange for a pick up at an FBO at an airport? I'm in the US and no matter what I do, the pick up location defaults to the terminal. I'm not at the the terminal. I'm at the FBO. You guys lost 3 rides tonight.
Agent: @116285 Hi, Eric. Kindly visit this link for more info; https://t.co/HULHsCQlaL

CURRENT MESSAGE:
@Uber_Support I definitely did this to no avail - it kept defaulting to the terminal.",
2474,Customer,Uber_Support,Support inquiry,@Uber_Support Already did weeks ago. Been answered to reboot,"CONVERSATION HISTORY:
Customer: @Uber_Support since the ParisGamesWeek your system dosnt work by paypal. F*** it i'm taking taxis.
Agent: @116290 Here to help. Send us a note at https://t.co/5MN4s6W3AA so our team can connect.
Customer: @Uber_Support Well paypal payment not working since the start of the week.
Agent: @116290 Here to help! Send us a DM with your email address so we can assist.

CURRENT MESSAGE:
@Uber_Support Already did weeks ago. Been answered to reboot/reinstall.",
2478,Customer,Uber_Support,Support inquiry,@Uber_Support I already tried this. It failed.,"CONVERSATION HISTORY:
Customer: When your @115873 driver accuses you of stealing his “hustle” money from his cup holder but then finds it under his seat and was rude and disrespectful &amp; denies you a refund...
Agent: @116291 Here to help! Send us a note at https://t.co/fS660rQ8NQ so our team can connect.

CURRENT MESSAGE:
@Uber_Support I already tried this. It failed.",
2491,Customer,GloCare,Support inquiry,@GloCare 08070635658,"CONVERSATION HISTORY:
Customer: @GloCare  a feast for glo collecting tat funds as if I don't know wat to do wit money please delete all unnecessary things I didnt subscribe
Agent: @116298 Good evening Solomon. May we have your cellphone number to run a check on your line? FA

CURRENT MESSAGE:
@GloCare 08070635658",
2502,Customer,Tesco,Support inquiry,@Tesco Well I have tried and they clearly said they can't as,"CONVERSATION HISTORY:
Customer: @Tesco hello i want to know recently I bough Ann online grocery order what some baby nappies in them as well but the nappies wouldn't even stay on the child for some reason one half box was like that and they were leaking so I called contact centre and they said they can't do nth
Agent: @116301 In this case, we'd recommend trying a smaller size to see if that helps. I'm also sorry to learn of the leaking, can I just check that you're referring to the absorbency gel please? Can you DM your full name, address &amp; email please? 2/2
Customer: @Tesco Thanks this was an online order and I don't know why but all yh nappies were like this and I have been using this for over 9 months and never has this issue
Agent: @116301 Hi Mohammed, I'd advise returning the product returning the Nappies with your delivery documents to your nearest Metro,Superstore or Extra. My colleagues there will be able to assist further. Ty - James

CURRENT MESSAGE:
@Tesco Well I have tried and they clearly said they can't as I opened the box",
2531,Customer,Tesco,Support inquiry,"@116304 @Tesco @116302 Tesco said to me when i asked, only c","CONVERSATION HISTORY:
Customer: So @tesco when you say 'early hours' for the delivery saver Christmas slots, just how early please, lunch in the Ashes, or first drinks break? Cheers.
Customer: @116302 @Tesco midnight apparently!
Customer: @116303 @Tesco Really, OK ta.
Agent: @116302 @116303 Hi Benny, sorry for the delay in replying! They're available now for our Delivery Saver customers :) Thanks - Emma
Customer: @Tesco @116302 @116303 They only seem to have released 23rd?! Furious!! 😡

CURRENT MESSAGE:
@116304 @Tesco @116302 Tesco said to me when i asked, only customers in our Fulfillment Centres can get Christmas Eve slots (London mainly)",
2540,Customer,AmazonHelp,Support inquiry,@AmazonHelp 先日教えていただいたように、fireTVstickとルーターの両方を再起動してみたら、前回のよう,"CONVERSATION HISTORY:
Customer: 「#72時間ホンネテレビ」をFire TV Stickで観よう。11/2 21時からAbemaTVで生放送。Fire TV Stickなら、大画面で楽しめます。Prime Nowにて、500円OFFキャンペーン実施中(エリア限定)。https://t.co/B8u1j1MVBu https://t.co/guqfbltFj1
Customer: @116313 fire TV stickを購入したのですが一瞬しかうつりません.°(ಗдಗ。)°.どうしたらいいのでしょうか...
Agent: @116312 アマゾンです。お困りの状況が特定できないのですが、エラーメッセージや画面の状況、操作方法など詳しい状況を教えていただけますか。ご利用端末はテレビですかPS4などのゲーム機でしょうか。ET
Customer: @AmazonHelp ありがとうございます！
テレビにstickを接続しているのですが、WiFi接続がすぐに切れてしまい、数分しか見ることができません。
Agent: @116312 かしこまりました。端末、ルーター、モデムを再起動し改善するかお試しください。https://t.co/mUMGYDqPEM
改善しない場合、カスタマーサービスにお知らせください。https://t.co/NtNAX37Sr4 ET https://t.co/kp0Ug6rMsZ
Customer: @AmazonHelp ご丁寧にありがとうございます！トライしてみて改善されなければCSへご連絡します。返信いただけると思っていなかったので本当に嬉しいです！
Agent: @116312 こちらこそリプライいただきありがとうございます！ご様子を見ていただき、改善されない場合、お早目にカスタマーサービスにご連絡いただければと存じます。よろしくお願いいたします m(_ _)m HM

CURRENT MESSAGE:
@AmazonHelp 先日教えていただいたように、fireTVstickとルーターの両方を再起動してみたら、前回のようには途切れなくなりました！ありがとうございます😊今の所大丈夫ですが、あとは72時間TV当日に接続が切れてしまわないように祈るのみです...。
お礼と報告まで。 https://t.co/hS5VmxuIfX",
2549,Customer,AmazonHelp,Support inquiry,"@AmazonHelp Just now, don't use Amazon much so didn't know t","CONVERSATION HISTORY:
Customer: @AmazonHelp Hi, I ordered an item on 18 Oct which said it would be delivered by 20 Oct and I still haven't received it. Can you help? Thanks
Agent: @116314 I'm sorry you haven't received it yet! Have you had an e-mail regarding the order? Please check junk/spam and let us know! ^TG
Customer: @AmazonHelp Yeah I sent you a DM too. Had an email saying when it had been dispatched but nothing since.
Agent: @116314 We're unable to view any account information via Twitter. What's the current tracking shown here: https://t.co/aaDyEz1VgE? ^AG
Customer: @AmazonHelp Wasn't tracked as sent via Royal Mail. I've emailed the seller.
Agent: @116314 How long has it been since you've e-mailed the seller? ^TR

CURRENT MESSAGE:
@AmazonHelp Just now, don't use Amazon much so didn't know the process if you don't receive an item",
2553,Customer,AmazonHelp,Support inquiry,"@AmazonHelp I'm learning German, so I don't really mind betw","CONVERSATION HISTORY:
Customer: @116316 Hi. How can I restrict results to German language books, while searching titles on amazon.de?
Agent: @116315 Hi, just a question at the beginning - do you prefer answers in German or English? ^NW

CURRENT MESSAGE:
@AmazonHelp I'm learning German, so I don't really mind between German/English. If I have to choose, I say German.",
2559,Customer,AmazonHelp,Support inquiry,@AmazonHelp I allowed it well past 8 PM. I was never notifie,"CONVERSATION HISTORY:
Customer: @AmazonHelp hello, I’m having an issue with a same day ship order.  Can you help me?
Agent: @116317 Hello! We'd love to help. Can you tell us a bit more about what's happening? ^EB
Customer: @AmazonHelp I made a same day ship mid Monday and it said it would deliver that day. It didn’t. Today it still says out for delivery, still no show.
Agent: @116317 I'm so sorry for the late delivery, Kimmie! Our carriers can deliver until 8 PM, please keep us updated on its arrival. ^BE

CURRENT MESSAGE:
@AmazonHelp I allowed it well past 8 PM. I was never notified about any other delays",
2577,Customer,AmazonHelp,Support inquiry,"@AmazonHelp yes i did,but amazonuk is not doing the refund p","CONVERSATION HISTORY:
Customer: @115830 amazonuk took money without any https://t.co/w25zXi7DYp they are not giving it back nor giving clear statement of my refund proces
Agent: @116321 I'm sorry for the frustration! Without giving personal/account details, could you tell us a bit more about what's going on? ^DG
Customer: @AmazonHelp and redund issued on 13th https://t.co/1uydlorGCp no sing of my money and amazonuk just saying its in the billing department.no signof devlp
Agent: @116321 When you last contacted us what information did we provide? Have you spoken with your bank to see if they have the refund? ^LR
Customer: @AmazonHelp i mailed amazonuk so many time. but i havent got any progress.customer care just saying thats in the billing section.no i havent got refund
Agent: @116321 Have you had a chance to speak with your bank regarding the refund? ^EA

CURRENT MESSAGE:
@AmazonHelp yes i did,but amazonuk is not doing the refund process.if they do it .i will get the money",
2580,Customer,AmazonHelp,Support inquiry,"@AmazonHelp I've been in the prime queue, kindle queue, the ","CONVERSATION HISTORY:
Customer: the @amazonhelp queue is clueless on Amazon Household
Agent: @116322 I'm sorry for the frustration! Without giving account/personal details, can you please provide us with more info? ^AC
Customer: @AmazonHelp legacy ""shared prime benefits"" account trying to join an amazon household of the prim. account holder to share echo and set up voice profile

CURRENT MESSAGE:
@AmazonHelp I've been in the prime queue, kindle queue, the echo queue, and now on hold again.",
2586,Customer,AmazonHelp,Support inquiry,@AmazonHelp Well ok but @116324 said it’s been dlvd so I can,"CONVERSATION HISTORY:
Customer: @116324 not dlvd after 1 wk. U lied 2 @AmazonHelp saying left in safe place on Fri. Yesterday u said wld be dlvd 24-48hrs. Sort this now!
Agent: @116323 I'm sorry your order hasn't arrived yet! Please let us know if you haven't received it within 48 hours. ^EB

CURRENT MESSAGE:
@AmazonHelp Well ok but @116324 said it’s been dlvd so I can’t see how they will bother to deliver it now! I think they have washed their hands of it",
2602,Customer,AmazonHelp,Support inquiry,@AmazonHelp I have made many calls to Amazon CS. No resoluti,"CONVERSATION HISTORY:
Customer: Rapidly losing faith in @115821 and their #esl CS ability to solve problems. No resolutions or follow ups.
Agent: @116325 Sorry for the poor experience. Without giving any account information, could you tell us what's going on? We'd love top help! ^MH
Customer: @AmazonHelp Multiple calls to call amazon call center with zero resolution and never a promised call back.
Agent: @116325 Can you tell us what insight / advice was provided with when you spoke with us last? We'd like to help if we can. ^BG
Customer: @AmazonHelp Want to speak to someone at corp to address these issues.
Agent: @116325 Have you tried deleting the card from the account and re-adding it? Have you reached out to USPS about these deliveries? ^AF https://t.co/1XyLaGkcaN
Customer: @AmazonHelp No on the card. It works only half the time. Yes on USPS. They say my delivery person won’t deliver anything over 30 lbs. just sends it back
Agent: @116325 We'd like another chance to look into this. Please reach out by phone or chat: https://t.co/hApLpMlfHN

Please keep us updated. ^FJ

CURRENT MESSAGE:
@AmazonHelp I have made many calls to Amazon CS. No resolution. Now what? Member since ‘98. Need corporate involved.",
2613,Customer,AppleSupport,Support inquiry,@AppleSupport $100 billion says that solves my problem? I’m ,"CONVERSATION HISTORY:
Customer: Cupertino, we have a problem. .@115858 .@116333 .@AppleSupport .@190 https://t.co/ImMcJ8QsTM
Agent: @116332 We'd like to see what we can do to assist. What version of iOS are you currently running? We released iOS 11.1 today.

CURRENT MESSAGE:
@AppleSupport $100 billion says that solves my problem? I’m on 11.0.3 currently. Hold please.",
2616,Customer,AppleSupport,Support inquiry,"@AppleSupport Yes, after the update. I Phone 7","CONVERSATION HISTORY:
Customer: @AppleSupport why is my battery life short? I updated to 11.1, my battery is poor. Wife didn’t she likes her battery life
Agent: @116334 Let’s work together on this situation. To clarify, did this start after updating to iOS 11.1? Also, which device are you using?

CURRENT MESSAGE:
@AppleSupport Yes, after the update. I Phone 7",
2620,Customer,AppleSupport,Support inquiry,@AppleSupport But this does not show the music stored on my ,"CONVERSATION HISTORY:
Customer: @AppleSupport watchOs4 made my watch pointless Browsing music on my phone via the watch was 80% reason for buying it now it’s useless.
Agent: @116335 You should still be able to control Music on your iPhone from the watch. Check out the user guide here: https://t.co/vRQnmrhVHj

CURRENT MESSAGE:
@AppleSupport But this does not show the music stored on my phone like it did in os3. I do not want to store music on my phone.",
2628,Customer,AppleSupport,Support inquiry,@AppleSupport iOS 11.1 it’s been getting worse for a few mon,"CONVERSATION HISTORY:
Customer: Question- @249 @115858 my iPhone6 dies very quick (have to charge it 3 times a day) my iPhone5 battery was faulty. Could this be the same?
Agent: @116337 We know how important your battery is &amp; we'll be happy to help. Which iOS version are you using? Also, when did this issue begin?

CURRENT MESSAGE:
@AppleSupport iOS 11.1 it’s been getting worse for a few months now",
2632,Customer,AppleSupport,Support inquiry,"@AppleSupport iPhone 7+, iOS 11.1","CONVERSATION HISTORY:
Customer: And why is my music NEVER in my control center?! @AppleSupport
Agent: @116338 We're here to help out! Which device is this on and which version of iOS is currently installed?

CURRENT MESSAGE:
@AppleSupport iPhone 7+, iOS 11.1",
2640,Customer,AppleSupport,Support inquiry,"@AppleSupport Hi, I plugged an adapter straight into the tra","CONVERSATION HISTORY:
Customer: @AppleSupport hi, I have a problem with my macbook pro, it won't turn on, I think it might be the charger but not sure. Is there a...
Customer: @AppleSupport ...cost for sending in for diagnosing a problem if it's out of warranty?
Agent: @116340 We can help. Let’s start with the following steps to see if we can save you a trip in for service: https://t.co/RqWW0duJ0U

CURRENT MESSAGE:
@AppleSupport Hi, I plugged an adapter straight into the transformer and it still didn't charger. The charger LED does not light up either.",
2645,Customer,AppleSupport,Support inquiry,"@AppleSupport When you roll the month, it does not appear an","CONVERSATION HISTORY:
Customer: @115858 when will the bug in the calendar app be fixed? I upgraded to iOS 11.1 and it still crashes when iOS 11.03
Agent: @116342 We'd like to help. What is going on with the app?

CURRENT MESSAGE:
@AppleSupport When you roll the month, it does not appear and hangs",
2656,Customer,AppleSupport,Support inquiry,@AppleSupport 11.0.3,"CONVERSATION HISTORY:
Customer: My iPhone has erased and re-added emails dating back from 2013 til now twice in the past 24 hours. Wth??? @AppleSupport
Agent: @116345 We'll be happy to look into this with you. To clarify, which iPhone model do you have and what's the exact iOS version?
Customer: @AppleSupport newest version of iOS and iPhone 7
Agent: @116345 Since we just released iOS 11.1 today, can you clarify which exact version you have installed?

CURRENT MESSAGE:
@AppleSupport 11.0.3",
2666,Customer,AppleSupport,Support inquiry,@AppleSupport Yes,"CONVERSATION HISTORY:
Customer: I keep getting this error message saying “the item can’t be played” and idk how to fix it... @115948 @AppleSupport
Agent: @116348 We'd like to look into this with you. Does the song appear to be greyed out?

CURRENT MESSAGE:
@AppleSupport Yes",
2676,Customer,AppleSupport,Support inquiry,@AppleSupport I did,"CONVERSATION HISTORY:
Customer: @AppleSupport HELP ME. I have a problem with my iPhone 7😑
Agent: @116349 We're happy to help. What seems to be the problem?
Customer: @AppleSupport See how it says searching at the top instead of giving me signal?.....I’ve been dealing with that for 2 weeks and sprint did everything https://t.co/iB0NsSeL1G
Customer: @AppleSupport They could nothing worked. I went into the Apple store in lynnwood, and the guy tried to charge me for a replacement phone although it’s an
Customer: @AppleSupport Internal problem. Any suggestions on how to help? Im not paying for a new phone because I didn’t cause the damage.
Customer: @AppleSupport @AppleSupport ^^check this out
Agent: @116349 Send us a DM please and we will go from there. https://t.co/GDrqU22YpT

CURRENT MESSAGE:
@AppleSupport I did",
2682,Customer,AppleSupport,Support inquiry,@AppleSupport It’s sorted. Thanks. iOS update needed a chang,"CONVERSATION HISTORY:
Customer: @AppleSupport ios 11.0.3 on 6s. Cannot adjust alarm volume so waking up all in my house and neighbours despite ringer being set to minimum!
Agent: @116351 We'd love to help with your alarm volume. Is the option to ""Change with Buttons"" disabled under Settings &gt; Sounds?

CURRENT MESSAGE:
@AppleSupport It’s sorted. Thanks. iOS update needed a change and hard reboot",
2689,Customer,CoxHelp,Support inquiry,@CoxHelp Thank you. Will post results,"CONVERSATION HISTORY:
Customer: @CoxHelp I continually give you guys the benefit of the doubt, but I’m paying for (yes I know, UP TO 100mbps down) and I’m getting 8! I need this fixed. Like yesterday.
Agent: @116354 Hi, I definitely understand your concern. I'm showing a good signal from here, are you checking the connection wired or wireless?  -Dee
Customer: @CoxHelp Both. 18 down and 17 up, wired. And 8 down and 7 up wireless
Agent: @116354 Hi, at this moment I am not showing any reported issues in your area.  I pinged your modem several times and I'm not showing any packet loss. Is it alright if I send a refresh to your equipment? If so, please let me know when it will be a good time send the signal.  -Mary
Customer: @CoxHelp You may
Agent: @116354 I've sent the refresh to your WiFi modem.  It may take up to 10 minutes for it to reload.  Please run a speed test on the hardwired connection once you're back online and share your results.  -Mary
Customer: @CoxHelp And here is my speed hardwired. I realize you guys say speeds UP TO a certain amount but if I’m paying for that amount, I shouldn’t be getting 8 or 9 download. This is outrageous. I pay for up to 100 I believe. Why can’t I even get half of that?! https://t.co/SVLMci7wmJ
Agent: @116354 Hi, while hardwired to your equipment, are you able to sign into your account online at https://t.co/EZ0KeJDO3Z and perform a speed test so that we can analyze it from here? -Renee
Customer: @CoxHelp I’m trying to do it via what i have set up but I don’t have a computer. I might be able to. Hang tight
Agent: @116354 Sure thing, let us know the results.  -Latitia
Customer: @CoxHelp So, as you can see something is clearly up. I actually found out I’m paying for up to 300mbps download and I’ve not even hit over 100 yet. https://t.co/iGbzc18mZL
Agent: @116354 one that is at least one that is a CAT5e or CAT6. Anything less would not be able to go faster than 100. - Brian
Customer: @CoxHelp @CoxHelp any reason why I’m not even hitting 100? What do I have to do to get this resolved? I’m obviously not even getting a third of what I pay for.
Agent: @116354 Do you have a wired device with a gigabit Ethernet port you can try connecting to the modem and testing with? -Chris
Customer: @CoxHelp Unfortunately, I only have the Ethernet cable I was provided through Cox.
Agent: @116354 I was referring to your devices and not the cord.  You should be able to use the same cord for this test. -Chris
Customer: @CoxHelp I’ve run the test across multiple platforms. I have a technician coming out to resolve the issue as the packet loss is incredibly high
Agent: @116354 Do you have any trace routes showing the packet loss? -Chris
Customer: @CoxHelp The associate I spoke with does
Agent: @116354 I was not able to find that information in the previous conversation.  Would you be able to provide the trace routes in a DM?  I am not seeing any signal issues to the modem. ~Derrick
Customer: @CoxHelp There’s definitely an issue. I’ve run multiple tests across Cox, Speed test, and ookla. I’m getting around 11-18 download. As for the trace routes, the associate I spoke with on the phone may be able to provide that. But I’m not getting anywhere near 300 down
Agent: @116354 Hi there, I am glad that you scheduled a technician to further investigate your issue.  It is difficult to diagnose your issue remotely.  Please let us know the results after the technician visits.   -Latitia

CURRENT MESSAGE:
@CoxHelp Thank you. Will post results",
2717,Customer,Uber_Support,Support inquiry,@Uber_Support I Dm'ed you!,"CONVERSATION HISTORY:
Customer: @Uber_Support I need help with my Account, It gets disabled every time I try to login and it's getting really frustrating!😬😠
Agent: @116355 It seems a member of our team has reached out to you. Please check your email and follow up with them there.

CURRENT MESSAGE:
@Uber_Support I Dm'ed you!",
2724,Customer,Uber_Support,Support inquiry,@Uber_Support @115877 you haven’t “reached out”. Please refu,"CONVERSATION HISTORY:
Customer: Hi @115877  this is an inadequate response to me telling you I had to throw away the entire £18 order. If eat in, would’ve been sent back https://t.co/lqjrLk8BYw
Agent: @116356 We're here to help! Send us a DM with your email address so we can connect.
Customer: @Uber_Support Just did
Agent: @116356 We have received your DM and will follow up there.

CURRENT MESSAGE:
@Uber_Support @115877 you haven’t “reached out”. Please refund the cost of the inedible food without delay",
2742,Customer,Tesco,Support inquiry,@Tesco So why put 4 in the reduced to clear at a price that ,"CONVERSATION HISTORY:
Customer: @Tesco Haddington: 6 x Mini Melton Mowbray Pies @ £1.00; 4 x Mini Melton Mowbray Pies on reduced shelf @ £1.04! #TesCon
Agent: @116362 Hi Stephen, this is because the 6 pack of pies are currently half price at the moment whereas the 4 pack are not. Hope this helps. - Kirsten
Customer: @Tesco It was 4 loose pies in poly bag with a  label.. local staff said different ingredients was the reason!
Agent: @116362 Hi Stephen, I have contacted the store and they have informed me that it is due to the 6 pack currently being half price. Thanks - Mark

CURRENT MESSAGE:
@Tesco So why put 4 in the reduced to clear at a price that is more expensive than 6? It's the same store. Misleading and incompetent.",
2751,Customer,Tesco,Support inquiry,@Tesco Im just gonna pop back to the store when passing. It ,"CONVERSATION HISTORY:
Customer: @Tesco im gonna take u up on your satisfactory offer &amp; return these. Theres an overwhelming taste of coconut &amp; milk powder but no curry! https://t.co/TxJ6b0VBy8
Agent: @116363 Also the supplier code(SC), would it be ok to pass your details to our supplier? TY - Jayne 4/4

CURRENT MESSAGE:
@Tesco Im just gonna pop back to the store when passing. It will be much easier. I dont have the receipt details but i think they were a quid.",
2757,Customer,Tesco,Support inquiry,@Tesco Hi - I’ll send photos if that’s okay?,"CONVERSATION HISTORY:
Customer: @Tesco hello! Bought a lasagne earlier - husband just opened it and it’s got mould on it. Manky!
Agent: @116364 Please also include the use by and batch code. Would it be okay to pass your details onto our supplier? . TY - Struan 4/4

CURRENT MESSAGE:
@Tesco Hi - I’ll send photos if that’s okay?",
2765,Customer,Tesco,Support inquiry,@Tesco I managed to checkout thank you luckily didn't loose ,"CONVERSATION HISTORY:
Customer: Imagine getting half way through your shopping to find this 😑 @Tesco I better not loose my slot. #1stworldproblems https://t.co/VNi3PIDo6h
Agent: @116365 Oh no! I'm so sorry Rach :( Were you able to checkout okay after or would you like further assistance please? - Christie

CURRENT MESSAGE:
@Tesco I managed to checkout thank you luckily didn't loose me space 😂",
2779,Customer,Tesco,Support inquiry,@Tesco I spoke to a check-out guy who said he worked in stoc,"CONVERSATION HISTORY:
Customer: @Tesco came specifically to buy some Quran mince and was met by this in Cheetham Hill. Not impressed! https://t.co/w7lTbOsjeP
Agent: @116367 Please can let me know the date/time you visited the store. TY - Jayne 2/2
Customer: @Tesco I also then drove to Tesco Prestwich and they only had 2 packets of Quorn mince left.
Agent: @116367 Hi Kate, just before I call the store can you please let me know if you spoke with anyone in store about this? Thanks - Mark

CURRENT MESSAGE:
@Tesco I spoke to a check-out guy who said he worked in stock and he said something about freezers being broken. But that’s not good enough.",
2793,Customer,Delta,Support inquiry,@Delta Just giving credit where it's due.  Thank you,"CONVERSATION HISTORY:
Customer: Dear @Delta, thank you for providing excellent service &amp; employees who truly care about the customer experience.  You stand out in the crowd
Agent: @116371 Wow, that's what we love to hear! We appreciate your loyalty and support. Thank you for choosing Delta. 😊 *HKC

CURRENT MESSAGE:
@Delta Just giving credit where it's due.  Thank you",
2804,Customer,SpotifyCares,Support inquiry,"@SpotifyCares Montreal, where the ad itself says I’m not all","CONVERSATION HISTORY:
Customer: So @115888 @3493 @SpotifyCares: three days later you’re still advertising a sale to me for which I’m geographically  ineligible, this time on Facebook. You know you can choose where you want your ads to display on FB, don’t you? https://t.co/AHEZ1EtC57
Agent: @116375 Hey there! Just to clarify, which part of Canada are currently living in? /MT

CURRENT MESSAGE:
@SpotifyCares Montreal, where the ad itself says I’m not allowed to get the deal.

We had another tweet exchange a few days ago when you emailed me the same offer.",
2855,Customer,SpotifyCares,Support inquiry,@SpotifyCares Thanks for the quick reply! I got it to work a,"CONVERSATION HISTORY:
Customer: @SpotifyCares I've been trying to select ""no"" for this option multiple times but every time after closing the settings, it goes right back to ""minimized."" I do not want this to boot up at startup. What gives? https://t.co/vX8vY4l0st
Agent: @116379 Hey Dylan! Can you let us know which versions of Spotify and Windows you're running? We'll see what we can suggest /RA

CURRENT MESSAGE:
@SpotifyCares Thanks for the quick reply! I got it to work after un/reinstalling a few times, but I’m on MacOS High Sierra. Looks like version 1.0.68.407.g6864aaaf? I’m not sure what the initial problem was, but again, it’s working now.",
2869,Customer,SpotifyCares,Support inquiry,@SpotifyCares I doubt it :/ but thank you for replying!,"CONVERSATION HISTORY:
Customer: @SpotifyCares why is this album on Spotify if it's not playable? It would be super if was available, THIS IS #2NE1 playlist would be complete if it had all the songs from their first mini album https://t.co/NdN2Hbtdfl
Agent: @116384 Hey there! Sometimes content gets temporarily removed because of licensing changes. Hopefully we'll have them available again soon /MT

CURRENT MESSAGE:
@SpotifyCares I doubt it :/ but thank you for replying!",
2878,Customer,SpotifyCares,Support inquiry,@SpotifyCares I'm using my facebook account as a method to l,"CONVERSATION HISTORY:
Customer: Unli skips. Unli fun. 3 months of Premium for ₱9. https://t.co/8ZRlqNPqtf
Customer: @115888 Why?? https://t.co/YCUDOLf2za
Agent: @116386 Hey! Could you DM us your account’s email address? We’ll check this out backstage /CG https://t.co/ldFdZRiNAt

CURRENT MESSAGE:
@SpotifyCares I'm using my facebook account as a method to log in.",
2937,Customer,SpotifyCares,Support inquiry,"@SpotifyCares Over all connection, I get this notification f","CONVERSATION HISTORY:
Customer: @115888 the app is killing #phone #battery  fixing this problem? How is this okay. I guess you are getting the money without any complaints
Agent: @116387 Hey! What device, operating system, and Spotify version are you using? We'll see what we can suggest /CB
Customer: @SpotifyCares Spotify 8.4.24.871 Android version 7.0 device: a brand new Huawei mate 9 . I will look like an ass if it's a matter of just updates😊
Agent: @116387 Thanks. Is it happening over 3G/4G, WiFi, or both? Does logging out, fully closing the app, and restarting your device help? /KC

CURRENT MESSAGE:
@SpotifyCares Over all connection, I get this notification from the phone as for loving in and out I did a fresh install, no luck!",
2960,Customer,SpotifyCares,Support inquiry,@SpotifyCares I feel like my idea has similar keywords as th,"CONVERSATION HISTORY:
Customer: Spotify really needs a feature to add songs to multiple playlists at once. @SpotifyCares
Customer: @SpotifyCares I've dragged so many songs to the same playlists over + over. One of the aims of technology is to make everyday tasks easier, right? =]
Agent: @116393 Hey Daniel this sounds like a great idea! Suggest it in our Community at https://t.co/rtDvYZOF32 and get support from other users /BH
Customer: @SpotifyCares Thanks!
Agent: @116393 You're welcome! If anything else comes up, we're just one tweet away. Have a https://t.co/cPbDPiAv92 🙂 /BH
Customer: @SpotifyCares Hi. My @115888 playlists idea's status got changed + can't receive any votes. They sent me a link to a ""similar idea"", but it's closed.
Agent: @116393 Hi Daniel! Can you send us the link to the idea you posted? We'll take a look at what happened 🙂 /NH
Customer: @SpotifyCares Thanks. Here's the link: https://t.co/Luc4FiDrIm
Agent: @116393 2: resending your ideas and using keywords that will help your idea easier to find /RB
Customer: @SpotifyCares What keywords besides ""playlist"", ""playlists"", + ""song"" would I use?
Agent: @116393 We suggest using keywords similar to those used in the suggested idea. If you need anything else, give us a shout /RB

CURRENT MESSAGE:
@SpotifyCares I feel like my idea has similar keywords as the one I was told to go to – that's closed and can no longer be voted on.",
2963,Customer,SpotifyCares,Support inquiry,"@SpotifyCares Well done, guys. 👍🏼 https://t.co/s9HZ9EqjEX","CONVERSATION HISTORY:
Customer: Hey @SpotifyCares did you take ""You shook me all night long"" off spotify just to piss me off? Why remove the greatest song ever made?
Agent: @116394 Hey Dustin, we're sorry to hear that! Can you let us know the name of the artist of that track? We'll check it out /NS
Customer: @SpotifyCares AC/DC....
Agent: @116394 Thanks. Sometimes content gets temporarily removed because of licensing changes. Hopefully we'll have it available again soon! /NS

CURRENT MESSAGE:
@SpotifyCares Well done, guys. 👍🏼 https://t.co/s9HZ9EqjEX",
2972,Customer,SpotifyCares,Support inquiry,@SpotifyCares https://t.co/T85iGba29f,"CONVERSATION HISTORY:
Customer: My only Halloween song won’t play and I’m starting to get upset. @115888 help
Agent: @116395 Hey there! Can you send us the Spotify URI? Just right-click the track &gt; Share &gt; URI. Also, what country is your Spotify account set to? /AG
Customer: @SpotifyCares It’s on the mobile app
Agent: @116395 Alright. Can you send us the Song Link then? Just tap the three dots &gt; Share &gt; Copy Link. We'll have a look /AG

CURRENT MESSAGE:
@SpotifyCares https://t.co/T85iGba29f",
2975,Customer,British_Airways,Support inquiry,@British_Airways Daily post will be tweeted,"CONVERSATION HISTORY:
Customer: @British_Airways you have charged me 32.19 for a phone call to book my flights which cost £3,700
Agent: @116396 Hi Maggie, we do advise our call charges online for when you need to contact us. ^Helen
Customer: @British_Airways Actually I asked and the customer advisor and he said that it was local rate and I may not incur any cost. I need to make people aware

CURRENT MESSAGE:
@British_Airways Daily post will be tweeted",
3027,Customer,British_Airways,Support inquiry,@British_Airways Ok thanks for your reply.I will keep an eye,"CONVERSATION HISTORY:
Customer: @British_Airways do u run the direct BA flights lgw - Lima / Lima - LGW all year round? Was looking for Dec 2017, couldn't see any. Thanks
Agent: @116399 Hi Diz, the Lima route is currently suspended for Winter 2017 from 29 Oct 2017 until 24 March 2018. ^Helen
Customer: @British_Airways Thanks. Do you know if you will be running it winter 2018? Specifically Dec 2018 - Jan 2019. Planning a hol and was hoping to use this route
Agent: @116399 website when they have been finalised. 2/2^Corry

CURRENT MESSAGE:
@British_Airways Ok thanks for your reply.I will keep an eye on the website.My husband and I are planning for next year, hopefully you run the route. Thank u",
3064,Customer,comcastcares,Support inquiry,@comcastcares Already fixed! Thank you!,"CONVERSATION HISTORY:
Customer: Is there anything wrong with anyone’s @115900 service? No WiFi or cable for me😡
Agent: @116408 Hey Krystal, I can look into your account.  Can you DM me your account info please? - Matt

CURRENT MESSAGE:
@comcastcares Already fixed! Thank you!",
3068,Customer,comcastcares,Support inquiry,@comcastcares Again,"CONVERSATION HISTORY:
Customer: Posting from phone on 4G, even though I'm home &amp; have @115900 cable/internet...for like the 8th time this month. One guess why. #Frustrated
Agent: @116409 Sorry about the service issues.  Please send us a DM with your account info so I can help.--JV

CURRENT MESSAGE:
@comcastcares Again",
3087,Customer,comcastcares,Support inquiry,@comcastcares We are good! Just memorizing the new channels!,"CONVERSATION HISTORY:
Customer: When will the infinity voice remote be able to find high definition channels again? All verbal searches go to low def. @comcastcares
Agent: @116414 Hi, Janette. Can you check to make sure your Autotune to HD setting is on? You can find it under Settings&gt; Preferences&gt; General. - NS
Customer: @comcastcares Is this in the remote itself? Under setup or help?
Agent: @116414 To navigate to settings, click XFINITY on the remote, then scroll over to Settings (the icon looks like a gear). -EW
Customer: @comcastcares I will try it once I wrestle it from the kid!
Agent: @116414 Ok, once you navigate to the Settings, Preferences, then General make sure the setting ""Auto-Tune to HD Channels"" is on.-RM
Customer: @comcastcares Thank you!
Agent: @116414 My pleasure. Is there anything else I can help you with?-RM

CURRENT MESSAGE:
@comcastcares We are good! Just memorizing the new channels!",
3103,Customer,AmericanAir,Support inquiry,"@AmericanAir Oh god, we’re in ascent and this baby just went","CONVERSATION HISTORY:
Customer: Yo @AmericanAir, I’m on flight 48 32C (DFW to Paris) and sitting next to THE loudest baby I’ve ever heard in my life. How about an upgrade?
Customer: @AmericanAir Like, this is really bad.
Customer: @AmericanAir Oh, my god, she’s been going for ten minutes.
Agent: @116415 We always want everyone to be comfy. You can ask our crew about any available open seats.

CURRENT MESSAGE:
@AmericanAir Oh god, we’re in ascent and this baby just went full Chucky. Happy Halloween?",
3109,Customer,AmericanAir,Support inquiry,@AmericanAir I'm aware. Fits in overhead.This was a return t,"CONVERSATION HISTORY:
Customer: @AmericanAir Despite flying w/ same from EWR, forced @ MIA to check guitar &amp; charged $25. Not @ gate, B4 security. Flt not full. WHY?
Agent: @116418 Your guitar must fit underneath the seat in front of you or in an overhead bin. Please see details here: https://t.co/AqqDo7qAE3.

CURRENT MESSAGE:
@AmericanAir I'm aware. Fits in overhead.This was a return trip. Had same luggage going. This was pre-security. Gate chck, ok, but Empty overheads on flt",
3142,Customer,SouthwestAir,Support inquiry,@SouthwestAir So does a Teddy Bear count as a personal item ,"CONVERSATION HISTORY:
Customer: @116430 https://t.co/eQqi9xisXh
Customer: @116432 This is ironic and amazing. I’ll be in touch, look for my 🦉.. @SouthwestAir
Agent: @116430 Looking forward to it, Benjamin! ^VM https://t.co/Ec8x79yZWE
Customer: @SouthwestAir .Happy Halloween everyone! Have fun, be safe! #DontDrinkAndFly .. unless you’re with @SouthwestAir 🤓⚡️ https://t.co/JIFnTh1lS5
Agent: @116430 @116431 Happy Halloween, Harry! We hope you enjoy the magical ride at 35k with us today! ^TL https://t.co/2lnheCh2t7

CURRENT MESSAGE:
@SouthwestAir So does a Teddy Bear count as a personal item for  @116430  on his next flight?",
3163,Customer,Uber_Support,Support inquiry,@Uber_Support Already spoke with you guys through the app. W,"CONVERSATION HISTORY:
Customer: Uber driver drove me to wrong location, makes me get out anyway and @115873 won't provide a proper refund 🙃🙃🙃 #Delete #Fail Sup @115879 😘😘😘
Agent: @116437 Happy to further assist you. Can you please send us a DM with your email address and additional details so we can follow up?

CURRENT MESSAGE:
@Uber_Support Already spoke with you guys through the app. Wasn't helpful.",
3181,Customer,sprintcare,Support inquiry,@sprintcare Y’all lie,"CONVERSATION HISTORY:
Customer: I want to go see to @115725 and leave @115714 they are liars
Agent: @116446 What have you feeling this way? We would love to assist you.-DD
Customer: @sprintcare Don’t worry about it.... I’m just going to see what other companies offer
Agent: @116446 We understand, but in order for us to further assist you, you need to inform us on your issue. We would hate to see you go-DD

CURRENT MESSAGE:
@sprintcare Y’all lie",
3188,Customer,sprintcare,Support inquiry,@sprintcare complete ineptness!,"CONVERSATION HISTORY:
Customer: @116447 - And the issue is still not fixed!  No one can help!  All the info I get is wrong!  I have been a customer for 12 yrs! https://t.co/MQIImu0yiR
Agent: @115712 I understand how frustrating this is and I'm here to assist. I do apologize that I'm not showing the contact number or private message.
Customer: @sprintcare I am not surprised because nothing works when it comes to sprint!

CURRENT MESSAGE:
@sprintcare complete ineptness!",
3192,Customer,Delta,Support inquiry,@Delta what are the under seat dimensions?,"CONVERSATION HISTORY:
Customer: @Delta Would this be classified as a personal item? Your website does not have dimensions for personal items. https://t.co/EToe4qVuHb
Agent: @116448 Hi Justin. The equivalent of a personal item is one similar to a purse or backpack. As long as this item fits under the seat in front of you, you should be okay. *TKR

CURRENT MESSAGE:
@Delta what are the under seat dimensions?",
3210,Customer,Delta,Support inquiry,@Delta “You don’t fly with us enough for us to care or offer,"CONVERSATION HISTORY:
Customer: . @Delta on the way to Wisconsin I sat on the runway for an hour and a half and was delayed in the air for 45 mins before landing. Now my return flight is delayed 2 hours without explanation, only alternate flights are tomorrow... smh
Customer: @116452 @Delta Figure it out @Delta
Customer: @116455 @116452 @Delta Always used delta for years for business. Flew southwest last week for the first time was great and free checked bags. But idk still team delta but getting weak
Customer: @116454 @116455 @Delta I literally always fly delta for work BY CHOICE!! The one time I fly @Delta for personal travel I end up with this mediocrity.
Customer: @116452 @116454 @116455 @Delta Wait, y'all actually stick to one airline? I just go with whatever airline has the most convenient flight times and whatnot.
Customer: @116453 @116454 @116455 @Delta Miles/points. But useless if the airline isn’t actually helpful and on time!!!!!!
Agent: @116452 I am really sorry to hear that and I hope you will allow us to provide you better service in the future.  *AFM

CURRENT MESSAGE:
@Delta “You don’t fly with us enough for us to care or offer you something so fingers crossed it’s too big of a hassle for you to change to another frequent flyer program and you stay with us always”?",
3216,Customer,Delta,Support inquiry,@Delta Ok thanks.,"CONVERSATION HISTORY:
Customer: @Delta for my trip to CDG in Dec, what would it cost in miles to waitlist for Delta 1?  I’m burned out on these long flights.  😕
Agent: @116456 Kevin, I will be assisting you with the upgrade request. Please allow me just a minute to pull all of the information together for an accurate quote. *ACJ
Customer: @Delta Thanks. I’m on an international flight so I’ve got time.  🙂
Agent: @116456 Sure thing. So you would like to go ahead and be added to the upgrade waitlist? *ACJ
Customer: @Delta Thinking about it.  That’s just 1 way right?
Agent: @116456 Correct. It will be a total of 130,000 for the round trip, if it becomes available. *ACJ
Customer: @Delta Ok.  Let me think about it.  How long do I have to decide?
Agent: @116456 Since the space is not currently available, you can decide and get back to us when you are ready. *ACJ

CURRENT MESSAGE:
@Delta Ok thanks.",
3227,Customer,Delta,Support inquiry,@Delta Thx for reply. Understand the concern for safety. Oth,"CONVERSATION HISTORY:
Customer: @Delta why would pilot land 55 mins early no gate avail? DL 088 on ground LAX we are stuck in seats plz let us use the lav 😳🚽#legscrossed
Agent: @116457 We appreciate your constructive feedback and are taking it under serious advisement.  *AFC

CURRENT MESSAGE:
@Delta Thx for reply. Understand the concern for safety. Otherwise great flight appreciate getting us home safe during very busy holiday weekend.",
3233,Customer,Delta,Support inquiry,@Delta My pleasure ❤🌷,"CONVERSATION HISTORY:
Customer: Day 2 of #RefdConference contains a great ideas from participants to discuss 
.
#ملتقى_رفد
#هاند_باي_هاند https://t.co/y73f2l5NBD
Customer: @116459 @75659 @75660 @Delta Thanks a lot... Great start of Great event
Agent: @116458 Hello, Ismail. Thank you for sharing.  *AFM

CURRENT MESSAGE:
@Delta My pleasure ❤🌷",
3242,Customer,Delta,Support inquiry,@Delta Thank you.,"CONVERSATION HISTORY:
Customer: Oh @Delta you were very unhelpful :/ .: never had this problem in all my traveling.
Agent: @116463 We're sorry to hear you're disappointed. If we can be of any assistance, please don't hesitate to tweet us about it. We're here for you. *TAC

CURRENT MESSAGE:
@Delta Thank you.",
3251,Customer,Delta,Support inquiry,@Delta My pleasure.,"CONVERSATION HISTORY:
Customer: Changing planes at MSP and treated to a glorious sunset. This is why I travel. @delta @28131 #fly #travel #luxury #msp #sunset #airport #momentofbliss https://t.co/HJKCTuNDJT
Agent: @116465 Great picture, thanks for sharing!  *TMB

CURRENT MESSAGE:
@Delta My pleasure.",
3272,Customer,Delta,Support inquiry,"@Delta Hi @Delta, I heard back over the phone after our corr","CONVERSATION HISTORY:
Customer: .@Delta was great to me in MBS, but NOT great in DTW. I hope they make this right for @116470 &amp; fix the attitudes w/ their DTW staff. DTW Gate agent was rude to me as well yesterday. https://t.co/rUf80TvLYp
Customer: @116471 @Delta Thx for the support @116471 - hopefully @delta will do the right thing for Jennifer &amp; I in this frustrating episode &amp; address DTW cust. service issues ....
Agent: @116470 I can authorize 5,000 bonus Skymiles be deposited into each of your SkyMiles accounts as a gesture for the inconvenience. (2/2) *TAC
Customer: @Delta Hi @Delta, thanks so much for your timely &amp; sincere reply. This is part of the reason I remain a loyal #silvermedallion member. Your generous offer of 5K skymiles for both my wife &amp; I is accepted &amp; appreciated. Please reply or direct message me if you need contact details.
Agent: @116470 Hello, John. Our system shows you were already compensated for flight 4459 today with $100.00 Delta travel vouchers for each of you. Unfortunately, I cannot double compensate for the same flight. I am sorry to disappoint.  *TAC

CURRENT MESSAGE:
@Delta Hi @Delta, I heard back over the phone after our correspondence earlier. I am happy with the accommodation &amp; understand you cannot do both. Thank you and I appreciate your getting back to me.",
3293,Customer,Delta,Support inquiry,"@Delta This is nuts, sitting at gate waiting for “catering” ","CONVERSATION HISTORY:
Customer: @Delta DL1704 deplaned at DTW now were sitting at the gate without any updates. Please let us know what’s next
Agent: @116476 Hello, Holly. I do apologize for the delay. Delays are never fun. They are working hard to get you in the air ASAP. As of now, your flight is estimated to depart at 5:45 pm and estimated to arrive at 8:46 pm. *TAC

CURRENT MESSAGE:
@Delta This is nuts, sitting at gate waiting for “catering” hope that means you’re feeding the whole plane of frustrated passengers. Travel vouchers??? 4+ hours delayed and still we wait... not fun indeed!",
3300,Customer,Delta,Support inquiry,"@Delta Great, I also have a question regarding baggage allow","CONVERSATION HISTORY:
Customer: @Delta Hi! Trying to cancel award booking that I booked in less than 24 hours online and it says that I have to pay to cancel. could you help me with cancellation?
Agent: @116477 May I have your confirmation number? *AFC https://t.co/6iDGBJAc2m
Customer: @Delta Yes, GEX8LD
Agent: @116477 Please allow 24 to 72 hours, for the miles to be redeposited. The cash portion will be redeposited within 6  to 10 business days.  *AFC

CURRENT MESSAGE:
@Delta Great, I also have a question regarding baggage allowance. Could I leave a DM?",
3306,Customer,Ask_Spectrum,Support inquiry,@Ask_Spectrum Thank you,"CONVERSATION HISTORY:
Customer: @Ask_Spectrum still no internet going on 15 hours. I already talk to someone this afternoon and they are aware. #disappointed #Frustrating
Customer: @Ask_Spectrum Came back on this morning
Agent: @116478 OK great, we will be here if the issues return. ^SH

CURRENT MESSAGE:
@Ask_Spectrum Thank you",
3315,Customer,sainsburys,Support inquiry,"@sainsburys Ok will do, thank you!","CONVERSATION HISTORY:
Customer: @sainsburys Nooo! I’ve just bought 2 sets of Christmas earrings from your Basildon branch &amp; I think I left them at the till! What can I do?!
Agent: @116480 Oh no! That's never good Wendy. Did you pick up your receipt? When did you visit? Robbie
Customer: @sainsburys I did thankfully! And this evening about 9.30pm. I talked to the checkout girl about the kettle I was buying too.
Agent: @116480 I advise going into store and speaking with one of my colleagues. I'm sure they'd be more than happy to help. Robbie

CURRENT MESSAGE:
@sainsburys Ok will do, thank you!",
3334,Customer,ChipotleTweets,Support inquiry,@ChipotleTweets It's too late. I have ascended into darkness,"CONVERSATION HISTORY:
Customer: BOO at #Chopotle who forgot to include my delicious vinaigrette dressing in my bag before I left… @ChipotleTweets https://t.co/NekemyUTKS
Agent: @116487 Sad day! I'm so sorry. Are you able to to go back and grab it? -Becky

CURRENT MESSAGE:
@ChipotleTweets It's too late. I have ascended into darkness. https://t.co/tpolABrWol",
3344,Customer,ChipotleTweets,Support inquiry,"@ChipotleTweets Chicken, rice, corn ,cheese and guacamole!!!","CONVERSATION HISTORY:
Customer: Got my $3 #boorito  from @chipotletweets #happyhalloween🎃 https://t.co/csK92IhYn7
Agent: @116491 We appreciate you stopping by! What all did you get in your burrito? -Becky

CURRENT MESSAGE:
@ChipotleTweets Chicken, rice, corn ,cheese and guacamole!!!",
3352,Customer,ChipotleTweets,Support inquiry,"@ChipotleTweets I am on line to order, I am hoping its been ","CONVERSATION HISTORY:
Customer: @ChipotleTweets The Chipotle on 193 W 237th St, Bronx, NY 10463 is only offering $3 burritos, when the website includes bowls and tacos.
Agent: @116494 That's concerning. We'll get in touch with the team straightaway. -Becky

CURRENT MESSAGE:
@ChipotleTweets I am on line to order, I am hoping its been fixed. I let you guys know. My friends were told only burritos",
3383,Customer,DropboxSupport,Support inquiry,@DropboxSupport I'm using automatic camera upload. The issue,"CONVERSATION HISTORY:
Customer: @DropboxSupport there seems to be an issue with the latest Android version. Battery drains. 10 to 20% of battery is being consumed by the Dropbox app. A fix would be nice https://t.co/LXr4BBXFXG
Agent: @116503 Hey there, is that our latest Stable version 72.2? Can you tell us what mobile device you’re using, and what version of Android you’re on? Thanks in advance!
Customer: @DropboxSupport Samsung galaxy S6, android nougat 7.0  Samsung security update, see Screenshot for firmware version. Dropbox 72.2.2 https://t.co/qwaX0dkZ7v
Agent: @116503 Hi again, are you uploading files manually or using automatic camera uploads? Could you DM us a screenshot of the Offline files page, if you do have any offlined? Thanks in advance!

CURRENT MESSAGE:
@DropboxSupport I'm using automatic camera upload. The issue seems to occur after taking even just 1 picture. I'm not using offline files on my phone. I have seen similar issues mentioned in the Google play store review comments",
3387,Customer,AskTarget,Support inquiry,"@AskTarget I’m not offended, I’m disappointed.  Burnsville s","CONVERSATION HISTORY:
Customer: Come on @116062!  Where’s the diversity??  #whataboutme https://t.co/xUoNJ1t3QA
Agent: @116504 We strive to create an environment that recognizes the value of diversity. It is never our intention to offend you with the merchandise we carry. We'd love to share your comments with our Buyers. Please provide which store you visit. Thanks!

CURRENT MESSAGE:
@AskTarget I’m not offended, I’m disappointed.  Burnsville store.",
3402,Customer,AskPlayStation,Support inquiry,"@AskPlayStation Ok ya los estoy siguiendo, quedo atento a su","CONVERSATION HISTORY:
Customer: @116216 hola realice 2 compras fifa 18 y cod wwii en digital pero lo he recibido el código de descuento me ayudan id: roriak_
Agent: @116511 Hola Cesar! Por favor siguenos en Twitter para brindarte asistencia por mensajes directos.

CURRENT MESSAGE:
@AskPlayStation Ok ya los estoy siguiendo, quedo atento a su respuesta",
3423,Customer,AskPlayStation,Support inquiry,@AskPlayStation It fixed itself 30 minutes prior to this twe,"CONVERSATION HISTORY:
Customer: Hey @AskPlayStation are the servers currently down?
Customer: @AskPlayStation Status page says the opposite of what my console says
Agent: @116514 That's odd. PSN is online. Please power cycle your network devices and try again: https://t.co/UUMNDRIFMj

CURRENT MESSAGE:
@AskPlayStation It fixed itself 30 minutes prior to this tweet, thanks for the 8 hour late response anywho...",
3456,Customer,AskTarget,Support inquiry,@AskTarget I’ve checked the stores near my zip 60431. I have,"CONVERSATION HISTORY:
Customer: @116062 I’m trying to find DPCI 030-02-8711. No stores locally have it. Can you help me find it at any store in the US? Called Target CSR and no help.
Agent: @116529 We are happy to help you. However, stores won't be able to ship this crib bedding to you, so please let us have a zip code and we will look for inventory around you. Thanks for reaching out!

CURRENT MESSAGE:
@AskTarget I’ve checked the stores near my zip 60431. I have friends in the the following states: MI, OH, KY, IA, GA, FL. Still couldn’t find anything. I really want to find this bedding for my nursery.",
3462,Customer,AskeBay,Support inquiry,@AskeBay I add it on the computer and save it. I go on the e,"CONVERSATION HISTORY:
Customer: @115937 Why did you get rid of the feature to add a picture to your phone from the computer? That is extremely annoying!!!
Agent: @116530 the listing from phone or computer to access that photo. Was this feature in the Sell Your Item form, or somewhere else? 2/2 ^K
Customer: @AskeBay It was a feature when you were selling an item from your computer. You clicked ""send to phone"". That feature is gone. :(
Agent: @116530 Curious! Well, for now, if you upload a photo to your draft listing you can access it by going to the draft from your app. 😊 ^K

CURRENT MESSAGE:
@AskeBay I add it on the computer and save it. I go on the ebay app and upload a picture that way. Was just curious why it went away. :)",
3467,Customer,AskeBay,Support inquiry,@AskeBay No it's for the promises @115937 made and now are t,"CONVERSATION HISTORY:
Customer: @115937 unacceptable telling people they are in the affected area right after #HurricaneIrma (I had no power for 5 days) &amp; now saying I'm not!
Agent: @116531 Is this in relation to your seller performance level? Please DM us with more details so we can review our options! ^BK

CURRENT MESSAGE:
@AskeBay No it's for the promises @115937 made and now are taking back!",
3475,Customer,AskeBay,Support inquiry,@AskeBay I still need weekly sales report for 10/1-10/7.  I ,"CONVERSATION HISTORY:
Customer: @AskeBay #Ebay is super slow and extra glitchy today!  Making my listing process fun and productive!  Thanks!!!  (Fix the site please).
Agent: @116533 That's no good. We'll definitely look into that. Are you still seeing that issue? Please let us know. ^CM
Customer: @AskeBay I need my weekly sales report from 10/1-10/7.  Will continue to call the #Philippines until this issue is fixed (though I doubt this helps).
Agent: @116533 Let's take a look. Can I ask you to DM us your email address, full name and registered postal code so we can review?^CM

CURRENT MESSAGE:
@AskeBay I still need weekly sales report for 10/1-10/7.  I call every day about this.  I will continue to tweet and call until it's fixed. DM'd you.",
3478,Customer,sainsburys,Support inquiry,@sainsburys It’s a multi pack so I don’t have the barcode I’,"CONVERSATION HISTORY:
Customer: .@sainsburys what happened to the rest of the chocolate on my corn cakes?? 😭😭😭 https://t.co/VQwWOnWlFe
Agent: @116534 Hi there, sorry about this. Could you send me a pic of the barcode please? Which store did you buy this from? Robbie

CURRENT MESSAGE:
@sainsburys It’s a multi pack so I don’t have the barcode I’m afraid, it was Whitechapel in London",
3487,Customer,DropboxSupport,Support inquiry,@DropboxSupport One more question: how do I enable Smart Syn,"CONVERSATION HISTORY:
Customer: @DropboxSupport having trouble redeeming dropbox plus annual subscription I bought from Dell. Help?
Agent: @116535 Hi Danaan, what error are you getting when you redeem the key for your Dropbox account? Did you have Plus before with EVH?
Customer: @DropboxSupport hi, when I follow the link, dropbox asks me to log in with my biz account. I want to apply it to my personal account
Agent: @116535 Hi again, do you have two emails, a work and personal account, and are they linked? Are you able to login to your personal account first?
Customer: @DropboxSupport ah, yes. I had a work email on my biz acct, which was linked to my personal acct. I unlinked them, tried the link again and it worked. Thx!
Agent: @116535 Hey, that’s great, Danaan! We’re glad to hear that you got this taken care of. Thanks for letting us know. Cheers 🙂

CURRENT MESSAGE:
@DropboxSupport One more question: how do I enable Smart Sync?",
3492,Customer,BofA_Help,Support inquiry,@BofA_Help I went into my Branch and was told it was not pos,"CONVERSATION HISTORY:
Customer: Bank of America strikes out again. They cannot set up a reoccurring electronic deposit from my account to a business account at their bank!
Customer: Just wanted to pay my shop rent to new landlord. Amazing. Had to use my Key Bank account to set up payments to the Bank of America account.
Agent: @116536 Hi Brad, we saw that you mentioned us. Were you able to get the problem resolved? If not, we’d like to help. Thank you. ^nw

CURRENT MESSAGE:
@BofA_Help I went into my Branch and was told it was not possible to set up monthly electronic payment into a business account at BofA. Used KeyBank.",
3495,Customer,BofA_Help,Support inquiry,"@BofA_Help Thanks for the call, pls let me know if you need ","CONVERSATION HISTORY:
Customer: @116035 is this how u treat immigrants who trusted u with their funds. I see dis as u been racially abusing imigrants. #ReleasemyFund
Agent: @116537  Pls send us your full name/ZIP/phone#/account type so our Social Care Team can help you. ^cr
Customer: @BofA_Help Name: Muyiwa Dele Olatunde; Zip:30093; Phone#: 7703743799; Account Type: Checking &amp; Savings
Agent: @116537 Thanks for the info, our Social Care Team will follow up with you. ^cr
Customer: @BofA_Help Another promise!
Am waiting...
Agent: @116537 Hi Muyiwa. Thank you for speaking with us last night. We will research your account and follow up with you again today. Thanks! ^bc

CURRENT MESSAGE:
@BofA_Help Thanks for the call, pls let me know if you need any information from me to help fast track ur research",
3524,Customer,XboxSupport,Support inquiry,"@XboxSupport no problem, so it's the number 4 am I correct?","CONVERSATION HISTORY:
Customer: @XboxSupport Where is the bind button on the xbox one s console???
Agent: @116544 Hi there! The bind button is located on the side of the console nest to the USB port.  ^JA
Customer: @XboxSupport Hi! Im on the Xbox One S and I can 't find a button on the side of the consol.
Agent: @116544 Apologies for the confusion there, this would be located in the front right part of the console: https://t.co/9LGBGRgXBp  ^JA

CURRENT MESSAGE:
@XboxSupport no problem, so it's the number 4 am I correct?",
3533,Customer,XboxSupport,Support inquiry,"@XboxSupport Thankyou I found a link for the UK, the player ","CONVERSATION HISTORY:
Customer: @XboxSupport I want to get @116547 on the 12 December how do I get access through game preview? What is this,do I download an app?
Agent: @116546 Hello! You can pre-order the game here: https://t.co/QLEW6CNqQL
 ^RR
Customer: @XboxSupport And That's for the UK? Can I get it On the xbox store via my xbox?
Agent: @116546 pre-order the game on the UK version of the site. Let us know if you are unable to.  2 ^RR

CURRENT MESSAGE:
@XboxSupport Thankyou I found a link for the UK, the player preview jargon is still  very confusing, thought I had to be Signed up to order The game",
3574,Customer,AmericanAir,Support inquiry,@AmericanAir I’d still rather have a screen though. Rather n,"CONVERSATION HISTORY:
Customer: Really @AmericanAir.. 7hour international flight and no seat back entertainment screens.. c’mon
Agent: @116565 We hear you, Liam. We're working as fast as we can to update our fleet and will soon have super fast Wi-Fi to stream movies.

CURRENT MESSAGE:
@AmericanAir I’d still rather have a screen though. Rather not cause neck problems looking down all flight at a tablet",
3585,Customer,AmericanAir,Support inquiry,@AmericanAir Make that 11:15. How could it change 3 times in,"CONVERSATION HISTORY:
Customer: @AmericanAir what’s going on with flight 301 DTW &gt; DFW? Delayed over 3 hours. Will it be canceled?
Agent: @116568 Looks like it has a maintenance delay and it's currently scheduled to take off at 10:10p.
Customer: @AmericanAir Yes I see that. Your app says the incoming flight arrives at 10:05 so how are we going to take off at 10:10? https://t.co/vZxyxOa1xo
Agent: @116568 That's the most current info, but if there is any further update our gate team will provide it as it becomes available.
Customer: @AmericanAir Now 10:50 😩.

CURRENT MESSAGE:
@AmericanAir Make that 11:15. How could it change 3 times in 10 minutes? #giveusthedeets",
3594,Customer,AmericanAir,Support inquiry,@AmericanAir 1st and foremost - your crew has been lying to ,"CONVERSATION HISTORY:
Customer: @AmericanAir stuck on flight 609 in Charlotte over 55 minutes due to a computer card tech issue while pilot repeatedly advised it would only take a ""few minutes"" to fix. Why wasn't this issue reported by previous pilot that arrived minutes b4 we boarded in effort to save time?
Agent: @116569 We're sorry for the delay. The previous pilot may not have been aware of the problem. We appreciate your patience.
Customer: @AmericanAir After 1 hour of being lied to by the pilot - we are now being totally inconvenienced by having to un-board this plane and board another plane - meanwhile i should be landing in Miami in 50 minutes. Completely irresponsible and utmost negligent on Pilots behalf
Customer: @AmericanAir I have flown @AmericanAir 15 times in the past 12 months and only departed on schedule 4 times.
Agent: @116569 Our crew is there to serve you and not deceive you in any way. We're also here to help so please share your flight details via DMs.

CURRENT MESSAGE:
@AmericanAir 1st and foremost - your crew has been lying to us for over an hour. Then after being deceived by your crew for over an hour - we are being lied to again as they advised us the new plane we are transferring to is departing at 7:45pm - however they have not begun boarding yet.",
3598,Customer,AmericanAir,Support inquiry,@AmericanAir I was forced to check my small suitcase. Never ,"CONVERSATION HISTORY:
Customer: Give me and the 50,000 other people our bags @AmericanAir! #travelwoes #longestday
Agent: @116570 We're sorry for the extended travel time today, Ally. Our team is working hard to reunite you with your bags.

CURRENT MESSAGE:
@AmericanAir I was forced to check my small suitcase. Never happened before.  There was plenty of storage space too. Fml",
3603,Customer,AmericanAir,Support inquiry,@AmericanAir So I assume nothing is coming from tho incident,"CONVERSATION HISTORY:
Customer: @AmericanAir I just got off one of your flights AA1792 from Portland. The gentlemen in front of my 3 year old son, decided to rip at his feet for pressing them against his seat. When I confronted the coward verbally your stewardesses did absolutely nothing...
Customer: @AmericanAir Shame on you and your company
Agent: @116571 We're going to forward this to our flight service leadership team for appropriate review.

CURRENT MESSAGE:
@AmericanAir So I assume nothing is coming from tho incident. It has been several days since we made a complaint at the desk in person after the flight and this tweet. Pretty much you blew off any concernnto a act of battery on the plane against a child. This is ridiculous!!!",
3623,Customer,AmericanAir,Support inquiry,@AmericanAir See what they did there @59428? Awww,"CONVERSATION HISTORY:
Customer: #aws #reInvent stating off right, standby early on @AmericanAir and a Super80! Missed you buddy #AllTheFeelz https://t.co/beW63HtC9e
Agent: @116579 Thanks for joining us on board!
Customer: @AmericanAir Omg seriously.. ALL https://t.co/Vt5TLQBP6m
Customer: @AmericanAir THE.. https://t.co/tD1TCzPWtZ
Customer: @AmericanAir FEELS https://t.co/C11gLTRJ4f
Agent: @116579 #ALLLLLTheFeelz

CURRENT MESSAGE:
@AmericanAir See what they did there @59428? Awww",
3638,Customer,AmericanAir,Support inquiry,"@AmericanAir Wife, not wide.","CONVERSATION HISTORY:
Customer: @AmericanAir I love dogs but they don’t belong in #airplane #cabins.  It was bad enough when anyone could say they had a #therapypet.  I can’t keep my small bag in the #bulkhead row but the woman next to me can have her 40lb dog?
Agent: @116577 We're sorry for the inconvenience, Nick. Did you ask a crew member if you could move to another seat?
Customer: @AmericanAir You’re missing my point.  Numerous people tripped over the dog, not to mention anyone who might have been allergic.  When did you change your policy to allow any size dog into cabins for any/no reason?
Agent: @116577 Any dogs you see outside of a kennel are either service or emotional support animals.
Customer: @AmericanAir My wide was told to move her small handbag from the floor of the bulkhead row while this 40lb dog sprawled in the aisle.

CURRENT MESSAGE:
@AmericanAir Wife, not wide.",
3649,Customer,AskAmex,Support inquiry,@AskAmex Thank you I will,"CONVERSATION HISTORY:
Customer: @AskAmex I’m trying to make changes on my account but it keeps telling me I’ve been temporary locked out I already called to confirm my card
Agent: @116582 Hi Ashley. Which U.S. based card is this concerning? Please do not release any personal or card information. ^Clarissa
Customer: @AskAmex The blue cash everyday card
Agent: @116582 Have you tried resetting your password? ^Clarissa
Customer: @AskAmex No I have not but I will try that now
Agent: @116582 Try that and let me know if that helps. ^Clarissa
Customer: @AskAmex Unfortunately it said that my account was temporarily locked out of the system still
Agent: @116582 For immediate assistance,pls contact us at the Customer Service number on the back of your Card. Thank you.

CURRENT MESSAGE:
@AskAmex Thank you I will",
3674,Customer,comcastcares,Support inquiry,@comcastcares Can I DM you?,"CONVERSATION HISTORY:
Customer: @comcastcares Internet down, again. 7th time this month, I believe. 95608.
Agent: @116591 We're still here to help. Can you try doing a test wired in? -KB
Customer: @comcastcares Zero service. Internet is down. Restarted AND unplugged my modem. No connection.
Agent: @116591 Are you able to test using a wire? -KB
Customer: @comcastcares Test what, exactly? My cable modem can not establish a connection to Comcast. Keeps flashing upload light, indicating that it’s trying to connect but can’t.
Customer: @comcastcares  https://t.co/r3Gr2SEyQf
Agent: @116591 Ah, I see. Well, we would need to wait until the interruption is over so we can test the connection. -KB
Customer: @comcastcares I wasn’t asking to test the connection. I was reporting the outage, but you kept asking me to test my connection. Looks like someone else was able to successfully report the outage.
Agent: @116591 I do see they are working on the area. Once the service is back up we can continue to troubleshoot the continuing issues you were having. -KB
Customer: @comcastcares I appreciate it - sorry for being snappy. Frustrated that this is the 7th outage this month. Appreciate your assistance.
Agent: @116591 I completely understand, at this point, I'm unable to troubleshoot further since we don't have the connection to try. I hope they're able to resolve the full issue while they work on it this time. -KB

CURRENT MESSAGE:
@comcastcares Can I DM you?",
3692,Customer,comcastcares,Support inquiry,@comcastcares I appreciate it. :),"CONVERSATION HISTORY:
Customer: Insisted on going to the @116136 center and taking in the show with audio description for a second time. It was as  much fun today as it was yesterday, and I still got teary-eyed, even knowing what was coming
Agent: @116599 Please let us know if you need any help or have any questions. -GR
Customer: @comcastcares Oh, it's OK. No problems. I just had a fun time at that holiday spectacular y'all do here in Philly. :)
Agent: @116599 I just wanted to be sure you didn't need any help. But I am very happy to hear you enjoyed yourself at our event, please do not hesitate to reach out if you need any help. -GR

CURRENT MESSAGE:
@comcastcares I appreciate it. :)",
3698,Customer,comcastcares,Support inquiry,"@comcastcares Ahhh, you only care about throttling my intern","CONVERSATION HISTORY:
Customer: @116602 I am supposed to get 75 mbps download speed from @115900 but I am only getting 31 mbps according to https://t.co/yPMq1ut5y5. Thought you might want to know that they are throttling me... again.
Agent: @116601 I apologize you are experiencing some speed issues. Could you please DM your full first/last name, full service address (Including the city, state, and zip code), and the phone number listed on the account? -DG

CURRENT MESSAGE:
@comcastcares Ahhh, you only care about throttling my internet speed I am paying for when @116602 is involved. Interesting.",
3706,Customer,comcastcares,Support inquiry,@comcastcares That's a lie. U must think we're stupid... how,"CONVERSATION HISTORY:
Customer: Damn... how fucked up is @115900 the #UVA #RIU game is over... but I went by they're espn setting... this game can't be just coming on LIVE... how I hate them!!! https://t.co/NXdDA3OVaa
Agent: @116603 Thanks for reaching out to us with your concern about the game. This is likely due to licensing agreement restrictions between us, the network and the league. We apologize for any inconvenience. -Ken
Agent: @116603 I agree in the end you should have gotten to watch it live. If it were up to us we would definitely be able to do just that. There are things that are beyond our control when it comes to contract negotiations licensing agreement &amp; restrictions. -AMD
Customer: @comcastcares What? That's ridiculous. It makes no sense that someone else is at fault for your programming error... U had wrong game labeled... twice. how is that someone else fault?
Agent: @116603 I understand your frustration; however, this is an issue with the licensing agreement restriction between the network, the league and us. I am sorry for the inconvenience this has brought you.-RM

CURRENT MESSAGE:
@comcastcares That's a lie. U must think we're stupid... how does licensing Malibu mislabeled a program. That's incompetence",
3721,Customer,Uber_Support,Support inquiry,@Uber_Support Are you going to email me or not,"CONVERSATION HISTORY:
Customer: @Uber_Support my driver crashed and I hit my head happy Halloween
Agent: @116609 We hope everyone is ok. Please DM us your email address so we can follow up immediately.

CURRENT MESSAGE:
@Uber_Support Are you going to email me or not",
3726,Customer,AmazonHelp,Support inquiry,@AmazonHelp Have completed form and emailed you.,"CONVERSATION HISTORY:
Customer: @115830 Why do you say that an article is eligible for free delivery then offer nothing but standard option at £4.75?
Agent: @116610 Is everything in your basket eligible? You can find more info here: https://t.co/d1x19RiAXm Let us know if this helps! ^EB
Customer: @AmazonHelp There was only one costing a lot more than £20 and  FBA -stating eligibility !
Agent: @116610 We'd like to take a look into this with you. When you have a moment, please reach out to us here: https://t.co/qy3J24VGxb ^AC

CURRENT MESSAGE:
@AmazonHelp Have completed form and emailed you.",
3729,Customer,AmazonHelp,Support inquiry,@AmazonHelp All of them,"CONVERSATION HISTORY:
Customer: @AmazonHelp i reset my password 3 times and it still says incorrect you gotta be shitting me
Agent: @116611 I'm sorry for the trouble! Have you tried the steps outlined here? https://t.co/POJ37mWiEk ^LA

CURRENT MESSAGE:
@AmazonHelp All of them",
3733,Customer,AmazonHelp,Support inquiry,@AmazonHelp I can’t log in because it’s locked.,"CONVERSATION HISTORY:
Customer: @AmazonHelp um, my account was locked as soon as I tried to login on desktop. I still haven’t received an email on how to get it unlocked...
Agent: @116612 I'm sorry your account is locked! Please reach out directly to us here: https://t.co/jzvkhdlrK5 so we can take a closer look. ^TN

CURRENT MESSAGE:
@AmazonHelp I can’t log in because it’s locked.",
3737,Customer,AmazonHelp,Support inquiry,@AmazonHelp Kann ich dann wenigstens mein Amazon-Konto aufla,"CONVERSATION HISTORY:
Customer: @AmazonHelp Warum ist es mir (und scheinbar auch ein paar anderen) nicht möglich per Bankeinzug zu bezahlen?
Agent: @116613 Hier findest du alle Infos darüber: https://t.co/FSmvkW0SJB ^AS

CURRENT MESSAGE:
@AmazonHelp Kann ich dann wenigstens mein Amazon-Konto aufladen um zu bezahlen. Ich habe keine Kreditkarte und möchte auch keine",
3749,Customer,AmazonHelp,Support inquiry,"@AmazonHelp Mac book pro, with Chrome","CONVERSATION HISTORY:
Customer: @116618 why your videos on Germany breaks too?
Agent: @116617 Have you already tried a restart? Kind regards ^NW
Customer: @AmazonHelp Many times, but still failing, and it happen with some show
Agent: @116617 Is this still ongoing? What devices are you using? ^AN
Customer: @AmazonHelp Sadly yes
Agent: @116617 What devices are you using for Amazon Video? ^AN

CURRENT MESSAGE:
@AmazonHelp Mac book pro, with Chrome",
3764,Customer,AppleSupport,Support inquiry,"@AppleSupport 11.1?? when did that come out lol, i talked to","CONVERSATION HISTORY:
Customer: not only does my phone keep freezing but when i screenshot things it turns out white... really not liking this iphone 8 plus @AppleSupport
Agent: @116621 Let's look at this together. Are you updated to iOS 11.1?

CURRENT MESSAGE:
@AppleSupport 11.1?? when did that come out lol, i talked to you guys last night and you asked if i was updated to 11.0.3 which i am lol",
3770,Customer,AppleSupport,Support inquiry,@AppleSupport That fixed it thanks,"CONVERSATION HISTORY:
Customer: @AppleSupport this is my top bar every time I open messages on my SE after updating to iOS 11.1 https://t.co/Lzge3qzc7w
Agent: @116623 Thank you for reaching out to us. Have you tried to restart the device? Let us know to get started.

CURRENT MESSAGE:
@AppleSupport That fixed it thanks",
3821,Customer,Uber_Support,Support inquiry,@Uber_Support hello! I meant as a user not as an associate!!,"CONVERSATION HISTORY:
Customer: @Uber_Support I live in Mexico City, have not received facturas in the last 2 months and need then ASAP for tax report. please help!
Agent: @116642 Hi there! Please send us a note via https://t.co/EkibplQL1j so we can assist further.

CURRENT MESSAGE:
@Uber_Support hello! I meant as a user not as an associate!!",
3885,Customer,Delta,Support inquiry,"@Delta Yes, that's correct. Under the question about a speci","CONVERSATION HISTORY:
Customer: @Delta Your website comment form makes return trip a required field set. That's a problem for asking questions about 1-way flights.
Agent: @116648 Is this in our Comments/Complaints section? *HKC

CURRENT MESSAGE:
@Delta Yes, that's correct. Under the question about a specific reservation option.",
3891,Customer,SpotifyCares,Support inquiry,@SpotifyCares Okay! I did it! Thanks,"CONVERSATION HISTORY:
Customer: @SpotifyCares hi! I’ve got an issue where my account is like hijacked with an app/device that I don’t even know called Spotiamb 0.2.1..(1)
Customer: @SpotifyCares What should I do in this cases? Thanks in advance! (2)
Agent: @116649 Hi Nico! Can you send us a DM with your account's email address or username? We'll take a look under the hood /XF https://t.co/ldFdZRiNAt

CURRENT MESSAGE:
@SpotifyCares Okay! I did it! Thanks",
3896,Customer,SpotifyCares,Support inquiry,@SpotifyCares And this is why I’ll love Spotify forever and ,"CONVERSATION HISTORY:
Customer: https://t.co/OBiOirQ3iU

Are you feeling something good?🤔
Well👏🏽
So👏🏽
Am👏🏽
I👏🏽
But I hate my voice, so oh well. 😂
Check it.
#NewMusic ✌🏽❄️
Customer: @SpotifyCares I dunno what system you use that decides which part of the song it gonna play- I love Spotify, but maybe a custom clip option?
Agent: @116650 This sounds like a great idea! Suggest it in our Community at https://t.co/rtDvYZOF32 and get support from other users /LO

CURRENT MESSAGE:
@SpotifyCares And this is why I’ll love Spotify forever and why you are my favorite music platform. Thank you! 🙏🏽💯❄️",
3910,Customer,VerizonSupport,Support inquiry,@VerizonSupport @116652 except it is causing issues. for lot,"CONVERSATION HISTORY:
Customer: @VerizonSupport Was it you or Blizzard who broke the servers?
Agent: @116652 Let's take a look. Have you had a chance to run a tracert? ^RMD
Customer: @VerizonSupport yea I have, it appears to be routing to Washington and then to France
Agent: @116652 Could you post it here so we can assist you in verifying where the issue is? ^RMD
Customer: @VerizonSupport 1    &lt;1 ms    &lt;1 ms    &lt;1 ms  192.168.1.1 
  2     5 ms     1 ms     1 ms  https://t.co/Jq3Mbli8AZ [108.53.222.1] 
  3    10 ms     7 ms     7 ms  https://t.co/o3D5PeN7L8 [100.41.128.86] 
  4     *        *        *     Request timed out.
  5     5 ms     6 ms     6 ms
Agent: @116652 Looks like a minor increase in the Blizz network but nothing that should be causing you issue. ^RMD

CURRENT MESSAGE:
@VerizonSupport @116652 except it is causing issues. for lots of players",
3916,Customer,VerizonSupport,Support inquiry,@VerizonSupport  https://t.co/QXYZ47KIps,"CONVERSATION HISTORY:
Customer: @116655 Heyo! I can't log into the BattleNet app nor Overwatch. I'm from northern NJ and a Fios user. It seems to be a running theme atm so if there is any other info you need let me know!
Agent: @116654 Have you had a chance to run a tracert? ^RMD
Customer: @VerizonSupport I have not
Agent: @116654 Please run the tracert and post your results.
^NHP

CURRENT MESSAGE:
@VerizonSupport  https://t.co/QXYZ47KIps",
3923,Customer,VerizonSupport,Support inquiry,@VerizonSupport Might want to check out https://t.co/vRbAVhE,"CONVERSATION HISTORY:
Customer: @116655 Logged into WoW, got dropped after a few minutes.  After a reboot I can't even reconnect in launcher.  Similar results among friends in this area, northeast US. https://t.co/bOFP56VGk3
Customer: @116655 Myself and friends who can't connect all seem to be Verizon FIOS, so this could be an ISP thing.
Agent: @116656 We can certainly take a look. Have you had a chance to run a tracert?^RMD
Customer: @VerizonSupport Same reports on @116655 from other FiOS users around the north east.  Is this something Verizon is investigating or could join in on?  Been over 4 hours of outage for some. https://t.co/2Ecdop6zl1
Agent: @116656 Please follow and DM us. ^RMD

CURRENT MESSAGE:
@VerizonSupport Might want to check out https://t.co/vRbAVhEDeE for more reports of this.",
3931,Customer,VerizonSupport,Support inquiry,@VerizonSupport I did,"CONVERSATION HISTORY:
Customer: Enjoying the end of the #IronBowl with this top notch @115722 service https://t.co/K0taDAwjZA
Customer: @116658 That's not good. Were you able to change channels and then back?
^JAY
Customer: @115722 Yes. I unplugged and plugged everything back in too.
Agent: @116658 Is it doing this on your other TV's as well?
^ACM
Customer: @VerizonSupport Yes
Agent: @116658 Are you able to reset the router?
^NHP

CURRENT MESSAGE:
@VerizonSupport I did",
3941,Customer,VerizonSupport,Support inquiry,@VerizonSupport Nope. A few states away actually. The airbnb,"CONVERSATION HISTORY:
Customer: I can't watch the Temple game because this tv in Vermont doesn't have espn news and our verizon account doesn't have it either. 

And I am not happy about this at all. This is absolute crap.
Customer: Finally got a radio broadcast of it but I'm still mad.
Customer: 17 unanswered points makes it a little better but ughhh
Customer: If only I could be watching this offensive first half. *Sounds* great!
Customer: It is so irritating that @115725 won't let me stream this game on espnews on https://t.co/9BVVRDqTL0 even though I have espnews back home. Makes no sense
Agent: @116659 What message you getting when you try to stream?
^ACM
Customer: @VerizonSupport  https://t.co/BcPl6i84L0
Agent: @116659 Are you currently on your home network?
^JAY

CURRENT MESSAGE:
@VerizonSupport Nope. A few states away actually. The airbnb we're in doesn't have espnews so we signed in with our Verizon account to go to espn3 and watch. Doesn't allow us. Which I don't get since I know we have espnews back home",
3947,Customer,VerizonSupport,Support inquiry,@VerizonSupport I just tried from a wired connection. Downlo,"CONVERSATION HISTORY:
Customer: @VerizonSupport @115725 ... when your “gigabit” internet is so slow that the Verizon speed test fails repeatedly... https://t.co/qsg0ov6rXp
Agent: @116660 That's strange can you try a different browser and redo the test? 
^JAY
Customer: @VerizonSupport Hi Jay, I was using the my Fios app
Agent: @116660 Is it possible we can run this test from a wired connection to see what we are getting there? ^RMD

CURRENT MESSAGE:
@VerizonSupport I just tried from a wired connection. Download speed at 153 mpbs, upload speed hovered at 0.5 mbps before ultimately asking me to try again later. I tried again and download speed hovered at 5 mbps and eventually failed.",
3968,Customer,VerizonSupport,Support inquiry,@VerizonSupport It's been like this for weeks. Can you confi,"CONVERSATION HISTORY:
Customer: @VerizonSupport can you fix the guide data for channel 506 WBIN-TV. The correct info is listed on channel 466 still which is no longer available
Agent: @116661 The broadcaster (WBIN) gives us what to put on the guide, we cannot change it.  There might be an out of Sync issue however.  Unplug an unscrew the COAX on the back of your router.  Wait 2 min then plug back up.  Once the internet comes back do the same to the cable box.
^ACM
Customer: @VerizonSupport Channel 506 is WBIN-TV, it was 466 which data is right
Agent: @116661 Are you stating that 466 is not available to you? 
^ADP
Customer: @VerizonSupport Correct
Agent: @116661 What message are you receiving when you tune to this channel?
^JAY
Customer: @VerizonSupport No message, can't tune to it at all
Agent: @116661 Does that channel appear on your guide?
^NHP
Customer: @VerizonSupport Yes
Agent: @116661 So are you seeing a black screen with the channel information at the bottom?
^JAY
Customer: @VerizonSupport No, it's not selectable on guide or directly entering #. It goes to 455 instead
Agent: @116661 Is this happening on all TV's? It sounds like it could be a setting on the guide that could be skipping it if its not a part of your paid service.
^JAY
Customer: @VerizonSupport All tvs, its a local channel so it's part of my basic service
Agent: @116661 Do you know where your back up battery is located?
^JAY
Customer: @VerizonSupport Yes
Agent: @116661 Just to be safe, could you press and hold the alarm silence button on it for 20 seconds so we can reboot it and ten reboot your cable box please. ^RMD
Customer: @VerizonSupport Done.. No changes
Agent: @116661 When you tune to channel 506 is that what your guide is saying should be on 466? ^RMD
Customer: @VerizonSupport Yes. Guide for 466, the programs are airing on 506. 506 guide doesn't correspond to anything https://t.co/pDEGjNS9ox
Agent: @116661 Seems that channel is in the process of moving. It will match up again within the next couple of days. ^RMD

CURRENT MESSAGE:
@VerizonSupport It's been like this for weeks. Can you confirm?",
3973,Customer,VerizonSupport,Support inquiry,@VerizonSupport ty,"CONVERSATION HISTORY:
Customer: @116655 Heyy so I am having trouble connecting from central jersey on fios, saw that others are having issues as well?
Agent: @116662 After testing the trace-routes, there is an issue with Blizzards Servers right now, it is not on our end. Please reach out to them for assistance/updates. ^ACM

CURRENT MESSAGE:
@VerizonSupport ty",
3976,Customer,British_Airways,Support inquiry,@British_Airways The staff in the counter issued the boardin,"CONVERSATION HISTORY:
Customer: @British_Airways i hope you can help me, becuse the way i am treated it's totally unacceptable.
Agent: @116663 We're concerned to hear this, Omar. Is there anything we can help you with? ^Jane

CURRENT MESSAGE:
@British_Airways The staff in the counter issued the boarding pass for me and my wife but they didnt board us on the plane",
3981,Customer,British_Airways,Support inquiry,@British_Airways I’ve spoken to 5 so far.All telling me diff,"CONVERSATION HISTORY:
Customer: @British_Airways booked us into @103574 @73772 when it’s closed wish I’d used @116665 #disappointed #noholiday
Agent: @116664 We're so sorry to hear this, Tracey. Have you managed to speak to our BA Holidays team? ^Jane
Customer: @British_Airways We have but not satisfactorily. Can you DM me please
Agent: @116664 Unfortunately we're unable to help you with BA Holidays bookings, Tracey. We're sorry to disappoint you. ^Jane
Customer: @British_Airways Can you tell me who can.
Agent: @116664 You would need to speak with our Holidays team, Tracey. Sorry for any inconvenience. ^Lisa

CURRENT MESSAGE:
@British_Airways I’ve spoken to 5 so far.All telling me different things.Nobody seems 2 be able 2 sort this.A holiday isn’t meant 2 cause this much stress.",
3997,Customer,British_Airways,Support inquiry,@British_Airways Thank you for your personal call &amp; help,"CONVERSATION HISTORY:
Customer: @British_Airways British Air keeps losing the CIV # to charge my flights. Been going on since early October. Poor customer service.
Agent: @116667 the ticket is not reissued quickly enough. The Fares team will reissue your change soon. We're sorry for the delay. ^Kit 2/2

CURRENT MESSAGE:
@British_Airways Thank you for your personal call &amp; help today. I now have my receipt &amp; confirmed tickets.",
4024,Customer,British_Airways,Support inquiry,"@British_Airways 00447900248601, anytime today","CONVERSATION HISTORY:
Customer: @British_Airways  where is my missing bag ? On br airways flight to bfast hrow kuwait, delayed flightput on K airlines mon anoon  veryupset
Agent: @116668 Hi Kevin, you should have a WorldTracer reference number to allow you to view updates. Do you have this at all? ^Teresa
Customer: @British_Airways No, when i was in hrow, they took the old tickets off me which had the  ref. No Was told it would be on kuwait airlines monday anoon flight
Agent: @116668 Which airline operated your last flight, Kevin? ^Lisa
Customer: @British_Airways Kuwait airlines leaving heathrow on monday afternoon
Agent: @116668 Hi Kevin. If Kuwait Airlines was the airline who you last traveled with, you would need to contact them regarding your delayed bag. ^Lolly
Customer: @British_Airways Your rep at hrow assured me it would be on Kuwait airlines, it was not. Went to  their baggage reclaim, they are waiting for you to send it
Agent: @116668 reference no. so you  can keep a track of the bag's status. The system is automated and we'll work hard to get your bag back to you. ^J 2/2
Customer: @British_Airways Have filed report with kuwait airlines, their file ref kwiku14346 hope this helps
Agent: @116668 booking reference, email address and contact telephone number. Please also use this link https://t.co/YKl4na7MJj to check online 2/2. ^Oli
Customer: @British_Airways Kevin drayne __email__ 00447900248601. Onthis business trip, i had to buy add’l clothes, please advise on this
Customer: @British_Airways Help, Can someone actually help, have tried inputting info onto missing baggage on ie, chrome and apple. 8 days waiting for bag. A mess
Agent: @116668 We can try and help Kevin. Please DM a contact telephone number and time we can contact you. ^Oliver

CURRENT MESSAGE:
@British_Airways 00447900248601, anytime today",
4031,Customer,British_Airways,Support inquiry,"@British_Airways That's fine, but when a budget airline such","CONVERSATION HISTORY:
Customer: Can't believe @British_Airways don't provide free food on flights costs £300+ but @116671 are happy to do so at £45. Rip off Britain! 😂
Agent: @116670 Hi Jake, our short-haul Euro traveller cabin operates a buy on board menu, all other flights have complimentary meals. ^Helen

CURRENT MESSAGE:
@British_Airways That's fine, but when a budget airline such as KLM can provide complimentary food for a fraction of the price, it is laughable!",
4048,Customer,comcastcares,Support inquiry,@comcastcares 🎃,"CONVERSATION HISTORY:
Customer: @116136 @comcastcares fails to deliver quality service. Have dealt w/ them all day &amp; still no resolution. #comcastdoesntcare #ihatecomcast
Agent: @116675 Hi Gina. I can help turn those troubles around. Send me a DM with your full name, service address and phone number on the account. -BG
Customer: @comcastcares On 11/3. Frankly you guys could do better!!
Agent: @116675 Understood and I'm glad to hear you have a service visit. 

We're here 24/7 and are happy to help whenever you're ready. -BG

CURRENT MESSAGE:
@comcastcares 🎃",
4065,Customer,AmericanAir,Support inquiry,@AmericanAir It’s fine. The people on line handled fantastic,"CONVERSATION HISTORY:
Customer: When I email @AmericanAir I get the best customer service. Why the people on the phone aren't enabled to do the same just baffles me.
Agent: @116682 Our service should be consistent all across the board, Stuart. So sorry if you experienced otherwise.

CURRENT MESSAGE:
@AmericanAir It’s fine. The people on line handled fantastic. I would just hope that all are empowered to make decisions to help the customer.",
4071,Customer,AmericanAir,Support inquiry,@AmericanAir Here is a customer service tip! This $50 just c,"CONVERSATION HISTORY:
Customer: Today is the day that @AmericanAir lost my business for the rest of my life as well as everyone in my family.
Agent: @116684 Whoa, what's going on that you're feeling this way towards us?
Customer: @AmericanAir Charging me $50 dollars to bring in a gift bag today was uncalled for. I can fly with anyone. I’m done just throwing money away.
Agent: @116684 It sounds like you had a Basic Economy ticket. You're only able to have one personal item underneath the seat when you have this ticket type

CURRENT MESSAGE:
@AmericanAir Here is a customer service tip! This $50 just cost you thousand of dollars moving forward. I hope your CEO learns from this!",
4151,Customer,ATVIAssist,Support inquiry,@ATVIAssist @116691 HELP ME HELLO?,"CONVERSATION HISTORY:
Customer: STATUS UPDATE: Global Dedicated Server support remains active. Continuing Gamebattles testing with an update tonight. HQ tests in progress around the world, and you may find yourself in a fully populated HQ. If not, you can still invite friends into your HQ. More intel to come.
Customer: STATUS UPDATE: As mentioned yesterday afternoon, the game update on console last night improved Gamebattles matchmaking on Dedicated Servers. Continuing testing on all platforms and generating fixes. Be on the lookout for upcoming Game Updates.
Customer: @115765 @116694 Game was great on PC last night. Today’s small updates have ruined it. Not as smooth on the mouse, directx crashes. Top leaderboard player loses his points when it crashes….
Agent: @116691 Feel free to leave your feedback &amp; suggestions for CoD: WWII at the following link: https://t.co/RCAhIyIMzJ  ^CB
Customer: @ATVIAssist Reported, also posted advice to help some others who are crashing no doubt due to using “Extra” settings https://t.co/WpDisp7oMb
@115765
Agent: @116691 Hey Paul, it´s a bummer to hear you´re having this issue and not been able to play. Please shoot me a DM, I´ll help you out! ^MH

CURRENT MESSAGE:
@ATVIAssist @116691 HELP ME HELLO?",
4212,Customer,ATVIAssist,Support inquiry,@ATVIAssist @116696 HELP ME IVE TWEETED U LIKE 10 TIMES,"CONVERSATION HISTORY:
Customer: Help @116698 @115765 We are dropping places due to boosters. Please can you rectify the leaderboards. Many thanks https://t.co/AGFV0iuwCy
Customer: @116697 @116698 @115765 I don't mean to sound out of hand but what do you mean ""If there"" it's clear to differentiate whom dedicates themselves and those who have cheated. Max level with 100 and 200 games played? @ATVIAssist
Agent: @116696 2/2  If you suspect a player of cheating, please use the in game reporting tool. Thanks. ^AV

CURRENT MESSAGE:
@ATVIAssist @116696 HELP ME IVE TWEETED U LIKE 10 TIMES",
4302,Customer,hulu_support,Support inquiry,@hulu_support Ok thanks.,"CONVERSATION HISTORY:
Customer: @hulu_support l’m watching episodes of Lost in Space and they are not complete. I compared them with ones on YouTube and parts are missing.
Agent: @116714 Hi, Mike! We post content as received by the provider. If you let us know ep #'s and more details, we'd be happy to investigate.
Customer: @hulu_support It was the last episode of season one. The final scene is incorrect. It’s from another episode.
Agent: @116714 This is the version we're able to offer from the content provider, but we'll be sure to share your feedback!

CURRENT MESSAGE:
@hulu_support Ok thanks.",
4306,Customer,GWRHelp,Support inquiry,"@GWRHelp Thankyou, I just mentioned it as I've got a ticket ","CONVERSATION HISTORY:
Customer: @GWRHelp Hi,just wondering why the 2345 sleeper isn't showing when I do a search for Paddington to Penzance on December 21st? Thanks
Agent: @116715 Upgrade work is taking place though December. The timetable is being revised and is expected to be confirmed by the end of the week. Phil.

CURRENT MESSAGE:
@GWRHelp Thankyou, I just mentioned it as I've got a ticket for that one &amp; was a bit worried it had disappeared off the timetable that's all.Cheers!",
4353,Customer,AirAsiaSupport,Support inquiry,@AirAsiaSupport Tan khai wah. __email__ https://t.co/vngoPdE,"CONVERSATION HISTORY:
Customer: @AirAsiaSupport name correction my case number 494610
Agent: @116720 Hi there, there is no payment transaction has been made on your booking number and it is expired. -Jimy
Customer: @AirAsiaSupport Pls check because my credit card got debited RM676.90 on 24/9/2017. Please take it seriously for this allegation.
Agent: @116720 Hi There, sorry about this. may we have the screenshot of the payment slip to forward to relevant team. Thank you. -Prabu
Customer: @AirAsiaSupport Shown debited https://t.co/M7204q3u1m
Agent: @116720 Kindly DM us full name,email and flight details. We will get it checked in more details. Thanks - Ed

CURRENT MESSAGE:
@AirAsiaSupport Tan khai wah. __email__ https://t.co/vngoPdEpTp",
4356,Customer,Tesco,Support inquiry,@Tesco No. did not receive email nor phone call yesterday. I,"CONVERSATION HISTORY:
Customer: @Tesco food delivery due between 9-10pm. Still not arrived. Customer services did not answer call. Services now closed. What should I do? https://t.co/xSuRPWAivN
Agent: @116721 Sorry, did you receive your order or manage to speak with anybody? - Ceri

CURRENT MESSAGE:
@Tesco No. did not receive email nor phone call yesterday. It’s completely unacceptable. I’m going to work now so this is going to be problematic.",
4363,Customer,ChipotleTweets,Support inquiry,@ChipotleTweets are you telling me these tortillas aren't fr,"CONVERSATION HISTORY:
Customer: why can't i get chips instead of a tortilla from @ChipotleTweets for free?
Agent: @116722 We make our chips by hand, every single day. I'm sorry for any frustration they're an extra charge. -Becky
Customer: @ChipotleTweets so where do the tortillas come from?

CURRENT MESSAGE:
@ChipotleTweets are you telling me these tortillas aren't fresh, becky?",
4397,Customer,ATVIAssist,Support inquiry,@ATVIAssist @116733 HELP ME HELLOOOOO,"CONVERSATION HISTORY:
Customer: @ATVIAssist your game broke. I️ keep getting an update failure? Error code:1
Agent: @116733 Can you please try resetting your modem / router and clearing your console's cache (https://t.co/8flXKTmw8y) to fix this. ^CB
Customer: @ATVIAssist It still keeps giving me the same message.
Agent: @116733 Please try uninstalling / reinstalling CoD: WWII. I know this may take some time but keep me updated on the results. ^CB

CURRENT MESSAGE:
@ATVIAssist @116733 HELP ME HELLOOOOO",
4406,Customer,ATVIAssist,Support inquiry,@116737 @ATVIAssist They're the most awful support team they,"CONVERSATION HISTORY:
Customer: @115765 when u gonna fix hq for xbox
Agent: @116737  Hi there, please send us a DM for further assistance. ^RK https://t.co/c9WoAfwenP
Customer: @ATVIAssist @116737 REPLY TO DM LOL HELLO
Customer: @116692 @ATVIAssist Wym

CURRENT MESSAGE:
@116737 @ATVIAssist They're the most awful support team they don't give a fuck about the players and don't actually help with anything",
4421,Customer,ChipotleTweets,Support inquiry,@ChipotleTweets Definitely threw our plans out of whack. May,"CONVERSATION HISTORY:
Customer: .@ChipotleTweets what's up with the app and online ordering being down?!!
Agent: @116743 Online ordering is turned off tonight for our annual Boorito promo, but it'll be back on tomorrow. -Becky

CURRENT MESSAGE:
@ChipotleTweets Definitely threw our plans out of whack. Maybe more communication next time...",
4425,Customer,ChipotleTweets,Support inquiry,@ChipotleTweets I got a chicken Boorito with queso,"CONVERSATION HISTORY:
Customer: Thanks for the $3 Boorito™ @ChipotleTweets https://t.co/fN5bTwgvAg
Agent: @116744 Thanks for coming in! What did you get? -Becky

CURRENT MESSAGE:
@ChipotleTweets I got a chicken Boorito with queso",
4435,Customer,Tesco,Support inquiry,"@Tesco Hey no problem, yeah it was delivered just fine, just","CONVERSATION HISTORY:
Customer: @Tesco why is your grocery delivery guy just sitting outside when he only has 4 minutes left to deliver my groceries?
Agent: @116747 Hi Robyn, sorry for the delay in getting back to you. Can you please confirm if the delivery was made successfully? Thanks - Craig

CURRENT MESSAGE:
@Tesco Hey no problem, yeah it was delivered just fine, just a couple minutes late I just wondered why he was sat out there for 15 minutes is all 😊",
4441,Customer,sainsburys,Support inquiry,@sainsburys I’m so glad I didn’t pay the original toy sale p,"CONVERSATION HISTORY:
Customer: @sainsburys I just wanted to say how disappointed I am at the fact your store reduced items further after the toy sale! #outofpocket
Agent: @116748 I'm sorry about this Katie. Can you let me know what store you shop in please so I can log this for internal review? Shaun

CURRENT MESSAGE:
@sainsburys I’m so glad I didn’t pay the original toy sale price of £30 like my friend really disappointed as I do this sale every year!!",
4451,Customer,VerizonSupport,Support inquiry,@VerizonSupport I'd rather chew glass than deal with you cri,"CONVERSATION HISTORY:
Customer: Planning a scary movie marathon? With Fios, you don’t need to fear a slow internet connection. https://t.co/FdsFNiBHbp
Customer: @115722 Fear being sent to collections for returned equipment!
Customer: @116750 Hello Jason, when did you return your equipment to us? Do you have the return slip?
^NHP
Customer: @115722 Lol. 3 years ago. Sent return slip to you 3 times. I had the collections agency stop with it because you are pathetic #yousuck
Customer: @116750 Have you reached out to Financial Service? ^NHP
Customer: @115722 I've reached out to anyone who would talk to me. #pathetic #gfy
Agent: @116750 Please reach our Financial Services group at 888-780-3962. ^RMD

CURRENT MESSAGE:
@VerizonSupport I'd rather chew glass than deal with you criminals.",
4470,Customer,TMobileHelp,Support inquiry,@TMobileHelp I'd rather do it in person.,"CONVERSATION HISTORY:
Customer: @115911 2nd day in a row trying to buy a phone. System down again. WTF!
Customer: @115911 Is the system back up?
Agent: @116757 We can help you order your new phone, Claudia! DM us here so we can help out. *BlakeT

CURRENT MESSAGE:
@TMobileHelp I'd rather do it in person.",
4483,Customer,AskPlayStation,Support inquiry,@AskPlayStation still not working,"CONVERSATION HISTORY:
Customer: @AskPlayStation is PSN down? can’t log into my account
Agent: @116759 PSN is Online. Please let us know the error code or message you receive when you try to sign in to the PSN.
Customer: @AskPlayStation efeab30c
Agent: @116759 Do you receive this error when accessing a specific game?
Customer: @AskPlayStation only tried with one game but I also can’t access netflix or my web browser.. my internet connection is working fine throughout the house
Agent: @116759 Please power cycle your network devices and try again: https://t.co/UUMNDRIFMj
Customer: @AskPlayStation still not working
Agent: @116759 Please start your system in safe mode and select restore default settings. Steps here: https://t.co/NiCy6xiXKC

CURRENT MESSAGE:
@AskPlayStation still not working",
4488,Customer,AskPlayStation,Support inquiry,@116762 @AskPlayStation @116761 P,"CONVERSATION HISTORY:
Customer: @AskPlayStation Hi everyone I can't join to playstation network after 3 day😤😤
Agent: @116761 Hello there, Sorry to hear about the inconveniences, Are you getting an error message or an error code?
Customer: @AskPlayStation Hi&amp;thanks for kindness and support my issue was about my ISP.
Agent: @116761 Alright! Tweet us back if you need further assistance
Customer: @AskPlayStation Thank you💖you are awesome💖
Agent: @116761 You are welcome!
Customer: @AskPlayStation @116761 pleas answer my

CURRENT MESSAGE:
@116762 @AskPlayStation @116761 P",
4496,Customer,ATVIAssist,Support inquiry,@ATVIAssist I hard restarted my system. That worked. Thank y,"CONVERSATION HISTORY:
Customer: @ATVIAssist I purchased and down loaded the Variety Map Pack but didn't get my 10 rare supply drops from Lion Strike. Help? https://t.co/A22ReiMUIA
Agent: @116764 Good afternoon, can you try clearing your cache? This link will have the steps https://t.co/WvlDqqYZ33 ^JP

CURRENT MESSAGE:
@ATVIAssist I hard restarted my system. That worked. Thank you!",
4506,Customer,AdobeCare,Support inquiry,"@AdobeCare Thanks, they are #0C2340 &amp; #003B49","CONVERSATION HISTORY:
Customer: Can anyone who uses @115778 explain why a gradient would get lighter in the middle of two dark colors? I really don't understand. https://t.co/ROVT85dJas
Agent: @116766 Hi Derrick, do you have hex codes you could share for that gradient so I can try and replicate on my end? ^Wren

CURRENT MESSAGE:
@AdobeCare Thanks, they are #0C2340 &amp; #003B49",
4511,Customer,MicrosoftHelps,Support inquiry,@MicrosoftHelps Which would be my next step,"CONVERSATION HISTORY:
Customer: @MicrosoftHelps hi this is happening once a week, it's stuck in a very annoying cycle &amp; I can't restore it https://t.co/2GYVvFwPs8
Agent: @116767 Hello, Chris. Let's investigate this. Are you still experiencing the issue? What troubleshooting steps have you tried so far?

CURRENT MESSAGE:
@MicrosoftHelps Which would be my next step",
4519,Customer,VirginAtlantic,Support inquiry,@VirginAtlantic Thank you very much for your help. I was onl,"CONVERSATION HISTORY:
Customer: @VirginAtlantic Are you no longer flying direct to Cancun Mexico ?
Agent: @116770 Hey Sandra, we still operate yes. When were you looking at flying? ^E
Customer: @VirginAtlantic The first two weeks of June 2018.
Agent: @116770 At that time we have weekly flights on Tues 5 &amp; 12 June ^S
Customer: @VirginAtlantic Are they direct flight ?
Agent: @116770 Yes from London Gatwick Sandra ^S
Customer: @VirginAtlantic Sorry to bother you again . Are they direct flights?  X
Agent: @116770 Yes

CURRENT MESSAGE:
@VirginAtlantic Thank you very much for your help. I was only able to see were via Atlanta !",
4535,Customer,XboxSupport,Support inquiry,"@XboxSupport No, it is literally unobtainable.","CONVERSATION HISTORY:
Customer: @310 Are you ever going to patch the BFA achievement on Darksiders 2 for Xbox one?  You already fixed PS4.
Agent: @116775 If you need help with this, let us know! We're official Xbox support &amp; we'd be happy to help ^EZ
Customer: @XboxSupport Maybe push them into fixing broken achievements on Xbox One?
Agent: @116775 Hello! If you're seeing achievement issues, we recommend the steps over in our guide here  https://t.co/sjqdEQXJjy  ^TJ

CURRENT MESSAGE:
@XboxSupport No, it is literally unobtainable.",
4542,Customer,XboxSupport,Support inquiry,@XboxSupport Que??,"CONVERSATION HISTORY:
Customer: Congrats to @116777, @311, @312, @313 and @314 – they each won a code for Gears of War 4.
Customer: @15913 @116777 @311 @312 @313 @314 Congrats guys!!
Agent: @116776 Hi, we can not speculate on the reasoning why you they are not. ^RM

CURRENT MESSAGE:
@XboxSupport Que??",
4554,Customer,XboxSupport,Support inquiry,"@116781 have reported it them, they said report it to xbox l","CONVERSATION HISTORY:
Customer: True Power is just 7 days away. 
Are you ready?
Pre-order #XboxOneX: https://t.co/46eqVpFeir https://t.co/M1vBNct6bm
Customer: @115786 could you please fix the game gears of war 2 Japan, the multiplier on the public matches does not work, and no longer complete
Agent: @116780 Hey there, are you still seeing this in the game? If you need help official Xbox support is just an @ away! ^EZ
Customer: @XboxSupport hi have now got the emblem in gow 4, but the multiplier in gow 2 JP still not working getting 50 xp on horde not 2500 xp still
Customer: @116780  #XboxHelp this has to be reported to Gears of war. The update and do the server fix

CURRENT MESSAGE:
@116781 have reported it them, they said report it to xbox live, would be nice if we knew if it was going to be fixed though",
4563,Customer,nationalrailenq,Support inquiry,@nationalrailenq That would help... Watford Junction 🙌🏻,"CONVERSATION HISTORY:
Customer: @nationalrailenq hi all, what’s the score with Liverpool Lime Street on Sunday, is it open or a bus ride from elsewhere. Thanks.
Agent: @116783 Where is it you are travelling from?

CURRENT MESSAGE:
@nationalrailenq That would help... Watford Junction 🙌🏻",
4569,Customer,ArgosHelpers,Support inquiry,"@ArgosHelpers There definitely was, they were in card,  to u","CONVERSATION HISTORY:
Customer: @ArgosHelpers hi I received a home catalogue with an extra voucher in to use. I can't find it. 😔 Are you able to help with the codes?
Agent: @116785 Hi, I am not familiar with this catalogue what was the title of it please? Laurence.
Customer: @ArgosHelpers It's called Argos Home. I had an email asking if I wanted one. Had one last year too. It's not that thick just has furniture in.
Agent: @116785 You can check our website for all our offers and stock. Marc
Customer: @ArgosHelpers That wasn't my question. In the home catalogue there was vouchers for an extra £20 off. I was wondering if you could help me with the codes.
Agent: @116785 There is a Furn20 code running at the moment
(save 20% when you spend over £200 on indoor furniture)
Customer: @ArgosHelpers This voucher was in addition to that...
Agent: @116785 Can you send me the email please asking if you want one
Customer: @ArgosHelpers I deleted it 😕
Agent: @116785 Can you un delete it. Check the deleted folder
Customer: @ArgosHelpers I'll have to check on laptop when I get home from work, it's not in my deleted folder on phone.
Agent: @116785 ok but i dont think there are any additional vouchers in this one, this year. Marc

CURRENT MESSAGE:
@ArgosHelpers There definitely was, they were in card,  to use in store or online. There was 2 of them.",
4587,Customer,Uber_Support,Support inquiry,@Uber_Support Responded 45minutes ago...,"CONVERSATION HISTORY:
Customer: @115873 4 tweets and no customer service response. Ridiculous. Absolutely shocking for an “elite” customer service app. No wonder people are streaming to other apps
Agent: @116787 Happy to take a look. Send us a DM (direct message) with your email address so we can connect.
Customer: @Uber_Support Already responded. No response. New order is 30minutes late. @116788 would do a better job. Using them from now on. Loyal customer just lost.
Agent: @116787 Happy to help! Please confirm your email address or phone number through direct message so we can further assist.

CURRENT MESSAGE:
@Uber_Support Responded 45minutes ago...",
4596,Customer,ChipotleTweets,Support inquiry,"@ChipotleTweets 12478 old us 35 nw, jeforsonville Ohio 43128","CONVERSATION HISTORY:
Customer: @ChipotleTweets in Jeffersonville no forks or guacamole #annoyed
Agent: @116792 I'm sorry that happened. Do you happen to have the address of that restaurant so I can follow up with the right team? -Jen

CURRENT MESSAGE:
@ChipotleTweets 12478 old us 35 nw, jeforsonville Ohio 43128",
4605,Customer,ChipotleTweets,Support inquiry,@ChipotleTweets Will I hear back from someone on the money I,"CONVERSATION HISTORY:
Customer: @ChipotleTweets app order messed up AGAIN. I paid Xtra 4 dbl meat n ordered a salad. 4th time. I want compensation, ive lost $18 to your errors in last few months. https://t.co/6GHolsSGm6
Agent: @116795 I'm sorry to hear that. Can you please let our team know at the link?  https://t.co/0f6pFdYU9j -Jen
Customer: @ChipotleTweets Jen, I just submitted feedback. You all need to find a way to do better Quality Control on app orders, this sort of thing happens way too often. You all as a company are better than this!
Agent: @116795 We really appreciate you letting us know. I know things will turn around soon. -Jen

CURRENT MESSAGE:
@ChipotleTweets Will I hear back from someone on the money I've paid for things I haven't gotten at some point?",
4616,Customer,ChipotleTweets,Support inquiry,"@ChipotleTweets Findlay, OH. Cashier asked mgr when I questi","CONVERSATION HISTORY:
Customer: Hey @ChipotleTweets question. Rice. Sour. Cheese. One store it’s always a veggie 3-pointer, just visiting another location and they said cheese is 2 points so w/rice +1 sour +1 it’s a veggie bowl? Been getting a good deal at reg store or is that really 4 points?
Agent: @116799 Rice, sour cream, and cheese should be a three-pointer. Where did this happen? -Jen

CURRENT MESSAGE:
@ChipotleTweets Findlay, OH. Cashier asked mgr when I questioned bill. To their credit the cashier and line were friendly, food was good.",
4643,Customer,sainsburys,Support inquiry,@sainsburys 2 of 2 On 4G signal same thing but error message,"CONVERSATION HISTORY:
Customer: @sainsburys could you kindly let me know if the SmartShop app is out of action please?
Agent: @116809 Hi Andrew, we're not aware of any ongoing issues. Can you provide some more info about the issues you're having? Corey

CURRENT MESSAGE:
@sainsburys 2 of 2 On 4G signal same thing but error message is Sorry There Was an Unexpected error. Tried deleting app and restoring as well.",
4659,Customer,AskPapaJohns,Support inquiry,"@AskPapaJohns Yes, one was pan. I guess those are smaller.","CONVERSATION HISTORY:
Customer: @116076 how are these both considered large pizzas? https://t.co/ErvQudb7vY
Agent: @116815 Hi, Chris! Is one Pan crust?

CURRENT MESSAGE:
@AskPapaJohns Yes, one was pan. I guess those are smaller.",
4665,Customer,SouthwestAir,Support inquiry,@SouthwestAir So what your suggestion is that at sign up I g,"CONVERSATION HISTORY:
Customer: @SouthwestAir Are children allowed to sign up for Rapid Rewards?
Agent: @116817 Hi, Lorenzo! Yes, children are able to sign up for Rapid Reward accounts. ^JB
Customer: @SouthwestAir In registering the website wants me to enter their email address. I can't reuse the one associated with my account. Is there a solution besides having to make email addresses for 4 and 5 year olds?
Agent: @116817 Please know one email address can be associated with multiple accounts. ^JB
Customer: @SouthwestAir It won't let me do that so do I need to call or is there a trick around the web for iy denying me to reuse it
Agent: @116817 This isn't something we have a work around for. You may need to use an alternate address and update it later. ^JB
Customer: @SouthwestAir Oh, so earlier you actually meant to say that the same email CANT be used. Gotcha
Agent: @116817 No, my earlier message was correct. Several families have the same address associated with multiple accounts. ^JB

CURRENT MESSAGE:
@SouthwestAir So what your suggestion is that at sign up I go with a different email address and then later on go and change that to the email address I want to have the same across the accounts. is that correct",
4680,Customer,SouthwestAir,Support inquiry,@SouthwestAir Just filled it out! Thank you,"CONVERSATION HISTORY:
Customer: @southwestair what’s the best way to get in touch with lost &amp; found? Missing Bose headphone case on a flight from MSY to MDW on Wednesday.
Agent: @116820 Hey, Colin. Did you file a lost and found report yet? If not, please do so here: https://t.co/LoYlrDF8jj ^MR

CURRENT MESSAGE:
@SouthwestAir Just filled it out! Thank you",
4775,Customer,Ask_WellsFargo,Support inquiry,@Ask_WellsFargo Replied via DM,"CONVERSATION HISTORY:
Customer: Okay Wells Fargo where's my check lol
Agent: @116825 Hello there, I saw your tweet. Do you need help with something specific? Pls let me know (no account number). ^NC https://t.co/q1oBDuYAdh

CURRENT MESSAGE:
@Ask_WellsFargo Replied via DM",
4780,Customer,Ask_WellsFargo,Support inquiry,@Ask_WellsFargo i sent a dm,"CONVERSATION HISTORY:
Customer: @116827 you guys blocked my card for 3 days after i asked not to and now i've been on hold for 3 hours!! i need to use my card now
Agent: @116826 Sorry to learn about this. Were you able to speak with a banker about your card? If you still need assistance, DM us the relevant details, your name, address, and phone number. For your protection, don't mention account numbers. ^SC https://t.co/q1oBDuYAdh

CURRENT MESSAGE:
@Ask_WellsFargo i sent a dm",
4791,Customer,Ask_WellsFargo,Support inquiry,"@Ask_WellsFargo 6290 E Pacific Coast Hwy
Long Beach, CA  908","CONVERSATION HISTORY:
Customer: @116827 what’s with charging 15¢ to non-customers for a roll of quarters!?  That’s ridiculous!  Definitely won’t ever be a customer there!
Agent: @116831 Can you please tell me the location of the branch you went to? I'd like to look into this matter further. ^HE

CURRENT MESSAGE:
@Ask_WellsFargo 6290 E Pacific Coast Hwy
Long Beach, CA  90803
United States",
4799,Customer,Ask_WellsFargo,Support inquiry,@Ask_WellsFargo Please DM me for details,"CONVERSATION HISTORY:
Customer: OMG Never had WORSE Customer Service than @116827 
#EpicFail
Agent: @116833 Without sharing account numbers, please tell me what happened to cause you to feel this way, Marshall. I can review your concern and do my best to help. ^DC https://t.co/q1oBDuYAdh

CURRENT MESSAGE:
@Ask_WellsFargo Please DM me for details",
4803,Customer,Ask_WellsFargo,Support inquiry,@Ask_WellsFargo I would like to have 100$ on my account for ,"CONVERSATION HISTORY:
Customer: Now i gotta go to Wells Fargo and complain
Agent: @116834 Tell us what happened so we can look into what we can do to help. Please don't mention account numbers. ^SC

CURRENT MESSAGE:
@Ask_WellsFargo I would like to have 100$ on my account for free",
4810,Customer,Ask_WellsFargo,Support inquiry,@Ask_WellsFargo I already called but by the time they revers,"CONVERSATION HISTORY:
Customer: Damn Wells Fargo fraud protection stopped me from getting a size 12 yeezy 🤬🤬🤬🤬😡
Agent: @116837 Apologies for the inconvenience. Please call 1-800-869-3557 to have this rectified. Let me know if you need further assistance. ^HE

CURRENT MESSAGE:
@Ask_WellsFargo I already called but by the time they reversed the hold i had already lost the item out of my cart which then sold out 😭",
4819,Customer,Ask_WellsFargo,Support inquiry,@Ask_WellsFargo I opened a pack of pennies (50) and there wa,"CONVERSATION HISTORY:
Customer: @116827 you ok? This was in your pennies https://t.co/g43ZXWFsCf
Agent: @116840 Hi, Julieta. I'd like to review your concern. Please tell me more about what happened (no account number). ^RG

CURRENT MESSAGE:
@Ask_WellsFargo I opened a pack of pennies (50) and there was a battery in it.",
4835,Customer,AmazonHelp,Support inquiry,@AmazonHelp Thanks!  It was only a little awkward.... XD,"CONVERSATION HISTORY:
Customer: .@115821 said they delivered #ADSOM but it's not there.  Yet another annoying thing to deal with today 😢
Customer: @115821 Apparently if you preorder something then move and update your address the preorder doesn't update automagically.  #lessonlearned?
Agent: @116847 Uh oh! If you can't recover it, please reach out to us here and we'll see what options are available: https://t.co/VoPytkt92p ^MB

CURRENT MESSAGE:
@AmazonHelp Thanks!  It was only a little awkward.... XD",
4840,Customer,AmazonHelp,Support inquiry,"@AmazonHelp アカウント凍結して不正アクセスを調べてもらうことになりました。
ありがとうございました。","CONVERSATION HISTORY:
Customer: ビッグセール「#サイバーマンデー 」が12月8日18時より開催決定！
家電、ファッションなど多くの人気商品を今年最安値で在庫を豊富にご用意。プライム会員なら一部「特選タイムセール」がさらに割引。今年最後の大セールをお見逃しなく。 https://t.co/eT1baAq9Y4
Customer: @116313 注文した覚えのないものが届きました。
家族も誰も何もしていません。
勝手にレビューも書いてたり、ギフト券も購入してる様子。
今パニック状態なのですが、どこに連絡すればよいのでしょうか？
Agent: @116848 アマゾンです。重ねてのご案内となりますが、カスタマーサービスにて状況を確認させていただきます。こちらからお問い合わせください。https://t.co/NtNAX2Qh2u  
サインインが出来ない場合は、フリーダイヤル：0120-999-373へ直接ご連絡ください。ET

CURRENT MESSAGE:
@AmazonHelp アカウント凍結して不正アクセスを調べてもらうことになりました。
ありがとうございました。",
4859,Customer,AmazonHelp,Support inquiry,@AmazonHelp will i loose my account? Already tried help by l,"CONVERSATION HISTORY:
Customer: @AmazonHelp Im not receiving 2step code by text or call in my smartphone can't log in into my account already got help by phone with no luck
Agent: @116849 Sorry you're having problems logging in. Please let us know which Amazon site you are using (.com .es). Thanks. ^SE
Customer: @AmazonHelp USAs Amazon. Com
Agent: @116849 Please reach out to us directly here: https://t.co/jzvkhdlrK5 We'd love to help get you logged in! ^TN
Customer: @AmazonHelp no luck on receiving the code by text or call, will I loose my account, yesterday a phone representative tried to help already https://t.co/Yn5SUBQonU
Agent: @116849 I'm sorry for the challenge signing in. Please use the link from above again so that we can help. Keep us updated! ^MH
Customer: @AmazonHelp no luck it keeps asking for code witch is not sending to my phone can Amazon eliminate the 2 step method, this is so frustrating
Agent: @116849 I'm so sorry for the frustration, Luis. We should absolutely be able to help! Please contact us using the link TN provided. ^SD
Customer: @AmazonHelp already tried help by mail and still problem persist, please close my account and don't want to be a customer anymore https://t.co/m2g5tP26fX
Agent: @116849 I'm sorry. We can't access your account via Twitter. For assistance, please reach us here: https://t.co/jzvkhdlrK5 ^WT

CURRENT MESSAGE:
@AmazonHelp will i loose my account? Already tried help by link and by calling customer service",
4864,Customer,AmazonHelp,Support inquiry,"@AmazonHelp Amazon's tracking says it's ""Shipped &amp; Arriv","CONVERSATION HISTORY:
Customer: Hey @115821, maybe don't ask people to pay $8 for ""launch day arrival"" if you're not going to ship the package until the day after launch!
Agent: @116851 I'm sorry for the poor experience, Skylar. Were you given a reason for the delay? Check here: https://t.co/KhGfgWxX2q ^FD
Customer: @AmazonHelp They said it was UPS. UPS says they never received the package to deliver ¯\_(ツ)_/¯
Agent: @116851 To confirm, what does the latest tracking update show? Please check here: https://t.co/eR31oAnsW2 ^BE

CURRENT MESSAGE:
@AmazonHelp Amazon's tracking says it's ""Shipped &amp; Arriving Today by 8pm"" but UPS Tracking shows just that a label is created.",
4871,Customer,AppleSupport,Support inquiry,@AppleSupport iPhone 6 and yes it’s got the latest software ,"CONVERSATION HISTORY:
Customer: Really considering getting a new kind of phone since my iPhone dies with 90% while using my camera 😤 @115858 @AppleSupport @318
Agent: @116853 We want to help! What model of iOS device are you using? Do you have the most recent version of iOS 11.1 downloaded?

CURRENT MESSAGE:
@AppleSupport iPhone 6 and yes it’s got the latest software update",
4879,Customer,AppleSupport,Support inquiry,@AppleSupport Restarting does resolve the issue. Thanks.,"CONVERSATION HISTORY:
Customer: @AppleSupport I can’t download songs. Progress icon keeps spinning. On both data + WiFi. Stream works though. Can’t add songs to playlists. https://t.co/x7uUxSqO9u
Agent: @116855 We want to help. Does restarting help at all? DM us which iOS version you're on and we'll continue support there. https://t.co/GDrqU22YpT

CURRENT MESSAGE:
@AppleSupport Restarting does resolve the issue. Thanks.",
4882,Customer,AppleSupport,Support inquiry,@AppleSupport It,"CONVERSATION HISTORY:
Customer: @AppleSupport tell me why I️’I’ve updated my phone twice and I️ can’t type letter I️ without getting a letter A and a question mark
Agent: @116856 We're here for you. What is the exact version of the iOS you're running? Check by tapping Settings &gt; General &gt; About.
Customer: @AppleSupport iOS 11.1
Agent: @116856 Are all of your apps updated as well?

CURRENT MESSAGE:
@AppleSupport It",
4896,Customer,AppleSupport,Support inquiry,@AppleSupport AFTER I️ updated my phone.,"CONVERSATION HISTORY:
Customer: @AppleSupport please make this stop!!! https://t.co/YoyrO8iZKe
Agent: @116859 Let’s work together on this behavior. How long has this been happening? Also, which device are you using?
Customer: @AppleSupport iPhone 7 and it literally just started today.

CURRENT MESSAGE:
@AppleSupport AFTER I️ updated my phone.",
4901,Customer,AppleSupport,Support inquiry,@AppleSupport @116860 I have and my battery life has become ,"CONVERSATION HISTORY:
Customer: Please fix the battery issues in Ios 11! @AppleSupport @115858
Agent: @116860 We want to make sure you have a working battery. Have you had a chance to update to the latest 11.1?

CURRENT MESSAGE:
@AppleSupport @116860 I have and my battery life has become even worse",
4906,Customer,AppleSupport,Support inquiry,@AppleSupport I've updated to iOS 11.1 just now. I shall che,"CONVERSATION HISTORY:
Customer: @AppleSupport The ‘Overlapping url over TIME on Free WiFi hotspots’ remains. v11.0.3. Not a WiFi problem; two different hotspots shown. https://t.co/81ifcrDUeS
Agent: @116855 We'd like to have you backup and update your iPhone to iOS 11.1 and let us know if that helps: https://t.co/ahjigcvFRG

CURRENT MESSAGE:
@AppleSupport I've updated to iOS 11.1 just now. I shall check out these WiFi hotspots tomorrow and later in the week.",
4926,Customer,Uber_Support,Support inquiry,@Uber_Support UR team messed up again lol,"CONVERSATION HISTORY:
Customer: @115873 I've been using the service for more than a year and never had any issues, the last week I've been charged for ur drivers mistakes.
Agent: @116869 Here to help. Send us a note at https://t.co/1xM0TILvAI so our team can connect.

CURRENT MESSAGE:
@Uber_Support UR team messed up again lol",
4952,Customer,AmazonHelp,Support inquiry,@AmazonHelp Excelente servicio! Recibí mis paquetes hace un ,"CONVERSATION HISTORY:
Customer: @116875 ¿como puedo trackear si esta próximo a ser entregado un paquete que tiene fecha de hoy? Gracias
Agent: @116874 ¡Hola, Quirino! Lamentamos cualquier confusión generada, ¿te has puesto en contacto con el transportista asignado a la entrega? ^LC
Customer: @AmazonHelp No. Como puedo contactarlo
Agent: @116874 Quirino al ingresar al correo de confirmación de compra te aparecerá un enlace en el cual esta el número de guía de tu pedido. También puedes utilizar la siguiente información para contactar con el transportista:  https://t.co/mEKBC5rf63 ^PC
Customer: @AmazonHelp Solo dice “en reparto” pero no tiene un número de contacto con el repartidor que es de Amazon Services 😩
Agent: @116874 Gracias por la información, Quirino.
Por favor, contacta con nuestros colegas de Servicio al Cliente para una atención personalizada y puedan darte información precisa sobre tu paquete.
Lo puedes hacer a través del siguiente enlace: https://t.co/beR78zMMYB
^LC

CURRENT MESSAGE:
@AmazonHelp Excelente servicio! Recibí mis paquetes hace un par de minutos!",
4957,Customer,AmazonHelp,Support inquiry,@AmazonHelp I have no option but to see if my delivery arriv,"CONVERSATION HISTORY:
Customer: I swear Amazon are trying to annoy me, I've just ordered another package and had a shipped to wrong carrier facility message again and my order may be delayed. 1st echo dot and then 3 packages lost and now another echo dot possibly delayed.
Agent: @116877 I'm sorry for the ongoing trouble with your deliveries! Have you had a chance to contact us about this: https://t.co/JzP7hlA23B? If so, what information or options were we able to offer? ^SB

CURRENT MESSAGE:
@AmazonHelp I have no option but to see if my delivery arrives on the scheduled date. But I will contact customer services if it doesn't arrive on time.",
4961,Customer,Tesco,Support inquiry,@Tesco Thank you Callum will it have to be preorder or will ,"CONVERSATION HISTORY:
Customer: @Tesco Hi there, will the Tesco store in Monkspath have copies of Call of Duty WW2 to buy at midnight release?
Agent: @116878 Hi there, I am pleased to say that yes the store will be doing a midnight release as it is a 24 hour store. Thanks - Callum

CURRENT MESSAGE:
@Tesco Thank you Callum will it have to be preorder or will there be general sale?",
4983,Customer,Tesco,Support inquiry,@Tesco Done.,"CONVERSATION HISTORY:
Customer: So I used the mens loo in @Tesco silverburn tonight and let me tell you why.

Ladies toilet was closed off, disabled toilet was locked. -
Customer: @Tesco The staff where alerted to this after about six of us waited outside the disabled loo thinking someone was in there.

Alas, nobody was to-
Customer: @Tesco be seen or heard.

I alerted some staff because hey, ladies need to pee, there was an older woman there and also, my immunodeficient mother-
Customer: @Tesco was in appallingly desperate need.

Was someone dead or unconscious in that toilet? There was a legit concern. For there was not a sound-
Customer: @Tesco from within and surely, surely with a scrap of sense wouldn’t think to foolishly LOCK this disabled access bathroom with the ladies being-
Customer: @Tesco out of action.

Seriously, a fucker could have been dead and it took staff a further ten minutes of screwing around to unlock the disabled-
Customer: @Tesco loo by which point, I had not only used a cubicle in the mens room, I had also washed my hands and witnessed an unfortunate male member of-
Customer: @Tesco the public stop mid-stream in appropriate Halloween terror as he realised their was a LADY NO LESS a mere 1.5 meters behind him.

On -
Customer: @Tesco reporting back to my ladies, my comrades in urination frustration, one of them had scuttled, assuming the waddle to the main mall would be-
Customer: @Tesco kinder to her wait time. Two, the nice elder lady, was very calmly calling out the lackadaisical approach by the staff and three, my dear -
Customer: @Tesco mother had moved the barrier aside to the ladies to use the facilities there.

The rest either died of renal failure of had also scuttled-
Customer: @Tesco by then.

The unfortunate man regained his stream.

I washed my hands five times because I had to put the mens toilet seat down.

And -
Customer: @Tesco finally, the old lady got access to the aforementioned disabled loo.

Oh and PS, three teenage girls used your babychange facilities for -
Customer: @Tesco reasons other than changing a baby. I believe they are toilet trained and had no reason to be there. Your staff witnessed this and did-
Customer: @Tesco nothing.

Sort it fucking out tesco.
Agent: @116879 Could you DM me a description of the colleague you spoke with as well as a time you were in the store? Thanks - Peter 2/2

CURRENT MESSAGE:
@Tesco Done.",
4997,Customer,SpotifyCares,Support inquiry,@SpotifyCares I used to use that feature as an example of gr,"CONVERSATION HISTORY:
Customer: @SpotifyCares what happened to the iOS tap and hold to preview a song feature? I loved it for queuing songs to a playlist.
Agent: @116885 Hey! We have more info about this here: https://t.co/pXBCq8GlsI. Give us a shout if you have any questions /RH
Customer: @SpotifyCares That stinks. Can you make it a feature, off by default, that I can enable?
Agent: @116885 We hear you. We can’t make any promises but we’ll pass your feedback onto the right folks /RH

CURRENT MESSAGE:
@SpotifyCares I used to use that feature as an example of great UX. 😂🙈🙉🙊",
5017,Customer,SpotifyCares,Support inquiry,@SpotifyCares Didn’t work,"CONVERSATION HISTORY:
Customer: @SpotifyCares The buttons on my headphones don’t pause my music anymore. Is this a Spotify or an iOS 11 issue?
Customer: @116888 @SpotifyCares Same exact issue. Sound won’t play more than 50% although i have it on full
Agent: @116887 Hey! The cavalry's here. Could you confirm the iOS and Spotify version you're using? We'll see what we can suggest /KB
Customer: @SpotifyCares Spotify 8.4.25.906 and iOS 11
Agent: @116887 Got it. Is this happening on 3G/4G, WiFi, or both? Do you get the same issue when you use Spotify on other devices? /KB
Customer: @SpotifyCares No just on my phone since I installed iOS 11. Mostly on 3G/4g. It’s very random when it decides not to work.
Agent: @116887 Are you getting any error messages when it happens? Is it happening when you're using earphones, or even without them? /PL
Customer: @SpotifyCares Nothing, same problem seems to be happening to a lot of people.
Agent: @116887 We understand. Can you check if the steps here do the trick: https://t.co/cxGHt0bCR8? /PL

CURRENT MESSAGE:
@SpotifyCares Didn’t work",
5026,Customer,SpotifyCares,Support inquiry,@SpotifyCares They're back now. I was on my phone's 4g earli,"CONVERSATION HISTORY:
Customer: @SpotifyCares  All of my songs disappeared from My Songs. They're still in the playlist but I'm not able to view them. https://t.co/lP9IHtod1M
Agent: @116890 Hey, help's here! Can you try logging in on another device or the web player (https://t.co/aT5o0wcN4V)? Are you seeing your songs? /JP

CURRENT MESSAGE:
@SpotifyCares They're back now. I was on my phone's 4g earlier. I don't know what happened but when I connected to my wifi it returned. Thank you though.",
5029,Customer,SpotifyCares,Support inquiry,@SpotifyCares Works. Blame IOS update.,"CONVERSATION HISTORY:
Customer: @115888 the new iOS is making your app way less usable. Would fancy walking around with a boom box after this update.
Agent: @116891 Hey there! Can you tell us more about what's happening exactly? We'll see what we can suggest /AR
Customer: @SpotifyCares Doesn’t show in lock screen. Can’t adjust volume of phone isn’t unlocked also.
Agent: @116891 Thanks for the info. Could you try logging out &gt; restarting your device &gt; logging back in to see if it helps? Keep us posted /AR

CURRENT MESSAGE:
@SpotifyCares Works. Blame IOS update.",
5037,Customer,British_Airways,Support inquiry,"@British_Airways That’s funny, when we finally got on the pl","CONVERSATION HISTORY:
Customer: @British_Airways not overly delighted at the long delay from Edinburgh today, nor the lack of information as to why or that I’m not home yet
Agent: @116893 Can you let us know your flight number? We'd like to feed this back? 2/2 ^DaniH
Customer: @British_Airways It was the 10:35am from Edinburgh to Heathrow. We finally left around 2pm, not impressed BA...
Agent: @116893 We understand how this impacts on your day and we’re genuinely sorry.2/2^Corry

CURRENT MESSAGE:
@British_Airways That’s funny, when we finally got on the plane the pilot told us it was an engine fault...",
5055,Customer,British_Airways,Support inquiry,@British_Airways Thanks for your reply Oliver. My Twitter wa,"CONVERSATION HISTORY:
Customer: @British_Airways my Executive Club account has been hacked. Please pm me.
Agent: @116897 your date of birth. We can contact our Executive team who will be in contact to help as soon as possible 2/2. ^Oliver

CURRENT MESSAGE:
@British_Airways Thanks for your reply Oliver. My Twitter wasn’t working very well last night so I telephoned the Executive Club.",
5072,Customer,British_Airways,Support inquiry,@British_Airways Flexibility?,"CONVERSATION HISTORY:
Customer: @British_Airways lost opt luggage for over a week, then broke out cases, now refuses to pay for the damages they caused..disgraceful
Agent: @116903 We don't like to hear this, Chris. Did you report the damage within 7 days of receiving your bags? ^Helen
Customer: @British_Airways Wasn’t told I had to when speaking to BA, conveniently forgot to tell me that very important fact
Agent: @116903 Hi Chris, when you were speaking to someone about this did they give you any reference number? ^Jane
Customer: @British_Airways Only our missing baggage claim number
Agent: @116903 flexibility on this. Please DM us your reference, full name and email address. Thanks. ^Jane 2/2

CURRENT MESSAGE:
@British_Airways Flexibility?",
5090,Customer,British_Airways,Support inquiry,@British_Airways Ba016 from Sydney.,"CONVERSATION HISTORY:
Customer: @British_Airways 13.5 hour flight &amp; this is all I was given for #vegan First Class breakfast. No soymilk for tea or hot meal. Disgraceful. https://t.co/aBUbzluYyU
Agent: @116904 We're sorry you're unhappy with the catering service on board your flight, Sierra. Can you let us know your flight number? ^DaniH

CURRENT MESSAGE:
@British_Airways Ba016 from Sydney.",
5093,Customer,O2,Support inquiry,@O2 I have got through &amp; Nikita explained to me that the,"CONVERSATION HISTORY:
Customer: @O2 I placed an order on Friday for £20 for 20GB with 3 months free Sim Only thru Live Chat.
When I look at my account.. It shows £33 per month?
And I can’t talk to anybody on Live Chat now.. Is it down?
Agent: @116905 😱 We're unaware of any issues Indur. Did you manage to get through to us? You'd usually have a discount showing under 'Bolt Ons' within your My O2 account: https://t.co/oTCgUskwp7 Can you please check this and let us know? Feel free to drop us a DM ✉ https://t.co/5pyLDJBC6r

CURRENT MESSAGE:
@O2 I have got through &amp; Nikita explained to me that the bills will update in the next 3 days
I will keep an eye on it &amp; let you know!",
5099,Customer,comcastcares,Support inquiry,@comcastcares __credit_card__,"CONVERSATION HISTORY:
Customer: Lost power in the storm? Visit us at participating Xfinity Stores across New England to recharge your devices. https://t.co/L0w2fOGLvV
Customer: @116907 @116136 I recorded everything i will go to court. It is very shame comcast. They have horrible agent
Agent: @116906 I can help with any issues you're having. Would you please send us a DM with your account info?--JV

CURRENT MESSAGE:
@comcastcares __credit_card__",
5119,Customer,AmazonHelp,Support inquiry,@AmazonHelp I would like it replaced not refunded. But the s,"CONVERSATION HISTORY:
Customer: #Amazon who packages these games. Ordered to games and both came rattling inside their cases. One is broken. Games may have suffered scratches. @115821 https://t.co/KqpOkpLeP8
Agent: @116912 I'm sorry your items arrived in these conditions. Let's explore your return or replacement options here: https://t.co/RbboDygtAu ^GG

CURRENT MESSAGE:
@AmazonHelp I would like it replaced not refunded. But the sale is over, and doesn’t look like you have it in stock at the site. What are my other options?",
5125,Customer,AmazonHelp,Support inquiry,@AmazonHelp It's now a police matter. You could check the po,"CONVERSATION HISTORY:
Customer: I was just assaulted by an Amazon delivery person.
Customer: Amazon delivery guy refused to give the police his ID and suddenly started sounding like an attorney. Good grief
Agent: @116913 We'd like to make sure this is addressed, Eric. Would you tell us more about what happened? ^AM

CURRENT MESSAGE:
@AmazonHelp It's now a police matter. You could check the police report.",
5131,Customer,AmazonHelp,Support inquiry,@AmazonHelp And you guys have officially lost me as a custom,"CONVERSATION HISTORY:
Customer: @115821 the more I order from you guys, the more I'm going to stop being a customer....YOUR DRIVERS ARE USELESS. Once again they marked a package delivered when it clearly wasn't. I received one of two packages, yet they were both marked delivered. 3 times in 1 month! https://t.co/9UYVHPVWtE
Agent: @116914 I'm so sorry to hear your order was scanned as delivered when it wasn't. We'd like to help if we can. Just to confirm, who's the carrier shown on your order here: https://t.co/wBHsNpkyQZ? ^CC
Customer: @AmazonHelp AMZL US Tracking ID TBA566517950000 it says delivered to mail room, I checked the mail and the front offce, the driver listed 1 package, in that one package was my XLR cables...I'm missing the controller.
Agent: @116914 I understand your frustration! Our team would like a chance to address this concern. At your convenience, include your details here: https://t.co/hKZOmv3DMU ^SJ

CURRENT MESSAGE:
@AmazonHelp And you guys have officially lost me as a customer. Was promised today...was never shipped. Give me my refund please so I may take my business else where. https://t.co/69tW0B5r9H",
5134,Customer,AmazonHelp,Support inquiry,"@AmazonHelp No, I can't check. It shows nothing. And custome","CONVERSATION HISTORY:
Customer: @115821 still don't know if my order has shipped or not.. BUT at least I'm a good person! https://t.co/hzYEL3qL7r
Agent: @116915 I'm sorry for the frustration! We'd love to help but are unable to access your Amazon account via Twitter. You can view the latest tracking information for your order, including if it has shipped, here: https://t.co/Y5jpI9gRhE ^LR

CURRENT MESSAGE:
@AmazonHelp No, I can't check. It shows nothing. And customer service rep was NO help.",
5147,Customer,AmazonHelp,Support inquiry,"@AmazonHelp いえいえ！
問題解決しました！！助かりました、ありがとうございます(´；ω；｀)
はい！これから","CONVERSATION HISTORY:
Customer: なんかAmazon支払い方法変わりました？？
Agent: @116918 おはようございます！(＾◇＾)
Amazonのお支払い方法にて、何かお困りでしたか？TY
Customer: @AmazonHelp 今までコンビニで支払いが出きるという支払い方法でAmazonさんにお世話になっていたんですけど、選択画面にその支払い方法が表示されなくて、色々いじってみたんですけどどうにも……！
Agent: @116918 一部の商品では、コンビニ・ATM・ネットバンキング・電子マネー払いが選択できない場合がございます。詳細は、下記ご参照ください。https://t.co/VcRraQMtn0
なお、クレジットカード以外でのお支払いをご希望の場合は、Amazonギフト券のご利用をご検討くださいませ。TY
Customer: @AmazonHelp 親切にどうもありがとうございます(;_;)(;_;)
Agent: @116918 突然のリプライで、驚かせてしまってすみませんでした (´・ω・`) 
また、お困りごとやご不明点などあれば、ご遠慮なくお声がけくださいませ。
引き続き、Amazonをよろしくお願いします(o*。_。)oペコッ

CURRENT MESSAGE:
@AmazonHelp いえいえ！
問題解決しました！！助かりました、ありがとうございます(´；ω；｀)
はい！これからもお世話になります〜🎶",
5152,Customer,AmazonHelp,Support inquiry,@AmazonHelp いつもお世話になってます(´ω`),"CONVERSATION HISTORY:
Customer: Amazonプライム凄く良い良い
Agent: @116920 お褒めいただき('ω' )三('ω')三( 'ω')光栄ですっ！！
プライムの特典は様々ご準備しておりますので、ぜひご活用くださいませ~♪https://t.co/JVlaJGORZx TY

CURRENT MESSAGE:
@AmazonHelp いつもお世話になってます(´ω`)",
5159,Customer,AmazonHelp,Support inquiry,@AmazonHelp Will you follow me on twitter,"CONVERSATION HISTORY:
Customer: Hit ❤ or re-tweet to get notified when the OnePlus 5T sale begins, exclusively on Amazon. Stay tuned to get #ANewView. https://t.co/0Ci7j8Lsoo
Customer: @115850 @115850 is one of the best app in the world
Agent: @116921 Appreciate your kind words, Dhiraj. Enjoy your weekend. :) ^MK
Customer: @AmazonHelp Thank you so much once again for kinds of word
Agent: @116921 You're welcome Dhiraj. :)

CURRENT MESSAGE:
@AmazonHelp Will you follow me on twitter",
5285,Customer,AmazonHelp,Support inquiry,@AmazonHelp I’m looking to reroute all my packages (except 1,"CONVERSATION HISTORY:
Customer: @AmazonHelp hey amazon - please help me :( i hVe tried calling and chatting with y’all but keep hitting walls. DM?
Agent: @116923 We'd like to help in any way we can, Juan! I've enabled direct messaging. Without providing personal or account information, please tell us a little more about what's going on. ^FD https://t.co/1XyLaGkcaN

CURRENT MESSAGE:
@AmazonHelp I’m looking to reroute all my packages (except 1) to a nearby Amazon locker. I’ll DM you now :)",
5296,Customer,AmazonHelp,Support inquiry,@AmazonHelp Solicitud (foto del estado de cuenta),"CONVERSATION HISTORY:
Customer: Jamas volvere a comprar en @116875 :'v
Agent: @116926 ¡Hola! Lamentamos cualquier molestia ocasionada, ¿puedes contarnos lo sucedido? ^LC

CURRENT MESSAGE:
@AmazonHelp Solicitud (foto del estado de cuenta)",
5315,Customer,AmazonHelp,Support inquiry,"@AmazonHelp Can do, but that means I will miss out on Black ","CONVERSATION HISTORY:
Customer: @AmazonHelp Someone keeps trying to buy playstation cards on my account.  Having a hard time getting customer service
Agent: @116932 Thanks for letting us know about this, Jon. We're here to help! We can be reached 24/7 here: https://t.co/hApLpMlfHN. Please do keep us in the loop. ^BL
Customer: @AmazonHelp Still not working.  They sent me a link to reset the password, try and sign in with new password and still locked out.
Agent: @116932 Did information get sent to our Accounts Specialists to look into when you contacted in? ^DO
Customer: @AmazonHelp Yes.
Agent: @116932 Can you tell us when this information was submitted? Account Specialists can take up to 2 business days to investigate an account when the information has been sent. ^EZ
Customer: @AmazonHelp 10 hours ago.
Agent: @116932 Gotcha- Let us know if you haven't heard back from them on Tuesday. ^BL

CURRENT MESSAGE:
@AmazonHelp Can do, but that means I will miss out on Black Friday and Cyber Monday shopping.",
5319,Customer,AmazonHelp,Support inquiry,"@AmazonHelp Danke für die schnelle Antwort... ja, ich werde ","CONVERSATION HISTORY:
Customer: Ach schau an. Meine Bestellung war unzustellbar... @AmazonHelp, was ist da denn passiert? Bekomme ich mein Geld nun wieder?
Agent: @116933 Bei unzustellbaren Sendungen wird gewöhnlich nach Bearbeitung der Retoure eine Erstattung veranlasst. Den Grund können wir von hier aus leider nicht einsehen. Bei Fragen hierzu kannst du dich gerne per E-mail/Telefon an unseren Kundenservice wenden. Schönen Abend ^MH

CURRENT MESSAGE:
@AmazonHelp Danke für die schnelle Antwort... ja, ich werde mal nachfragen, was da schiefgelaufen sein soll. Ihnen auch einen schönen Abend noch.",
5323,Customer,AmazonHelp,Support inquiry,"@AmazonHelp For now, at least, until Prime Music starts shit","CONVERSATION HISTORY:
Customer: Get 3 months of Amazon Music Unlimited for only $0.99! Limited time only. https://t.co/K9lrx52L56
Customer: @116935 Will I be forced to listen to ads on Amazon Music Unlimited the way I'm now forced to view them on @530?
Agent: @116934 Listen ad-free with unlimited skips with Music Unlimited. Stream on!! ^RR

CURRENT MESSAGE:
@AmazonHelp For now, at least, until Prime Music starts shitting on its subscribers just like @116618.",
5331,Customer,AmazonHelp,Support inquiry,@AmazonHelp But why has every item got  3+ days processing t,"CONVERSATION HISTORY:
Customer: @AmazonHelp live chat down in the UK and as a prime member I cannot t get any items delivered before Tuesday whats going on?
Agent: @116936 Hi there, I'm sorry for the delivery troubles! Just to confirm, are you trying to place an order right now, or is this an ongoing issue? Are we missing the promised delivery dates here: https://t.co/aaDyEz1VgE? ^DW
Customer: @AmazonHelp Trying to place an order this happened before and deleting and rentering my address fixed it but now it's across multiple prime accounts to the same address
Agent: @116936 Prime shipping refers to transit time after your orders ship, in working days. Some orders require additional processing and handling. The delivery date shown at checkout is the most accurate.  ^LR

CURRENT MESSAGE:
@AmazonHelp But why has every item got  3+ days processing time when it's usually next day",
5348,Customer,TMobileHelp,Support inquiry,@TMobileHelp Says I can't DM you.,"CONVERSATION HISTORY:
Customer: Wow. @115911 just allowed someone to steal my phone number and told me they couldn't fix it unless they could call me on my phone number.
Agent: @116940 Oh wow! That's no good at all! I appreciate you reaching out! Shoot me a DM, I'm your savior! *DannyHarvey

CURRENT MESSAGE:
@TMobileHelp Says I can't DM you.",
5368,Customer,TMobileHelp,Support inquiry,@TMobileHelp Hi sultan you mentioned I Should send you dm,"CONVERSATION HISTORY:
Customer: #Thankenstein is so close to rising again!  Send your costume pics using #Thankenstein + #Contest to zap him to life! ⚡ https://t.co/wvgJv7fn61
Customer: @115911 @TMobileHelp sitting here with broken leg and frustrated no netflix on us promo still 😢
Agent: @116944 That's heart breaking to hear that your leg is broken! Send me a DM so we can see about #NetflixOnUS https://t.co/D4NKjg57yo *SultanGardezy

CURRENT MESSAGE:
@TMobileHelp Hi sultan you mentioned I Should send you dm",
5379,Customer,TMobileHelp,Support inquiry,@TMobileHelp Will do! Thx!,"CONVERSATION HISTORY:
Customer: North Jersey/NYC @115911 customers: how is your coverage? Reliability? Indoors/Outdoors? Thinking of switching from @115725!
Customer: @116948 We have coverage everywhere, Lisa! Check it out: https://t.co/Zq0j3hQlDD 🤗 #GetOutOfTheRed *TarynS
Customer: @115911 I've read some reviews that indoor coverage isn't great. As a working mom, I need consistent, reliable coverage.
Agent: @116948 Definitely hear you. Lisa. Shoot us a DM here and we'll take a closer look at coverage and talk specifics. 👍 *ValerieP

CURRENT MESSAGE:
@TMobileHelp Will do! Thx!",
5389,Customer,AlaskaAir,Support inquiry,@AlaskaAir That’s literally what I just said. Doesn’t excuse,"CONVERSATION HISTORY:
Customer: Nothing like waiting at the airport for 3.5 hours because @AlaskaAir employees can’t do their jobs right and argue with their customers (who are right).
Agent: @116952 Hi Harley, I'm sorry to hear about your delay. Can you message me your confirmation code? -Tara
Customer: @AlaskaAir Wasn’t a delay. I told the guy at the counter my bag wasn’t tagged and he said “yes it is” and pointed at my old tag from @SouthwestAir and proceeded to process my bag. I now have to wait 3.5 hours for my bag to get to SFO from PDX.
Agent: @116952 aaahhh, I see now. I'm sorry to hear about the baggage issue. I'm guessing they found it and tagged it for a later flight? -Tara

CURRENT MESSAGE:
@AlaskaAir That’s literally what I just said. Doesn’t excuse the fact that your employee argued with me and as a result I’m paying ($25/bag) to wait an extra 3.5 hours. Never flying your service again.",
5397,Customer,AlaskaAir,Support inquiry,@AlaskaAir Thx! Will do. Hoping our flight crew provides upd,"CONVERSATION HISTORY:
Customer: @AlaskaAir please, please broadcast the #AppleCup on flight 447 @116956 #badtiming #GoCougs
Agent: @116955 Hey Dot, oh my gosh that is horrible timing! I wish we could broadcast it live, but if you tweet at us here, we'll provide you score updates as it goes? -Sara

CURRENT MESSAGE:
@AlaskaAir Thx! Will do. Hoping our flight crew provides updates, so the entire plane participates. #AlaskaRocks",
5401,Customer,AlaskaAir,Support inquiry,"@AlaskaAir I fly a ton to LAS, unfortunately it never comes ","CONVERSATION HISTORY:
Customer: Heading home from #Thanksgiving vacation down in Tampa Florida with friends!  Had a great time, flew @AlaskaAir as always! Back to Seattle to the rain! #MVP #iflyalaska https://t.co/03ArS3nrdB
Agent: @116957 Welcome back to Seattle! Couldn't get the sun to come with you? -Tara

CURRENT MESSAGE:
@AlaskaAir I fly a ton to LAS, unfortunately it never comes with!",
5409,Customer,AlaskaAir,Support inquiry,@AlaskaAir Yeah just curious why boarding always happens ext,"CONVERSATION HISTORY:
Customer: @AlaskaAir why does flight 501 IND-SEA always have final boarding called at the listed START boarding time? Currently sitting at the gate with doors closed for 30+ min. Not the first time on this flight number
Agent: @116959 Hey, do I understand that the flight is closed already? -Tara
Customer: @AlaskaAir Not sure. In the back of the plane but heard an announcement about doors closing. Still sitting at the gate past departure time. Finally turned on A/C
Agent: @116959 Yeah, looks about 3 mins behind schedule.  -Tara

CURRENT MESSAGE:
@AlaskaAir Yeah just curious why boarding always happens extra early at IND. Been almost ""late"" to door closure at 45+ min prior to departure. Not a problem at SEA closer to 30 min",
5426,Customer,hulu_support,Support inquiry,@hulu_support I am using an iPhone 6s &amp; I tried the thin,"CONVERSATION HISTORY:
Customer: @hulu_support the Hulu app logged me out, &amp; when I try to log in, I get ""An error occurred. Please try again later"" &amp; I know the login
Agent: @116968 Sorry for the delayed reply! If you're still running into trouble, let us know the device in use and try: https://t.co/HXpLyTU79x.

CURRENT MESSAGE:
@hulu_support I am using an iPhone 6s &amp; I tried the things that the troubleshooting tips suggest.",
5432,Customer,hulu_support,Support inquiry,"@hulu_support Yes dialogue is out of sync. Seinfeld, workaho","CONVERSATION HISTORY:
Customer: @hulu_support Hi, your service is completely #unreliable. the stream freezes and the voices out of sync. #totallydisappointed #pleasefix
Agent: @116970 Yikes! Any specific show that's freezing and dialogue is out of sync? What device is in use? Try: https://t.co/HXpLyTU79x.

CURRENT MESSAGE:
@hulu_support Yes dialogue is out of sync. Seinfeld, workaholic, as well as others. Blank pic with sound, pic with no sound. Using Apple TV disappointed 😔",
5436,Customer,GWRHelp,Support inquiry,@GWRHelp thanks for your help Phil.  the carriage was reason,"CONVERSATION HISTORY:
Customer: @GWRHelp Hello i’ve left my iphone on the train, i was on 22.35 from Ealing Broadway to Langley 22.57.  Can you help?
Agent: @116971 Hi Ange. Which model iPhone was it, what was the colour and background image? Where on board was it left? Phil.
Customer: @GWRHelp hi Phil, it’s an iPhone 6s, black doesn’t have a cover and battery had died.  I was in about the 4th carriage, was one with toilet in
Customer: @GWRHelp if you find it and power it up, the background image is a woman sitting in a yellow chair
Agent: @116971 3/3 Please also make a report at https://t.co/h8I7Lay827, in case a passenger has taken it to hand in elsewhere. Phil.

CURRENT MESSAGE:
@GWRHelp thanks for your help Phil.  the carriage was reasonably empty so hopefully will be found by staff",
5455,Customer,ChipotleTweets,Support inquiry,"@ChipotleTweets Branch from Trolls 
And the Boorito was deli","CONVERSATION HISTORY:
Customer: Best Halloween 🎃 treat is always the Boorito from @ChipotleTweets!
Agent: @116976 Agreed. What did you wear as your costume? -Becky

CURRENT MESSAGE:
@ChipotleTweets Branch from Trolls 
And the Boorito was delicious! Thank you!",
5472,Customer,ChipotleTweets,Support inquiry,@ChipotleTweets agreed - thank you for another amazing dinne,"CONVERSATION HISTORY:
Customer: celebrating Halloween 2017 with @ChipotleTweets https://t.co/seN3hFyTX0
Agent: @116981 There's no better way to celebrate. -Becky

CURRENT MESSAGE:
@ChipotleTweets agreed - thank you for another amazing dinner, Chipotle",
5484,Customer,ChipotleTweets,Support inquiry,@ChipotleTweets I can't be lazy and send a friend 😭😭😭😭,"CONVERSATION HISTORY:
Customer: @ChipotleTweets is the $3 one per person?
Agent: @116984 That's correct. -Becky

CURRENT MESSAGE:
@ChipotleTweets I can't be lazy and send a friend 😭😭😭😭",
5496,Customer,ChipotleTweets,Support inquiry,"@ChipotleTweets Thanks, Becky. I submitted a request.","CONVERSATION HISTORY:
Customer: @ChipotleTweets I thought it was $3 burritos if we showed up in costume? https://t.co/zZdkrejrCl
Agent: @116990 It absolutely should be. Please write to us here: https://t.co/Ax7W1Dx3Y9 -Becky

CURRENT MESSAGE:
@ChipotleTweets Thanks, Becky. I submitted a request.",
5508,Customer,ChipotleTweets,Support inquiry,"@ChipotleTweets Good call, delicious burrito as always! http","CONVERSATION HISTORY:
Customer: @ChipotleTweets what do I wear for this #boorito ??? I'm too indecisice!!! #Halloween2017 https://t.co/Ap46AvYRFF
Agent: @116995 Sad Browns fan, for sure. -Becky

CURRENT MESSAGE:
@ChipotleTweets Good call, delicious burrito as always! https://t.co/6bV0HGNGgq",
5536,Customer,sainsburys,Support inquiry,"@sainsburys Oh bless you, thank you so much! It’s wallington","CONVERSATION HISTORY:
Customer: This being #UKSausageWeek, it’s reminded me to ask @sainsburys - will you be doing the Taste the Diff chipolatas w. cranberries this year?🙏
Agent: @117004 Hi Rachel, what's your local store? I'll look into this for you. Steven

CURRENT MESSAGE:
@sainsburys Oh bless you, thank you so much! It’s wallington, or purley way.  Or I’ll drive to wherever! They are so worth it!! X",
5539,Customer,sainsburys,Support inquiry,@sainsburys Thanks robbie. Ecclesall rd Sheffield :/,"CONVERSATION HISTORY:
Customer: Hi @sainsburys just bit into one of your jam doughnuts and it had custard in it ... not happy to say the least
Agent: @117005 Oh no! Sorry about this Will. Which store did you buy these from? I'll get this sorted for you. Robbie

CURRENT MESSAGE:
@sainsburys Thanks robbie. Ecclesall rd Sheffield :/",
5554,Customer,marksandspencer,Support inquiry,@marksandspencer Thanks I filled in an online complaint via ,"CONVERSATION HISTORY:
Customer: @marksandspencer who can I complain to about poor quality with food packs? Have spoken to store in question but they aren’t helpful at all? Do you have an email or phone number of someone who may be able to help? Thanks
Agent: @117007 Sorry to hear this - you can get in touch with us here &gt; https://t.co/drkesaOOXi or you can DM us some more info so we can help?

CURRENT MESSAGE:
@marksandspencer Thanks I filled in an online complaint via your website, hoe long does it normally take to reply?",
5580,Customer,AskPlayStation,Support inquiry,@AskPlayStation Ya los empeze a seguir,"CONVERSATION HISTORY:
Customer: @116216 Yo tenia un adeudo en mi cuenta y ya lo pague, estoy conciente que son 24 horas pero en ps4 dice que esta bloqueada mi cuenta
Agent: @117017 Hola. Por favor siguenos a traves de Twitter para poder enviarte un mensaje privado con instrucciones.

CURRENT MESSAGE:
@AskPlayStation Ya los empeze a seguir",
5587,Customer,AskPlayStation,Support inquiry,@AskPlayStation I'm trying to buy the game first but its not,"CONVERSATION HISTORY:
Customer: @AskPlayStation I trying to download Qurare: Magic Library bit its saying page not found.
Agent: @117019 Hi there,Glad to assist!  Sorry to hear that, Are you using a PS4 or a PS3? Let us know more details!
Customer: @AskPlayStation I'm using a PS4 system
Agent: @117019 Sorry to know that. Please follow the steps in the next link: https://t.co/lyTEIVBTBn Let us know the outcome!

CURRENT MESSAGE:
@AskPlayStation I'm trying to buy the game first but its not letting me do that",
5618,Customer,AskeBay,Support inquiry,"@AskeBay Can you please bear in mind, not everyone has smart","CONVERSATION HISTORY:
Customer: @115937 why is it such a crime to put my phone number in messages when dealing with potential buyers regarding delivery info?
Agent: @117022 We want to ensure eBay is safe and we can only protect our members if the conversation is kept on the site. ^CM
Customer: @AskeBay But as a delivery driver, I can’t be opening the app constantly to respond to queries and if someone wants to let me know they’re 5mins away
Agent: @117022 Contact info can be exchanged after payment has been submitted through eBay, but not before. (1/2) ^LJ
Customer: @AskeBay I for one would not consider buying a £3k watch without seeing it first, how would I get the sellers details?
Agent: @117022 Motors &amp; Local Pickup only are a little different – but all other items should show details in the pictures. If it’s (1/2) ^LJ
Customer: @AskeBay All the items I have listed currently are for local pick up yet I’ve had my messages restricted because I tried to give my number and email
Customer: @AskeBay I’m currently receiving enquiries regarding delivery info which I can’t respond to which is going to cost me in lost sales
Agent: @117022 Then let’s take a look at what triggered the restriction. DM your full name, email address, and registered postal code. ^LJ

CURRENT MESSAGE:
@AskeBay Can you please bear in mind, not everyone has smart phones! I have but my buyers might not!",
5624,Customer,AskeBay,Support inquiry,@AskeBay What is a dm,"CONVERSATION HISTORY:
Customer: @115937 is not a customer service co
Agent: @117023 Oh! We place great emphasis on customer service.If you have any situation you need support, we're happy to check it if DM us ^AH
Customer: @AskeBay I've talked to a supr with no assistance
Agent: @117023 We're always here to help and we want you to have a great experience! Send us a DM with more information and we'll review. ^CR

CURRENT MESSAGE:
@AskeBay What is a dm",
5627,Customer,CoxHelp,Support inquiry,@CoxHelp @117024 I agree! Why the frig can we not get an ETR,"CONVERSATION HISTORY:
Customer: Hi #coxri @116021 @CoxHelp I know you’re working hard. Just a little update or ETR WOULD HELP A LOT https://t.co/6tbwbd4WSS
Agent: @117024 Chuck, we do not have an estimated time of repair. Thank you for your patience! -Karen

CURRENT MESSAGE:
@CoxHelp @117024 I agree! Why the frig can we not get an ETR????!?!?",
5664,Customer,BofA_Help,Support inquiry,@BofA_Help Thank you call me tomorrow afternoon 3:00 pm (706,"CONVERSATION HISTORY:
Customer: Ridiculous amount of fees again from #bankofamerica.  How do you justify stealing money from people?
Agent: @117038 I called and left a message for you. Please return my call at the number provided or DM me when you are available.  ^kl

CURRENT MESSAGE:
@BofA_Help Thank you call me tomorrow afternoon 3:00 pm (706)614-7640",
5674,Customer,XboxSupport,Support inquiry,@117041 @XboxSupport @117040 Yeah just let us know if you've,"CONVERSATION HISTORY:
Customer: PlayerUnknown's Battleground launches on Xbox on 12/12. I'll see you on the battleground! Retail, digital: $29.99 #Xbox https://t.co/vw5gus2kxo
Customer: @116543 When can we pre order on Xbox?
Agent: @117040 If you need help with this, let us know! We're official Xbox support &amp; we'd be happy to help ^EZ
Customer: @XboxSupport @117040 He literally just asked something lol

CURRENT MESSAGE:
@117041 @XboxSupport @117040 Yeah just let us know if you've got any question and we will be happy to answer them! ^PS",
5705,Customer,ArgosHelpers,Support inquiry,@ArgosHelpers Alfreton,"CONVERSATION HISTORY:
Customer: @ArgosHelpers what’s the point in fast track when it’s really slow
Customer: @ArgosHelpers ?
Agent: @117051 How can I help? ~ Ellen
Customer: @ArgosHelpers Make the fast track fast
Agent: @117051 Have you had an issue I can help you with? ~ Ellen
Customer: @ArgosHelpers Yeah. There not fast. It would of been quicker joining the normal que
Agent: @117051 Hi there, do you have a particular order for delivery that you are referring to? ~Debs
Customer: @ArgosHelpers And waiting and the normal question went before the fast lane was tended too. So what’s the point in it
Agent: @117051 Sorry about that, can you tell us which store this was and we can pass your feedback over for you? - BH

CURRENT MESSAGE:
@ArgosHelpers Alfreton",
5779,Customer,AmazonHelp,Support inquiry,"@AmazonHelp Estoy al tlf con ellos, me lo reembolsan ahora m","CONVERSATION HISTORY:
Customer: @AmazonHelp https://t.co/ohEeuAt7A6 estais de coña no?el reembolso lo quiero ya, era para un regalo para hoy y tenia que llegar ayer.
Customer: @AmazonHelp Pago para tener el Prime con vosotros para que me tarden en llegar 10 dias? Reembolsadme la compra y lo compro en cualquier otro sitio
Agent: @117084 Zainda, nos comentarías, ¿ya entraste en contacto con nuestro Servicio de Atención al Cliente? ^HC

CURRENT MESSAGE:
@AmazonHelp Estoy al tlf con ellos, me lo reembolsan ahora mismo. Espero que ASM reciba algun tipo de sanción porque esto es una vergüenza.",
5786,Customer,AmazonHelp,Support inquiry,"@AmazonHelp ご丁寧にありがとうございます！
逆に面白かったので全く問題ないです！ありがとうございます！","CONVERSATION HISTORY:
Customer: 【新  一日一句】10.31

ハロウィンは
クレームさえも
吹き飛ばす🎃

Amazonで
マリオとルイージを買ったのに
マリオとマリオが来たwww

Wルイージよりマシか！笑
ハッピーハロウィン！👻💕 https://t.co/3s4J9MbYAc
Agent: @117087 ご迷惑をおかけしております。お届けした商品に問題があった場合、Amazonが発送する商品は返品・交換（可能な商品のみ）にて対応させていただいております。お手数ですが、リンクをご参照の上お手続きください。https://t.co/TYbxdUDknb TN

CURRENT MESSAGE:
@AmazonHelp ご丁寧にありがとうございます！
逆に面白かったので全く問題ないです！ありがとうございます！",
5796,Customer,AmazonHelp,Support inquiry,"@AmazonHelp Okay, thanks so much!","CONVERSATION HISTORY:
Customer: I go to watch #thebay and episode 7 &amp; 8 aren’t there??? 😭 @117090 @AmazonHelp
Agent: @117089 I'm sorry, I see we do have both episodes available. Can you let us know which device you are streaming this on? ^EB
Customer: @AmazonHelp I’m trying off my fire stick
Agent: @117089 (2/2) ... please reach out to us for real-time troubleshooting here: https://t.co/hApLpMlfHN ^WT

CURRENT MESSAGE:
@AmazonHelp Okay, thanks so much!",
5812,Customer,AppleSupport,Support inquiry,@AppleSupport No,"CONVERSATION HISTORY:
Customer: @AppleSupport just updated my 7 plus to 11.1 but I can’t see the new emojis on my watch. Pls help.
Agent: @117097 Got it. Have you updated your Apple Watch to 4.1 yet?

CURRENT MESSAGE:
@AppleSupport No",
5816,Customer,AppleSupport,Support inquiry,@AppleSupport ok cool,"CONVERSATION HISTORY:
Customer: I️ &lt;— wtf is going on @AppleSupport
Agent: @117098 We'd be happy to look into this with you more in detail.  Please reach out to us via DM and we'll get started. https://t.co/GDrqU22YpT

CURRENT MESSAGE:
@AppleSupport ok cool",
5833,Customer,AppleSupport,Support inquiry,@AppleSupport why does my iphone 6 is redémarrer alone !!!!!,"CONVERSATION HISTORY:
Customer: sa fait 1h j’ai ios11.1 et mon tel redemarre seul, explication @AppleSupport ?????
Agent: @117104 We offer support via Twitter in English. Contact us for help in your preferred language here: https://t.co/IBIY3vMgPj

CURRENT MESSAGE:
@AppleSupport why does my iphone 6 is redémarrer alone !!!!!",
5839,Customer,AppleSupport,Support inquiry,@AppleSupport Tried I️t and I️t still doesn’t work,"CONVERSATION HISTORY:
Customer: Just updated to iOS 11.2 and my keyboard is completely screwed up and glitchy now 🤦‍♂️ @115858 @AppleSupport
Agent: @117106 We'd like to assist as best we can. Do you mean iOS 11.1 which was released today?
Customer: @AppleSupport Yes. Sorry. I️ just watched a video about 11.2 beta. 11.1 When I️ type the letter Eye I️ happens https://t.co/bUBElgADue
Agent: @117106 Have you tried resetting the keyboard dictionary yet? If not, go to Settings &gt; General &gt; Reset &gt; Reset Keyboard Library

CURRENT MESSAGE:
@AppleSupport Tried I️t and I️t still doesn’t work",
5845,Customer,AppleSupport,Support inquiry,"@AppleSupport No, virginmedia. Tried twice with completely n","CONVERSATION HISTORY:
Customer: @AppleSupport Updated iPad Pro to 11.1.  Worked on draft email. None of changes saved. Started new email. Saved but disappeared. Help please
Agent: @117107 We'll help in any way we can. Was this on an https://t.co/coj9FJKJWV email account?

CURRENT MESSAGE:
@AppleSupport No, virginmedia. Tried twice with completely new mail. One didn’t save, 2nd did though. Very odd.",
5849,Customer,AppleSupport,Support inquiry,@AppleSupport 11.0.3,"CONVERSATION HISTORY:
Customer: I updated to iOS 11 and my iPhone 6 stopped connecting to wi-fi. Already restored the phone and the network connections @AppleSupport
Agent: @117108 We are here to help. So we can best isolate the cause, could you verify your exact iOS version? https://t.co/ZTw54HL4Rm

CURRENT MESSAGE:
@AppleSupport 11.0.3",
5857,Customer,VirginTrains,Support inquiry,@VirginTrains I’m phoning to check if there is bicycle space,"CONVERSATION HISTORY:
Customer: .@VirginTrains I’m trying to get through on the phone to book bicycles onto services. Ive been on hold for ages? Any help available?
Agent: @117110 If you could DM your journey details/booking reference we can take a look in to this and reserve the spaces where possible ^CB https://t.co/hhfk9bLWWV

CURRENT MESSAGE:
@VirginTrains I’m phoning to check if there is bicycle space before purchasing my tickets. If u could do this it would be brilliant &amp; i’d be very grateful",
5862,Customer,Uber_Support,Support inquiry,@Uber_Support This is out of date. The site https://t.co/gEB,"CONVERSATION HISTORY:
Customer: @Uber_Support Hi! I have a problem getting my invocie in Mexico (tax-legal facturas). Can you help or do you have a help center for Mexico?
Agent: @117112 Find out more info about getting your invoice here: https://t.co/AUc7vJQ0VM

CURRENT MESSAGE:
@Uber_Support This is out of date. The site https://t.co/gEBwRjewXQ is no longer online. Found this https://t.co/fvCb7ejJPp but I'm not recieving anything",
5877,Customer,BofA_Help,Support inquiry,@BofA_Help  https://t.co/iEhHPYxbUa,"CONVERSATION HISTORY:
Customer: Extremely limited tickets still available on StubHub for tonight's game! Come support #ThisTeam: https://t.co/IK1wnkhhcw  #WorldSeries https://t.co/mXWirnvdmP
Customer: @117118 Let me get a loan right quick. @116035
Agent: @117117 Hello, we saw your Twitter post. Is there anything we can do to help? ^cr
Customer: @BofA_Help @117117 He wants a Loan 😂
Agent: @117116 Hi, We no longer offer personal unsecured loans. Pls visit https://t.co/8PTVu8PokY for all of the products we offer. ^sp

CURRENT MESSAGE:
@BofA_Help  https://t.co/iEhHPYxbUa",
5886,Customer,BofA_Help,Support inquiry,"@BofA_Help actually, can you text me please to my email, __e","CONVERSATION HISTORY:
Customer: @BofA_Help I need to get information about refund from Groupon.
Agent: @117121 Please send us your full name/ZIP/phone #/account type so our Social Care Team can call you .^sp

CURRENT MESSAGE:
@BofA_Help actually, can you text me please to my email, __email__",
5909,Customer,XboxSupport,Support inquiry,@XboxSupport Party invites are fine and the game invite issu,"CONVERSATION HISTORY:
Customer: People of the fog! Venture inside Badham Preschool, the new #DeadbyDaylight map, available for free on PC &amp; consoles! https://t.co/sAq6xvPhgb
Customer: @117124 Unable to send invites on Xbox, you guys fixed something and it broke something else 😂
Agent: @117123 Are you able to send invites currently? If you still need help official Xbox support is just an @ away! ^EZ

CURRENT MESSAGE:
@XboxSupport Party invites are fine and the game invite issue seems to be limited to dead by daylight found away around the issue in the end ^_^",
5924,Customer,airtel_care,Support inquiry,@airtel_care @117128 @116327 Really pissed of and the custom,"CONVERSATION HISTORY:
Customer: @117128 @116329 @airtel_care 

I am in US and highlighted plan.Looks like you chargd me on local, I don't think I used 500 1/n https://t.co/5zLCc8KH6c
Customer: @117128 @116329 @airtel_care My phone number is +91-90002-89198. Please help me on this. (2/n)
Customer: @117128 @116329 @airtel_care Do you guys even care? I am stuck after paying.
Cannot make calls. Feels really bad that I took this plan.
Agent: @117127 @117128 Hello @117128, kindly assist with stated issue. Thank you. ^Osebi.
Customer: @airtel_care @117128 I have to waste some of my money on @116327 now. I thought #airtel was good.

CURRENT MESSAGE:
@airtel_care @117128 @116327 Really pissed of and the customer care gave 2 days time. I am returning on 4th. Where the * that can fix when I am in need.",
5953,Customer,AirAsiaSupport,Support inquiry,@AirAsiaSupport I did not receive anything. Have dropped @Ai,"CONVERSATION HISTORY:
Customer: @AirAsiaSupport How long do I need to wait for my credit shell to be processed? I replied the email on 25/10. Need it for new booking.
Agent: @117132 May we have the booking number you are referring to  Oii? -Yana
Customer: @AirAsiaSupport Booking no YIUBPF. Thanks.
Agent: @117132 Hi Jin Yen, we has respond you via DM, see you there! - Anwar

CURRENT MESSAGE:
@AirAsiaSupport I did not receive anything. Have dropped @AirAsiaSupport a DM. Thanks",
6447,Customer,AskPapaJohns,Support inquiry,@AskPapaJohns They're the ones charging it.,"CONVERSATION HISTORY:
Customer: Yo Papa @116076 you're seriously charging $0.25 per packet of crushed red pepper and parm cheese? Refund my money.
Agent: @117140 We're sorry the store charges for this! Did you call your local store about refunding your order?

CURRENT MESSAGE:
@AskPapaJohns They're the ones charging it.",
6458,Customer,AskPapaJohns,Support inquiry,@AskPapaJohns Someone added a credit to my account so next t,"CONVERSATION HISTORY:
Customer: when your pizza comes and it’s cold and they didn’t give you 5 of the 6 sauces you ordered....I’m mad @116076
Customer: @116076 I called and said I didn’t get my sauces and she said hold on a second and then the phone hung up??? @116076
Agent: @117141 We're sorry to hear this! Were you able to call back and get ahold of someone?
Customer: @AskPapaJohns No I haven’t called back, I was hoping they would :/
Agent: @117141 Can you try calling back and asking for the manager? We're so sorry the call was disconnected!
Customer: @AskPapaJohns Yes I can. I will update you!

CURRENT MESSAGE:
@AskPapaJohns Someone added a credit to my account so next time I won’t have to pay for them. Thank you!",
6468,Customer,Kimpton,Support inquiry,"@Kimpton It was wonderful and your staff are great 
I hope t","CONVERSATION HISTORY:
Customer: Can't believe I am about to leave the @Kimpton #palomarDC had a wonderful time here for #pugstakedc and a couple of extra days in the city https://t.co/nEonj2DBce
Agent: @117146 We can't believe it too, Jo; we were so lucky to spend extra time with you. It sounded like a pugtastic time.

CURRENT MESSAGE:
@Kimpton It was wonderful and your staff are great 
I hope to see you all again soon",
6480,Customer,TMobileHelp,Support inquiry,@TMobileHelp I need help,"CONVERSATION HISTORY:
Customer: Worse experience @115911 0 customer service. 3 years of this?
Agent: @117150 Hey, Abdul! We only want the best service for you at ALL times! Send us a DM, and we'll assist you! *KellenF

CURRENT MESSAGE:
@TMobileHelp I need help",
6569,Customer,TMobileHelp,Support inquiry,@TMobileHelp How to set up fingerprint on my phone I got sav,"CONVERSATION HISTORY:
Customer: Get a FREE @117159 #GalaxyNote8 when you buy one and add a line. https://t.co/UE61rfNuod
Customer: @115911 @117159 Svasung galxy phone
Agent: @117158 Is the app downloaded already, Rich? ☺️ Send us a DM and we can walk you through the steps! *TarynS
Customer: @TMobileHelp What app should I put on my phone to do finger print on my phone
Agent: @117158 Glad you asked! Send a DM my way and I can help in a little more detail! :) https://t.co/senzStoecA *HillaryTurner

CURRENT MESSAGE:
@TMobileHelp How to set up fingerprint on my phone I got savsung galaxy j3prime",
6596,Customer,AirbnbHelp,Support inquiry,@AirbnbHelp I have DM you multiple times! And the credit is ,"CONVERSATION HISTORY:
Customer: @AirbnbHelp How did I get my credit? This is the 3rd notice!! https://t.co/KXgKfOJffs
Agent: @117160 Thanks for asking, Jennifer. Your credits are found in your Account Settings &gt; Payment Methods &gt; Your Coupons. DM us if we can help further.

CURRENT MESSAGE:
@AirbnbHelp I have DM you multiple times! And the credit is not showing up which is why I have contacted you guys many times!!",
6604,Customer,AmericanAir,Support inquiry,@AmericanAir Typical empty answers. I wasn't expecting a res,"CONVERSATION HISTORY:
Customer: I am an @AmericanAir frequent flyer and I can attest that they suck
The Best Frequent Flyer Programs to Strive For https://t.co/5hMhrGuYvJ
Agent: @117161 We never want you to feel this way, and appreciate the feedback you provide!
Customer: @AmericanAir #greed comes to mind every time I fly with you. I am considering switching to @Delta even if it means longer flights as they rock!
Agent: @117161 We try to upgrade as much as possible and will continue to do that. Our apologies that you haven't got upgraded as much as you'd like, Wael.

CURRENT MESSAGE:
@AmericanAir Typical empty answers. I wasn't expecting a resolution but you may want to be careful as you will allienate your customers along the way.",
6611,Customer,Delta,Support inquiry,@Delta I've been busy with life. How long do I have to file ,"CONVERSATION HISTORY:
Customer: @Delta Just noticed the zipper was broken off yesterday morning on my return flight&amp;it wasn't like that when I left?😥is there help? #notcool https://t.co/VIm6mmForU
Agent: @117166 That's not good. Please return to the airport and file a Damaged Bag Report with our Baggage Service Center. I'm sorry for the trouble. *AMC
Customer: @Delta I live an hour north of the ATL airport, can it be done online? 🙏🏼
Agent: @117166 Unfortunately, this must be done at the airport because the bag must be looked at by a Delta Representative. *AMC

CURRENT MESSAGE:
@Delta I've been busy with life. How long do I have to file a claim regarding this?  Or is this a lost cause at this point?",
6618,Customer,SpotifyCares,Support inquiry,@SpotifyCares Ok! Thanks. I will let you know if it happens ,"CONVERSATION HISTORY:
Customer: @117168 when I watch an ad video and you say 30 mins ad free. I expect 30 mins ad free. Not 10 mins. https://t.co/1hmNwVarMm
Agent: @117167 Hey Terry, that doesn't sound good! Did the app crash at any point during the 30 minutes? That can cause the ad-free time to reset /RA
Customer: @SpotifyCares Yes I did. The dude even said thanks for watching now enjoy your 30 mins of ad free music.
Agent: @117167 Hmm, that's odd. We'll get this passed on to our devs so they can look into it. Give us a shout if you need anything else /RA

CURRENT MESSAGE:
@SpotifyCares Ok! Thanks. I will let you know if it happens again. Thanks for every thing! https://t.co/WWH8AKTJUk",
6628,Customer,AmericanAir,Support inquiry,@AmericanAir Was my wife/mom. We couldn't believe it! Then s,"CONVERSATION HISTORY:
Customer: Interacted with one of the rudest flight attendants on @AmericanAir flight 1305 from ORD to SLC. Be patient, she's only 4. #flydeltainstead
Agent: @117169 Oh my, we'd like to have more details about what happened. We always expect our team to treat our customers courteously and friendly.

CURRENT MESSAGE:
@AmericanAir Was my wife/mom. We couldn't believe it! Then she proceeded to try to tell us how to parent our children. Our children, 6 and 4 were perfect",
6639,Customer,TMobileHelp,Support inquiry,@TMobileHelp @115913 I went to T-Mobile store today after my,"CONVERSATION HISTORY:
Customer: @115913 @115911 have been a loyal customer for 4 years and got denied dues to ES limit which is 4 year old What is point of JOD/month
Agent: @117172 @115913 Upgrading should be fun and we love our long-time customers. DM me so we can look into options together: https://t.co/c6ROkAqiws *HollyAdams
Customer: @TMobileHelp @115913 I just did.. hope to get a resolution soon.
Agent: @117172 @115913 I've got your DM! I'll meet you there! *ZachRicketts

CURRENT MESSAGE:
@TMobileHelp @115913 I went to T-Mobile store today after my yesterday's conversation and got turned down again..",
6648,Customer,SouthwestAir,Support inquiry,"@SouthwestAir Awesome, thank you so much!! Appreciate the qu","CONVERSATION HISTORY:
Customer: @SouthwestAir any updates on flight 6353 from DEN to BOS? Four hours is a bit much 😩
Agent: @117174 We know how frustrating delays can be, Danielle. Flight #6353 is set to depart at 8 p.m. We're working hard to have you on your way soon ^MS
Customer: @SouthwestAir No worries, thanks! If the departure time changes we'll be notified,right? Just sat down to dinner and don't want to have to rush out 😬
Agent: @117174 We attempt to send out messages with updated departure times, however, if improvements are made, the time is subject to change. ^MS
Customer: @SouthwestAir Thanks, app and airport boards should be updated though I assume?
Agent: @117174 Correct. Enjoy your dinner, and we'll work on having you out soon! ^MS

CURRENT MESSAGE:
@SouthwestAir Awesome, thank you so much!! Appreciate the quick responses 😀",
6903,Customer,sprintcare,Support inquiry,"@sprintcare @83216...the last agent in telesales, Ching or C","CONVERSATION HISTORY:
Customer: anyone and everyone....if you decide to do business with @115714 .....save your money and time. The customer service is insulting and a joke
Agent: @117178 Are you currently experiencing some type of issues with your service or bill? Please let us know what is going on, to give you a hand. - JF

CURRENT MESSAGE:
@sprintcare @83216...the last agent in telesales, Ching or Chin, basically told me he has not ID #, and NO MANAGER OR SUPERVISOR TO ESCALATE MY ISSUE TO!",
6909,Customer,Delta,Support inquiry,@Delta I should've known there was a catch...flight delayed ,"CONVERSATION HISTORY:
Customer: My flight back to SF just got upgraded 🙌🏾 thanks @Delta! 😊
Agent: @117180 Congrats on the upgrade, Davina! Enjoy! ✈💺✈ *ACJ

CURRENT MESSAGE:
@Delta I should've known there was a catch...flight delayed 😏",
6912,Customer,AmericanAir,Support inquiry,@AmericanAir Will it be complimentary or charged the 25$ or ,"CONVERSATION HISTORY:
Customer: @AmericanAir I bought a carry on luggage that 24×14×9+2.5 EXP. What does the 2.5 EXP STAND FOR on my luggage? Will check in charge me 25?
Agent: @117181 Your carry-on bag is oversized by the dimensions you gave us. There will be a charge since you'll have to check it. https://t.co/AqqDo7qAE3.

CURRENT MESSAGE:
@AmericanAir Will it be complimentary or charged the 25$ or however much it Is?",
6919,Customer,AppleSupport,Support inquiry,"@AppleSupport Yes, sorry i mean iOS 11, when I texting my ke","CONVERSATION HISTORY:
Customer: @AppleSupport I installed the iOS 10.0 , 10.0.1 and 10.0.2 and makes my iPhone 6 very slow and doesn’t work properly can you help me?
Agent: @117183 We can help!  We assume you mean iOS 11, right?  Can you tell us what types of performance issues you're experiencing?

CURRENT MESSAGE:
@AppleSupport Yes, sorry i mean iOS 11, when I texting my keyboard it’s very slow and my battery it consumes very fast.",
6925,Customer,Delta,Support inquiry,@Delta When a flight attendant  states in front of the passe,"CONVERSATION HISTORY:
Customer: @Delta you suck! 9 hr flt w/o entertainment or wkg jacks. Staff rude. Free Wifi -not with over 200 people! Time to shred the DSM card!
Agent: @117185 We are continuously striving to provide the best service, thank you for sharing your feedback. We are a tweet away if you need us. *AFC

CURRENT MESSAGE:
@Delta When a flight attendant  states in front of the passengers that she is tired of the call bells going off- it's an issue with the service.",
6937,Customer,Ask_Spectrum,Support inquiry,@Ask_Spectrum Not really! Tech coming on Wednesday,"CONVERSATION HISTORY:
Customer: @Ask_Spectrum why are the announcers on the football games switching between English and Spanish?
Agent: @117190 I apologize for the delayed response. Have your issues been addressed? https://t.co/b1N27ZpruK​, These steps here... https://t.co/xzzusHXVRx

CURRENT MESSAGE:
@Ask_Spectrum Not really! Tech coming on Wednesday",
6942,Customer,BoostCare,Support inquiry,@BoostCare Does the store have any other deals?,"CONVERSATION HISTORY:
Customer: @BoostCare is the iPhone SE promotion only on the website or is it in-store also?!
Agent: @117191 Hello! The iPhone SE deal is available only through our online shop. For more details, please visit: https://t.co/V7UljfvVgu.

Is there anything else we may help you with? - RB.

CURRENT MESSAGE:
@BoostCare Does the store have any other deals?",
6949,Customer,BoostCare,Support inquiry,@BoostCare I DMd hours ago and I'm still having problems,"CONVERSATION HISTORY:
Customer: Is anyone else having trouble with their Boost Mobile network or is it just me?
Agent: @117194 Hi Shaunee! What's wrong with our network at your location? Would you please DM us your zip code and nearest cross-streets where that occurs? We're at your service here. -RE.

CURRENT MESSAGE:
@BoostCare I DMd hours ago and I'm still having problems",
6966,Customer,AmazonHelp,Support inquiry,@AmazonHelp Thank you. Spoke with customer service who was v,"CONVERSATION HISTORY:
Customer: @115821 So for the 4th time the package I ordered was tossed onto my property instead of being left on my front porch. It was raining. Package wet. I’ve complained repeatedly to no avail. Since Amazon switched from USPS to local delivery Svc the SERVICE is terrible.
Agent: @117198 I am so sorry this has happened. Can you please clarify the carrier for us? We want to assist! You can see that info here: https://t.co/WvaNTeDWQh ^BA
Customer: @AmazonHelp Will do in morning. By the way, I’ve complained about this same issue 3 times and twice before directly to carrier.
Agent: @117198 When you have a moment, please phone us here: https://t.co/hApLpMlfHN ^RR
Customer: @AmazonHelp Please call me
Agent: @117198 If you follow the link ^RR provided, we'd love to give you a call. ^MH
Customer: @AmazonHelp Or you can provide me with a direct dial number and I’ll call it now
Agent: @117198 Hi there!  We are not able to see customer's account information here on Twitter.  Please reach out to us by calling 866-216-1072 and keep us updated on the outcome! ^SP

CURRENT MESSAGE:
@AmazonHelp Thank you. Spoke with customer service who was very nice &amp; helpful &amp; put me straight through to a Competent logistics person who documented issue, researched my acct &amp; was going to contact delivery Svc directly to ensure procedures followed. Time will tell. Thank you.",
6969,Customer,Uber_Support,Support inquiry,"@Uber_Support I don't have any card, so cannot fill the requ","CONVERSATION HISTORY:
Customer: @Uber_Support Question! Can we send a Gift Card (maybe digital) out of US? I'm in Panama and want to send a gift card to someone in Panama
Agent: @117199 Here to help! Please send us a note at https://t.co/R8Xm8a7StU and we'll be happy to look into this for you.

CURRENT MESSAGE:
@Uber_Support I don't have any card, so cannot fill the required field. I just want to know if it's a service only for inside USA or not, before purchase.",
6982,Customer,Uber_Support,Support inquiry,@Uber_Support This is what m getting everytime...Any respons,"CONVERSATION HISTORY:
Customer: WTH !! @115873  Totally unprofessional. First,Cancelled the ride without informing me and Second, charging me for that. 😡😠
Agent: @117203 We can definitely take a closer look! Contact us here; https://t.co/593jusCquh , so we can help.
Customer: @Uber_Support page isn't working...
Agent: @117203 Sorry to hear the trouble, Prashant! Let's get this sorted out via https://t.co/QsI1vsvcif and a member of our team will be in contact.

CURRENT MESSAGE:
@Uber_Support This is what m getting everytime...Any response to this ? https://t.co/ZgFJCQjRN8",
7042,Customer,British_Airways,Support inquiry,@British_Airways I appreciate your point but this was not th,"CONVERSATION HISTORY:
Customer: @British_Airways when you go to check in and the one week you need to be at the front for a sharp exit and you’ve been put out your seat! 😡😡
Agent: @117220 Hi Clare, please accept our apologies for any  inconvenience the changing of your seat reservation has caused. ^L
Customer: @British_Airways I’m now half way up the plane when I was originally in row 4! What’s the point of silver perks when you take them away!
Agent: @117220 may need to be changed for safety or operational reasons. We'll pass your comments on to the Customer Experience team. ^Kit 2/2
Customer: @British_Airways CS won’t get me off the plane tonight any quicker. Changes so you can make money!! No loyalty and getting worse!!!
Agent: @117220 Please accept our apologies. Your loyalty to us showed always been shown. We want to improve and change your thoughts about us 2/2. ^Oliver
Customer: @British_Airways I think you meant should!! I’m not sure how much more feedback I can give!! I’ve made my thoughts clear. Another airline may now be needed!
Agent: @117220 by using the feedback you submit. We appreciate it more than you think Claire 2/2. ^Oliver
Customer: @British_Airways It’s Clare with no i!!
Agent: @117220 We do apologise for this but there's unfortunately, there's nothing more we can do and this could happen with any airline. ^Danielle

CURRENT MESSAGE:
@British_Airways I appreciate your point but this was not the case last night. It was to allow Club Europe an additional row. Let’s leave it there! Thanks",
7052,Customer,XboxSupport,Support inquiry,"@XboxSupport Sure, I'll do that now... Just don't redeem it ","CONVERSATION HISTORY:
Customer: @XboxSupport I won a 1 month EA access subscription in your intergalactic competition the other day and I'm wondering if there's a time limit for me to redeem the code or if I'm ok to wait before entering so it's not wasted. Thanks.
Agent: @117224 Hi there! Was there anything said about an expiration date when the code was sent to you? ^JS
Customer: @XboxSupport No I can't see anything about an expiry date in the email
Agent: @117224 If you don't see an expiration listed, then you should be fine - just to check, though, can you DM us the code you're curious about?  ^QZ

CURRENT MESSAGE:
@XboxSupport Sure, I'll do that now... Just don't redeem it on me 😂 😂",
7060,Customer,comcastcares,Support inquiry,@comcastcares My service is always on and off . Ironically w,"CONVERSATION HISTORY:
Customer: Getting really frustrated with @115900  lately . Starting to look around for new cable and internet provider
Agent: @117226 Hello Valentina, I am not happy to hear this. How can I help you? -YE

CURRENT MESSAGE:
@comcastcares My service is always on and off . Ironically when I need it most I'm having to reboot and reset my internet and it's very inconvenient",
7067,Customer,comcastcares,Support inquiry,@comcastcares Will do,"CONVERSATION HISTORY:
Customer: So my ISP Really screwed me over, so I switched to @115900
Agent: @117228 Hi, I'm glad to hear you switched to Xfinity! Let me know if you need any assistance! - MH

CURRENT MESSAGE:
@comcastcares Will do",
7081,Customer,comcastcares,Support inquiry,@comcastcares You can't. That's why I cancelled my service. ,"CONVERSATION HISTORY:
Customer: We’re proud to announce that #InternetEssentials has connected 4 million low-income Americans to the Internet. https://t.co/APimGHk1rT
Customer: @116136 Too bad they are stuck with the worst customer service
Agent: @117232 Good evening, how can I help you? -YE

CURRENT MESSAGE:
@comcastcares You can't. That's why I cancelled my service. #anotheronebitesthedust",
7160,Customer,comcastcares,Support inquiry,@comcastcares Does not appear that Comcast is too concerned.,"CONVERSATION HISTORY:
Customer: @ComcastCares
#mobile_Care I received a box. I will not open it. I ordered nothing.
Agent: @117234 Hello, I apologize if this was sent in error. Can you please DM us and we can take a look at what was sent? -EG
Customer: @comcastcares What’s D S?
Agent: @117234 I'm not sure what you mean, but I'll be happy to look into it. Would you please DM the full service address and phone number? -JN

CURRENT MESSAGE:
@comcastcares Does not appear that Comcast is too concerned. I’ve heard zero from Comcast!",
7173,Customer,TMobileHelp,Support inquiry,@TMobileHelp I did man.,"CONVERSATION HISTORY:
Customer: if i would have started a youtube channel years ago Maybe apple would’ve sent over an iphoneX instead of me fighing @115911 over zerodown
Agent: @117235 Hey there! Send us a DM, I'll help you out :) *TiannahReagor
Customer: @TMobileHelp Thank you but ive fought with you guys all weekend over DMs they wont give me zero down.
Agent: @117235 We definitely want to do what we can to help you! *TiannahReagor
Customer: @TMobileHelp If i can zero down on our phones. Thats whT i need. But they already said my not able. Because I’m not a 3 year customer.
Agent: @117235 We have updated our terms, send us a DM and I'll take a look! *TiannahReagor
Customer: @TMobileHelp Any luck with those new terms?
Agent: @117235 Send me a DM and let's see what is going on! https://t.co/izQCWNdYgX *NickSuzuki
Customer: @TMobileHelp Thanks nick for the reply. But you can check my DMs i sent previously. They wont help.
Agent: @117235 If you want change your mind, send us a DM and we can chat about the pricing! https://t.co/izQCWNdYgX *NickSuzuki

CURRENT MESSAGE:
@TMobileHelp I did man.",
7442,Customer,AldiUK,Support inquiry,@117242 @marksandspencer @117243 @117244 @117245 @117246 @11,"CONVERSATION HISTORY:
Customer: 2017 mince pie off is go! First round underway. Bring it on!! @sainsburys @117249 @AldiUK @117246 @marksandspencer @Morrisons @Tesco #mincepie https://t.co/vm5jC91gUB
Customer: @117242 @sainsburys @117249 @AldiUK @117246 @marksandspencer @Morrisons @Tesco You need to get the Iceland ones... seriously!
Agent: @117260 @117242 @sainsburys @117249 @117246 @marksandspencer @Morrisons @Tesco Do any of yours contain sloe gin though? We think not... https://t.co/acNNh6I1mF
Customer: @AldiUK @117260 @sainsburys @117249 @117246 @marksandspencer @Morrisons @Tesco The Cognac steeped ones scored a good 6! But the shelves were empty of the Sloe gin ones. Want to join the mince pie competition? ;)
Agent: @117242 @AldiUK @117260 @sainsburys @117249 @117246 @Morrisons @Tesco Yessssss!!!!! When's our trophy? ;) https://t.co/aroDntvL7F
Customer: @marksandspencer @AldiUK @117260 @sainsburys @117249 @117246 @Morrisons @Tesco Hold your horses! There are others wanting a go too! :) Tho for marmalade sandwiches, you’d definitely win! #lovethebear
Customer: @marksandspencer @AldiUK @117260 @sainsburys @117249 @117246 @Morrisons @Tesco Good morning pie makers!! Looks like we have some @117250 and @117248 pies today... Who’s feeling confident? ;) https://t.co/pUxEY4yb8H
Customer: @117242 @marksandspencer @AldiUK @117260 @sainsburys @117249 @117246 @Morrisons @Tesco @117250 It's a co-operative derby! John Lewis Partnership vs @117248. ^CS
Customer: @117248 @marksandspencer @AldiUK @117260 @sainsburys @117249 @117246 @Morrisons @Tesco @117250 So how do you both fancy your chances with the current leader @marksandspencer? Results to come this afternoon... https://t.co/nwKjLyeygb
Agent: @117242 @117248 @marksandspencer @AldiUK @117260 @117249 @117246 @Morrisons @Tesco @117250 I think our mince pies will surprise you with a bit of... 
Maclaine https://t.co/oHw2c4Qvq5
Customer: @sainsburys @117248 @marksandspencer @AldiUK @117260 @117249 @117246 @Morrisons @Tesco @117250 Righty! The unboxing! Have to say, the @117248 pies look really good!! 😋#mincepietasteoff https://t.co/4fBZcUXJMu
Customer: @sainsburys @117248 @marksandspencer @AldiUK @117260 @117249 @117246 @Morrisons @Tesco @117250 I’ve had to pull in a team of tasters to help me - we are just tucking in to the @117248 luxury mince pies and the @117250 all butter mince pies... #drumroll #mincepietasteoff Will either unseat @marksandspencer? https://t.co/iajaLDjd5b
Customer: @sainsburys @117248 @marksandspencer @AldiUK @117260 @117249 @117246 @Morrisons @Tesco @117250 And the results are in!
@117251 score a respectable 6 (loving the dusting!) whilst @117250 score 6.5. Current leaders with a slight lead are @marksandspencer! Who’s up next?! 😊 https://t.co/pzIYAp24KZ
Agent: @117242 @sainsburys @117248 @marksandspencer @AldiUK @117260 @117249 @117246 @Morrisons @117250 @117251 Count us in Mark... https://t.co/Cafcy9ztc4
Agent: @Tesco @117242 @sainsburys @117248 @AldiUK @117260 @117249 @117246 @Morrisons @117250 @117251 We're keeping hold of this for now if that's okay :) https://t.co/pyDWInbJbh
Customer: @marksandspencer @Tesco @sainsburys @117248 @AldiUK @117260 @117249 @117246 @Morrisons @117250 @117251 You are very welcome to - but more competition is on the way. Including an upcoming entry from @117241 :) Are we all excited to see who we will taste tomorrow? https://t.co/m5jwIKG5dh
Customer: @marksandspencer @Tesco @sainsburys @117248 @AldiUK @117260 @117249 @117246 @Morrisons @117250 @117251 @117241 Good morning pie makers! Day 3 of the mince pie tasting today! Due to over indulgence of pies, today we will be selecting 1 set of pies and these will be from @Tesco. @49975 do you feel confident? https://t.co/8TVIlPX9h1
Customer: @marksandspencer @Tesco @sainsburys @117248 @AldiUK @117260 @117249 @117246 @Morrisons @117250 @117251 @117241 Righty, @Tesco we have secured the pies. We’ve gone with your Finest.  They look good through the “pie box window” :) https://t.co/dFZQwxDec0
Customer: @marksandspencer @Tesco @sainsburys @117248 @AldiUK @117260 @117249 @117246 @Morrisons @117250 @117251 @117241 Hey @Tesco we are ready to give you your score!! But where are you?! Maybe @117246 can entertain us while we wait... https://t.co/DUy44H9JhU
Agent: @117242 @Tesco @sainsburys @117248 @AldiUK @117260 @117249 @117246 @Morrisons @117250 @117251 @117241 We're not worried about Tesco 😉 Also, why go to Aldi for value bants when the Social Media pros are here? ¯\_(ツ)_/¯ https://t.co/jfqeSRkk3v
Customer: @marksandspencer @117242 @Tesco @sainsburys @117248 @AldiUK @117260 @117249 @Morrisons @117250 @117251 @117241 Thanks for announcing our arrival! https://t.co/QXbSYUsOgF
Customer: @marksandspencer @117242 @Tesco @sainsburys @117248 @AldiUK @117260 @117249 @Morrisons @117250 @117251 @117241 Watching @Tesco enter the game like👀 https://t.co/SzeeHuPOgt
Agent: @117246 @117242 @Tesco @sainsburys @117248 @AldiUK @117260 @117249 @Morrisons @117250 @117251 @117241 BAH GAWD LIDL, TESCO HAS A FAMILY😂😂 https://t.co/fraH9xPPbr
Customer: @marksandspencer @117242 @Tesco @sainsburys @117248 @AldiUK @117260 @117249 @Morrisons @117250 @117251 @117241  https://t.co/M55roY2fJ2
Customer: @117246 @marksandspencer @Tesco @sainsburys @117248 @AldiUK @117249 @Morrisons @117250 @117251 @117241 Not sure if you’re listening @Tesco but your results are in! @marksandspencer - looks like your crown is safe. For now... https://t.co/5tsGXlo0cy
Customer: @117242 @117246 @marksandspencer @Tesco @sainsburys @117248 @AldiUK @117249 @Morrisons @117250 @117251 Ours are coming...lets hope we can snatch the crown 😀 https://t.co/hZcpBDb0FG
Customer: @117241 @117246 @marksandspencer @Tesco @sainsburys @117248 @AldiUK @117249 @Morrisons @117250 @117251 And @Morrisons, you’re formally on the list - pies have just been acquired ;) https://t.co/2S1te0IFVm
Customer: @117241 @117246 @marksandspencer @Tesco @sainsburys @117248 @AldiUK @117249 @Morrisons @117250 @117251 Good morning pie makers!! Ready for day 4? Today we have @Morrisons All Butter mince pies. How do we all feel about that? https://t.co/gGYXEwrBc8
Customer: @117242 @117241 @marksandspencer @Tesco @sainsburys @117248 @AldiUK @117249 @Morrisons @117250 @117251 Where is everyone? https://t.co/kOc1xxpgtE
Agent: @117246 @117242 @117241 @marksandspencer @sainsburys @117248 @AldiUK @117249 @Morrisons @117250 @117251  https://t.co/Rcxi4QEdhJ
Customer: @Tesco @117246 @117242 @marksandspencer @sainsburys @117248 @AldiUK @117249 @Morrisons @117250 @117251 **Passes over the aloe vera** https://t.co/aTIHs6xtmu
Customer: @117241 @Tesco @117242 @marksandspencer @sainsburys @117248 @AldiUK @117249 @Morrisons @117250 @117251 I'd say the real burn is that our basic Favorina mince pies got the same score as Finest*...and there are more in a pack...and they cost less... when our Deluxe range clock in then we'll talk. 😉 https://t.co/mXJYjDwULb
Agent: @117246 @117241 @Tesco @117242 @sainsburys @117248 @AldiUK @117249 @Morrisons @117250 @117251 Hey @117246... do you know what happens when you delete a tweet then reword your 'burn'? Do you know what happens when you try and keep up with our bants? Well Lidl.... https://t.co/fjHntKRKg4
Customer: @marksandspencer @117241 @Tesco @117242 @sainsburys @117248 @AldiUK @117249 @Morrisons @117250 @117251 We'll call it 1-1 then...(Note the correct use of ""then"" 😉) https://t.co/MxSyUtbXO0
Agent: @117246 @117241 @Tesco @117242 @sainsburys @117248 @AldiUK @117249 @Morrisons @117250 @117251 😂😂 We feel like Seth Rollins cashing in on the grandest stage of them all 🙌 (p.s. - we'll call it 2-1 to us after our 'battle of the supermarkets' war where we, again, stole the show with our spongebob meme😉) #justsaying https://t.co/SBia8RZ7gb
Customer: @marksandspencer @117246 @117241 @Tesco @sainsburys @117248 @AldiUK @117249 @Morrisons @117250 @117251 One day, people will recall the Mince Pie Wars of 2017 &amp; we will all recall the way it played out. @Morrisons, stand by for your score https://t.co/uPWMJvssZL
Agent: @117242 @marksandspencer @117246 @117241 @sainsburys @117248 @AldiUK @117249 @Morrisons @117250 @117251 I doubt @117249 will... https://t.co/A4RR3PqLHC
Agent: @Tesco @117242 @117246 @117241 @sainsburys @117248 @AldiUK @117249 @Morrisons @117250 @117251 No.. C...Can it be?? TESCO... FROM OUTTA NOWHERE 🐍 https://t.co/54EXQBGOdG
Customer: @marksandspencer @Tesco @117246 @117241 @sainsburys @117248 @AldiUK @117249 @Morrisons @117250 @117251 Results are in for @Morrisons!!! #drumrollplease https://t.co/HsEi3zYpxY
Agent: @117242 @marksandspencer @117246 @117241 @sainsburys @117248 @AldiUK @117249 @Morrisons @117250 @117251  https://t.co/EUeYF5Ittd
Customer: @Tesco @marksandspencer @117246 @117241 @sainsburys @117248 @AldiUK @117249 @Morrisons @117250 @117251 Loving the confidence @marksandspencer and @117241 😊 The pie tasting will continue on Monday (I don’t have my fellow pie judges available over the weekend!) https://t.co/7HaezHXO2u
Customer: @117242 @Tesco @marksandspencer @117246 @sainsburys @117248 @AldiUK @117249 @Morrisons @117250 @117251 We can't wait! 😆 https://t.co/pRgIm6Htss
Agent: @117241 @117242 @Tesco @117246 @sainsburys @117248 @AldiUK @117249 @Morrisons @117250 @117251 Good luck trying to take the crown from us! 😂 https://t.co/GimVR6oXET
Customer: @marksandspencer @117241 @117242 @Tesco @sainsburys @117248 @AldiUK @117249 @Morrisons @117250 @117251  https://t.co/afAXy9nwWa
Agent: @117246 @117241 @117242 @Tesco @sainsburys @117248 @AldiUK @117249 @Morrisons @117250 @117251  https://t.co/p0wLT7TIlq
Customer: @marksandspencer @117246 @117242 @Tesco @sainsburys @117248 @AldiUK @117249 @Morrisons @117250 @117251 The competition isn't over yet! https://t.co/Ftu5t1RVdb
Customer: @117241 @marksandspencer @117242 @Tesco @sainsburys @117248 @AldiUK @117249 @Morrisons @117250 @117251 Don't forget @117244 are yet to enter either! https://t.co/Y2F4mElE4A
Agent: @117246 @117241 @117242 @Tesco @sainsburys @117248 @AldiUK @117249 @Morrisons @117250 @117251 @117244 Oh yes...we thought someone was missing..... https://t.co/ofw0xj0ElH
Customer: @marksandspencer @117241 @117242 @Tesco @sainsburys @117248 @AldiUK @117249 @Morrisons @117250 @117251 @117244 ... @117243 https://t.co/7lXQN22K9f
Agent: @117246 @117241 @117242 @Tesco @sainsburys @117248 @AldiUK @117249 @Morrisons @117250 @117251 @117244 @117243  https://t.co/o8c9caI4V9
Customer: @marksandspencer @117246 @117241 @Tesco @sainsburys @117248 @AldiUK @117249 @Morrisons @117250 @117251 @117244 @117243 The competition is strong! 😊 https://t.co/HbZaBGxP8J
Customer: @marksandspencer @117246 @117241 @Tesco @sainsburys @117248 @AldiUK @117249 @Morrisons @117250 @117251 @117244 @117243 Good morning pie makers! 5th day of the contest today! How will the leaderboard change today? #mincepiewars https://t.co/U3nIFZForl
Agent: @117242 @117246 @117241 @Tesco @sainsburys @117248 @AldiUK @117249 @Morrisons @117250 @117251 @117244 @117243 Good morning, Mark and friends! We're ready for day 5... 😜 https://t.co/SlcieNwl6V
Customer: @marksandspencer @117242 @117246 @117241 @Tesco @sainsburys @117248 @AldiUK @117249 @Morrisons @117250 @117251 @117243 We were born ready! https://t.co/KnY0qzGrtk
Customer: @117244 @marksandspencer @117246 @117241 @Tesco @sainsburys @117248 @AldiUK @117249 @Morrisons @117250 @117251 @117243 Iceland and Spar - you are in the competition and will be tested! Just need to find a way and some time to venture to obtain some! :) https://t.co/kIPIUp7jIH
Customer: @117242 @117244 @marksandspencer @117241 @Tesco @sainsburys @117248 @AldiUK @117249 @Morrisons @117250 @117251 @117243 When @marksandspencer realise they'd forgotten all about @117247. https://t.co/pDfSq4cilw
Customer: @117246 @117244 @marksandspencer @117241 @Tesco @sainsburys @117248 @AldiUK @117249 @Morrisons @117250 @117251 @117243 @117247 Lidl! Just been to look for your premium pies - but we couldn’t find any? https://t.co/jy60wsfNh7
Customer: @117246 @117244 @marksandspencer @117241 @Tesco @sainsburys @117248 @AldiUK @117249 @Morrisons @117250 @117251 @117243 @117247 So, unable to find @117246 premium pies our crack squad managed to find @117249 Extra Special Mince Pies. 
They are about to be judged...
#mincepiewars https://t.co/VcUJVkFTRs
Customer: @117242 @117246 @117244 @marksandspencer @Tesco @sainsburys @117248 @AldiUK @117249 @Morrisons @117250 @117251 @117243 @117247 Tomorrow morning Mark - ours are on their way to you! #mincepiewars https://t.co/Gn3Rz20J9E
Customer: @117241 @117246 @117244 @marksandspencer @Tesco @sainsburys @117248 @AldiUK @117249 @Morrisons @117250 @117251 @117243 @117247 We look forward to this! In the meantime, @117249 your results are in for your Extra Special pies. @marksandspencer and the rest - are you ready??!!  #mincepiewars https://t.co/D4ikNNua8d
Customer: @117242 @117241 @117246 @marksandspencer @Tesco @sainsburys @117248 @AldiUK @117249 @Morrisons @117250 @117251 @117243 @117247 Looks like you're a hard nut to crack, Mark - but we're pretty confident the best is yet to come with our Luxury Mince Pies https://t.co/GVkSn6wDj4
Customer: @117244 @117242 @117246 @marksandspencer @Tesco @sainsburys @117248 @AldiUK @117249 @Morrisons @117250 @117251 @117243 @117247 Nah, ours will be better! 😜 https://t.co/hfM82VJb9b
Customer: @117241 @117242 @117246 @marksandspencer @Tesco @sainsburys @117248 @AldiUK @117249 @Morrisons @117250 @117251 @117243 @117247 ... in the North West, maybe 😜 https://t.co/ZJsZtJ5ZTU
Customer: @117244 @117242 @117246 @marksandspencer @Tesco @sainsburys @117248 @AldiUK @117249 @Morrisons @117250 @117251 @117243 @117247 Didn't you hear? Folks can order our mince pies online for home delivery &gt; https://t.co/4bxUEnT0Uk https://t.co/QsFooKzZY8
Agent: @117241 @117244 @117242 @117246 @Tesco @sainsburys @117248 @AldiUK @117249 @Morrisons @117250 @117251 @117243 @117247 Imagine going to all this effort and coming away with an average score like @117246's 😂😂 https://t.co/ZhM1dcOh6S
Customer: @marksandspencer @117241 @117244 @117242 @Tesco @sainsburys @117248 @AldiUK @117249 @Morrisons @117250 @117251 @117243 @117247 Imagine making your customers pay more than twice as much per pie for your top range and still only scoring a point higher than our basics. ;)

Just you wait till our Deluxe mince pies get marked! And on that note, @117242 drop us a DM! https://t.co/8X2QAr23zN
Customer: @117246 @marksandspencer @117241 @117244 @Tesco @sainsburys @117248 @AldiUK @117249 @Morrisons @117250 @117251 @117243 @117247 So @117241 are up today - we are trying the first of their collection today - these traditional and homemade looking pies :) #mincepiewars https://t.co/yMPXZiWlDQ
Customer: @117246 @marksandspencer @117241 @117244 @Tesco @sainsburys @117248 @AldiUK @117249 @Morrisons @117250 @117251 @117243 @117247 Results are in for the @117241 “homemade looking” pies. It’s all change at the top! #mincepiewars https://t.co/ZkcjoMbgcR
Agent: @117242 @117246 @117241 @117244 @Tesco @sainsburys @117248 @AldiUK @117249 @Morrisons @117250 @117251 @117243 @117247 It's amazing what a bit of bribery can do to get top marks 👀 We're still taking poll position for 'main high street stores' 😉 https://t.co/qNnbQyN34E
Customer: @marksandspencer @117242 @117246 @117244 @Tesco @sainsburys @117248 @AldiUK @117249 @Morrisons @117250 @117251 @117243 @117247 😜 https://t.co/V6qjjS5De6
Customer: @117241 @marksandspencer @117246 @117244 @Tesco @sainsburys @117248 @AldiUK @117249 @Morrisons @117250 @117251 @117243 @117247 No bribery at all! Rather the case that it’s a very very long walk to our closest Booths :)
Customer: @117241 @marksandspencer @117246 @117244 @Tesco @sainsburys @117248 @AldiUK @117249 @Morrisons @117250 @117251 @117243 @117247 Tasting continues tomorrow as we explore more pie ranges! @marksandspencer, remember we’ve only tried your yummy standard pies so far! ;) #mincepiewars https://t.co/qB3x1D3X5h
Customer: @117241 @marksandspencer @117246 @117244 @Tesco @sainsburys @117248 @AldiUK @117249 @Morrisons @117250 @117251 @117243 @117247 Good morning pie makers! Day 7 of tasting today and we have more pies to go through! Are we all on board today? :) https://t.co/6PyqT4Odms
Customer: @117241 @marksandspencer @117246 @117244 @Tesco @sainsburys @117248 @AldiUK @117249 @Morrisons @117250 @117251 @117243 @117247 So, today’s pies are going to be...
@117247 😊 Are you exceedingly ready, Mr Kipling? #mincepiewars https://t.co/lsr67p6DEy
Customer: @117242 @117241 @marksandspencer @117246 @117244 @Tesco @sainsburys @117248 @AldiUK @117249 @Morrisons @117250 @117251 @117243  https://t.co/lAwYzcXHsq
Customer: @117247 @117241 @marksandspencer @117246 @117244 @Tesco @sainsburys @117248 @AldiUK @117249 @Morrisons @117250 @117251 @117243 Here are today’s pies ready to be tasted - the @117247 Merry mince pies! #mincepiewars https://t.co/vWu6sxx2yU
Customer: @117247 @117241 @marksandspencer @117246 @117244 @Tesco @sainsburys @117248 @AldiUK @117249 @Morrisons @117250 @117251 @117243 Ok! Scores are in for @117247! @marksandspencer and @117241 - can you be toppled from the top? #mincepiewars https://t.co/2PbYVj02G8
Customer: @117242 @117247 @marksandspencer @117246 @117244 @Tesco @sainsburys @117248 @AldiUK @117249 @Morrisons @117250 @117251 @117243 Here's hoping we stay top of the leaderboard! #mincepiewars https://t.co/olKuhTHA2x
Customer: @117241 @117247 @marksandspencer @117246 @117244 @Tesco @sainsburys @117248 @AldiUK @117249 @Morrisons @117250 @117251 @117243 Good morning pie makers!!! It’s the 8th day today! And today it’s a double whammy! We shall be tasting both @sainsburys Taste the difference and @117246 deluxe pies! This could cause some tension at the top! #mincepiewars https://t.co/oNdS7wLdfx
Customer: @117241 @117247 @marksandspencer @117246 @117244 @Tesco @sainsburys @117248 @AldiUK @117249 @Morrisons @117250 @117251 @117243 So here are today’s pies for tasting! @sainsburys Taste the difference and @117246’s Deluxe! Both well presented #mincepiewars https://t.co/GzRv9Y86yS
Customer: @117241 @117247 @marksandspencer @117246 @117244 @Tesco @sainsburys @117248 @AldiUK @117249 @Morrisons @117250 @117251 @117243 And our team of merry tasters have tasted - the results are in! Today we add @sainsburys Taste the Difference and @117246 Deluxe mince pies to the board! 😊 Yum! #mincepiewars https://t.co/wR5oGF3x2S
Customer: @117242 @117241 @117247 @marksandspencer @117244 @Tesco @sainsburys @117248 @AldiUK @117249 @Morrisons @117250 @117251 @117243  https://t.co/SPDsc8z9lZ
Customer: @117246 @117241 @117247 @marksandspencer @117244 @Tesco @sainsburys @117248 @AldiUK @117249 @Morrisons @117250 @117251 @117243 Good morning pie makers (and pie eaters)! A rather festive feeling Friday and day 9 of tasting! Today we pitch @117241 All butter mince pies against @marksandspencer luxury pies. Could we see a change at the top?! #mincepiewars https://t.co/FHnAMFB1ob
Customer: @117242 @117246 @117241 @117247 @marksandspencer @Tesco @sainsburys @117248 @AldiUK @117249 @Morrisons @117250 @117251 @117243 But when are you going to try the @117252 Mince Pie Champions, Mark 🤔 https://t.co/VNfm86Hh7z
Customer: @117244 @117246 @117241 @117247 @marksandspencer @Tesco @sainsburys @117248 @AldiUK @117249 @Morrisons @117250 @117251 @117243 @117252 Oh we intend to @117244 - just haven’t been able to get to a store yet to get some. Will try at the weekend :) https://t.co/0YsBqhChAP
Customer: @117242 @117246 @117241 @117247 @marksandspencer @Tesco @sainsburys @117248 @AldiUK @117249 @Morrisons @117250 @117251 @117243 @117252 Thanks, boo 😘 https://t.co/MlrySiAkUN
Customer: @117244 @117246 @117241 @117247 @marksandspencer @Tesco @sainsburys @117248 @AldiUK @117249 @Morrisons @117250 @117251 @117243 @117252 So here are our selection of mince pies for today! Looking good @marksandspencer and @117241 #mincepiewars https://t.co/yyYokyWuCF
Customer: @117244 @117246 @117241 @117247 @marksandspencer @Tesco @sainsburys @117248 @AldiUK @117249 @Morrisons @117250 @117251 @117243 @117252 And our results are in! Well done to both @marksandspencer and @117241 - we feel very well fed today! 😊 #mincepiewars https://t.co/eDCOY7lZqp
Customer: @117242 @117244 @117246 @117247 @marksandspencer @Tesco @sainsburys @117248 @AldiUK @117249 @Morrisons @117250 @117251 @117243 @117252 Simply the best...better than M&amp;S! #Mincepiewars https://t.co/y3t18hHVQZ
Customer: @117241 @117244 @117246 @117247 @marksandspencer @Tesco @sainsburys @117248 @AldiUK @117249 @Morrisons @117250 @117251 @117243 @117252 Very clever!! :)
Agent: @117242 @117241 @117244 @117246 @117247 @Tesco @sainsburys @117248 @AldiUK @117249 @Morrisons @117250 @117251 @117243 @117252 WE DEMAND A RE-TASTE! https://t.co/9rtbwfDT0p
Customer: @marksandspencer @117241 @117244 @117246 @117247 @Tesco @sainsburys @117248 @AldiUK @117249 @Morrisons @117250 @117251 @117243 @117252 Aww you guys still did brilliantly! And you’re easier to get to too :)
Customer: @marksandspencer @117241 @117244 @117246 @117247 @Tesco @sainsburys @117248 @AldiUK @117249 @Morrisons @117250 @117251 @117243 @117252 Remember there is more pie tasting to come! @117244 we hope to test your award winning pies on Monday! :) #mincepiewars https://t.co/uTJuPuj5oa
Customer: @marksandspencer @117241 @117244 @117246 @117247 @Tesco @sainsburys @117248 @AldiUK @117249 @Morrisons @117250 @117251 @117243 @117252 Good morning pie makers and pie eaters!! It’s the 10th day of mince pie tasting - and we’ve eaten a lot!! Today we have mince pies from @117244 
We’ve had a lot of people suggest these! #mincepiewars https://t.co/sMgYUBqeg8
Customer: @117242 @marksandspencer @117241 @117246 @117247 @Tesco @sainsburys @117248 @AldiUK @117249 @Morrisons @117250 @117251 @117243 @117252 Clearly you've been saving the BEST til last! 😉💁
Enjoy 😘
Agent: @117244 @117242 @117241 @117246 @117247 @Tesco @sainsburys @117248 @AldiUK @117249 @Morrisons @117250 @117251 @117243 @117252 The best you say, Iceland?!? Did you win @117245 best Mince Pie Award?!? Oh no...how could we forget, that was us!! 😉☕️ &gt; https://t.co/muSE7NkEd8. https://t.co/vyY14wNFsY
Customer: @marksandspencer @117244 @117242 @117241 @117246 @117247 @Tesco @sainsburys @117248 @AldiUK @117249 @Morrisons @117250 @117251 @117243 @117252 I guess... there's always next year? https://t.co/OKMbOsOv0s
Customer: @117245 @marksandspencer @117244 @117241 @117246 @117247 @Tesco @sainsburys @117248 @AldiUK @117249 @Morrisons @117250 @117251 @117243 @117252 Have to say one or two of the team have had a sneak peek in the box of the @117244 mince pies and there was a nod or too... #mincepiewars https://t.co/E49sctEo6P
Customer: @117242 @117245 @marksandspencer @117244 @117246 @117247 @Tesco @sainsburys @117248 @AldiUK @117249 @Morrisons @117250 @117251 @117243 @117252  https://t.co/BI8QY4TlFk
Customer: @117241 @117245 @marksandspencer @117244 @117246 @117247 @Tesco @sainsburys @117248 @AldiUK @117249 @Morrisons @117250 @117251 @117243 @117252 So today’s @117244 pies are about to go in to tasting...! #mincepiewars https://t.co/uK4B5K9uwt
Customer: @117242 @117241 @117245 @marksandspencer @117246 @117247 @Tesco @sainsburys @117248 @AldiUK @117249 @Morrisons @117250 @117251 @117243 @117252 👏👏👏
Customer: @117244 @117241 @117245 @marksandspencer @117246 @117247 @Tesco @sainsburys @117248 @AldiUK @117249 @Morrisons @117250 @117251 @117243 @117252 Ok! Scores are in for today’s tasting!! #mincepiewars https://t.co/S4s8V2oQby
Customer: @117242 @117244 @117245 @marksandspencer @117246 @117247 @Tesco @sainsburys @117248 @AldiUK @117249 @Morrisons @117250 @117251 @117243 @117252 Not going to lie, we were sweating a bit at going up against Iceland's pies! Over the moon to still be top of the leaderboard! https://t.co/uSxiQtXSAZ
Customer: @117241 @117242 @117245 @marksandspencer @117246 @117247 @Tesco @sainsburys @117248 @AldiUK @117249 @Morrisons @117250 @117251 @117243 @117252 Good to know we had you like this! We'll settle for ""Incredibly tasty""! https://t.co/oXpaCD1DO7
Customer: @117244 @117241 @117245 @marksandspencer @117246 @117247 @Tesco @sainsburys @117248 @AldiUK @117249 @Morrisons @117250 @117251 @117243 @117252 Good morning pie makers!! Today is day 11 and today’s pies are from @117243! How will this alter the scoreboard?! We will find out later! :) #mincepiewars https://t.co/BN8ZmtXLk8
Customer: @117242 @117244 @117241 @117245 @marksandspencer @117246 @117247 @Tesco @sainsburys @117248 @AldiUK @117249 @Morrisons @117250 @117251 @117252 @117242 the suspense! https://t.co/3VFoT15EYk
Customer: @117243 @117244 @117241 @117245 @marksandspencer @117246 @117247 @Tesco @sainsburys @117248 @AldiUK @117249 @Morrisons @117250 @117251 @117252 So the @117243 mince pies are ready to go in to tasting!! #mincepiewars https://t.co/rS7gnUA3bF
Customer: @117242 @117244 @117241 @117245 @marksandspencer @117246 @117247 @Tesco @sainsburys @117248 @AldiUK @117249 @Morrisons @117250 @117251 @117252 Just casually waiting for that big reveal @117242... https://t.co/xxIVPPepcv
Customer: @117243 @117244 @117241 @117245 @marksandspencer @117246 @117247 @Tesco @sainsburys @117248 @AldiUK @117249 @Morrisons @117250 @117251 @117252 And the results are in! Scoreboard updated! #mincepiewars https://t.co/8Lvk3dk9d3
Customer: @117243 @117244 @117241 @117245 @marksandspencer @117246 @117247 @Tesco @sainsburys @117248 @AldiUK @117249 @Morrisons @117250 @117251 @117252 Good morning pie makers! Today has been decreed the final day of the competition as we have covered the breadth of the UK supermarket mince pie landscape! More to follow later! :) #mincepiewars https://t.co/7T9uK6bUUZ
Customer: @117242 @117243 @117244 @117245 @marksandspencer @117246 @117247 @Tesco @sainsburys @117248 @AldiUK @117249 @Morrisons @117250 @117251 @117252 So exciting! Fingers crossed we retain our  crown!
Agent: @117241 @117242 @117243 @117244 @117245 @117246 @117247 @Tesco @sainsburys @117248 @AldiUK @117249 @Morrisons @117250 @117251 @117252 That's fine, we will just keep our best mince pie award from @117245 this year 😉🏆 https://t.co/6LkGTbvecF
Customer: @marksandspencer @117242 @117243 @117244 @117245 @117246 @117247 @Tesco @sainsburys @117248 @AldiUK @117249 @Morrisons @117250 @117251 @117252 Well done on your award 👏 we're honoured &amp; #proud of how well we've done in Mark's #mincepiewars! It means a lot to us that our customers enjoy our food 😀
Customer: @117241 @marksandspencer @117243 @117244 @117245 @117246 @117247 @Tesco @sainsburys @117248 @AldiUK @117249 @Morrisons @117250 @117251 @117252 And the mince pies have all been eaten! Overall results are on their way...
Customer: @117241 @marksandspencer @117243 @117244 @117245 @117246 @117247 @Tesco @sainsburys @117248 @AldiUK @117249 @Morrisons @117250 @117251 @117252 The best overall mince pie of #greatbritishminceoff / #mincepiewars 2017 goes to...

The @117241 for both the “homemade” and all butter mince pies!

Congratulations!! 👑🎉 https://t.co/uwGF5TFyoD
Customer: @117241 @marksandspencer @117243 @117244 @117245 @117246 @117247 @Tesco @sainsburys @117248 @AldiUK @117249 @Morrisons @117250 @117251 @117252 And we award the prize of best nationwide mince pie 2017 (available across the UK) to...

@marksandspencer for “The Collection” mince pie and to @117244 for the “luxury” mince pie

Well done!! 
#mincepiewars https://t.co/pkEEIasCWR
Customer: @117241 @marksandspencer @117243 @117244 @117245 @117246 @117247 @Tesco @sainsburys @117248 @AldiUK @117249 @Morrisons @117250 @117251 @117252 Tomorrow we hope to look back through the competition and to share the tasting notes on each of the pies tested 😀 #mincepiewars

CURRENT MESSAGE:
@117242 @marksandspencer @117243 @117244 @117245 @117246 @117247 @Tesco @sainsburys @117248 @AldiUK @117249 @Morrisons @117250 @117251 @117252 We look forward to it!",
7505,Customer,VirginTrains,Support inquiry,@VirginTrains Preston sorry.,"CONVERSATION HISTORY:
Customer: @VirginTrains just wondering if the station will be open tomorrow morning. SSP start around 4am.
Agent: @117261 Which station is this Alex? ^SB

CURRENT MESSAGE:
@VirginTrains Preston sorry.",
7573,Customer,ChipotleTweets,Support inquiry,@ChipotleTweets Will they reimburse?,"CONVERSATION HISTORY:
Customer: @ChipotleTweets they said they put chips in the bag, I get home to eat my guacamole and chips💔😔 and no chips😤😔 https://t.co/wI603A27s4
Agent: @117268 That's frustrating – I'm sorry. Please let a manager know about this next time you're in so we can make amends. -Becky

CURRENT MESSAGE:
@ChipotleTweets Will they reimburse?",
7579,Customer,ChipotleTweets,Support inquiry,@ChipotleTweets Not yet but I will,"CONVERSATION HISTORY:
Customer: @ChipotleTweets how are you gonna charge me $1.95 for guac when you can’t even mash the avocados https://t.co/Qzkp7ZneaR
Agent: @117269 We shouldn't — please share this with https://t.co/nrhUDiEk7G if we've yet to make amends for that sad serving. -Shawn
Customer: @ChipotleTweets Happy Halloween. Nothing scarier than unmashed avocados in your guac. https://t.co/QTJqx9BMzu
Agent: @117269 Again? I'm so sorry. Did you write to us at the link? -Becky

CURRENT MESSAGE:
@ChipotleTweets Not yet but I will",
7626,Customer,hulu_support,Support inquiry,"@hulu_support We use it through our Roku, and it happens on ","CONVERSATION HISTORY:
Customer: @115940 Can you guys maybe like....FIX your stuff? For the longest time now, if you have the captions on, it only lasts for one episode. Wtf
Agent: @117290 Uh oh! Captions should stay on. On what device is this happening? Any specific show that's affected? We're here to help.

CURRENT MESSAGE:
@hulu_support We use it through our Roku, and it happens on every show unfortunately. Also happens even if you just cause or rewind and then continue.",
7634,Customer,hulu_support,Support inquiry,@hulu_support Too much to detail; just go look at Netflix. U,"CONVERSATION HISTORY:
Customer: @hulu_support Did u fire the UI team behind the Roku app re-do yet? I want to rip my eyes out every time I’m forced to use it 😖 #garbage
Agent: @117292 We're sorry to hear this, Tim! Is there anything in particular about the new app that you find frustrating? We're here to help.

CURRENT MESSAGE:
@hulu_support Too much to detail; just go look at Netflix. UI is NO PLACE to “innovate” any longer. Just get on board with 20+ yrs of evolution 😶",
7735,Customer,Ask_Spectrum,Support inquiry,@Ask_Spectrum *Was told no techs available after 6.,"CONVERSATION HISTORY:
Customer: @115955 Cable &amp; internet out all day.Called CS 4 x's.No https://t.co/P6UXH5lwgO didn't come today as told.Frustrated AF.
Agent: @117300 Sorry our tech never came. I can check the account if you could DM your address or acct# ^PS
Customer: @Ask_Spectrum Nothing u can do now bc it's 6pm here. Tech sched again 4 tmw 10am. Work depends on internet so v frustrated.

CURRENT MESSAGE:
@Ask_Spectrum *Was told no techs available after 6.",
7739,Customer,Ask_Spectrum,Support inquiry,"@Ask_Spectrum I appreciate the response, spoke with someone ","CONVERSATION HISTORY:
Customer: @ask_spectrum Soo how can you help me with this bull shit? https://t.co/kx4PsDc39P #Charter #CharterSpectrum #Spectrum #ShitInternet
Agent: @117301 I apologize for the inconvenience. I will be glad to assist you. Can you DM me your Name and acct # or phone #? -JB

CURRENT MESSAGE:
@Ask_Spectrum I appreciate the response, spoke with someone on the phone to fix it. Apparently my modem was unsure what speed i should have so i got .66",
7767,Customer,VerizonSupport,Support inquiry,@VerizonSupport The order was not completed because there wa,"CONVERSATION HISTORY:
Customer: @VerizonSupport is driving me through the wall with how the way my pending order is NOT going
Agent: @117311 When you check your order online, what message are you getting? ^RMD
Customer: @VerizonSupport After trying for 4 hours, I was told I would get a call back in the morning because the departments have now all left
Agent: @117311 Do you happen to have a confirmation email regarding your order? ^JRA

CURRENT MESSAGE:
@VerizonSupport The order was not completed because there was an issue regarding my address not showing up in the system which multiple people could not fix https://t.co/75F8uCOmbU",
7802,Customer,AskPlayStation,Support inquiry,@AskPlayStation hola lo que pasa esque no recuerdo la contra,"CONVERSATION HISTORY:
Customer: @116216 hola alguien de soporte podria ayudarme con un problema con mi contraseña
Agent: @117322 Hola Miguel! Encuentra como cambiar tu contraseña en el siguiente enlace: https://t.co/dxzs75z8ns

CURRENT MESSAGE:
@AskPlayStation hola lo que pasa esque no recuerdo la contraseña del correo ni tampoco el usuario y por lo tanto no puedo entrar al chat en vivo",
7808,Customer,AskPlayStation,Support inquiry,@AskPlayStation Iam do it,"CONVERSATION HISTORY:
Customer: @AskPlayStation 
Hi
Iam bught 50$ psn card and i lost 2
Letter  now ihave acard and ican imagine him
Agent: @117324 Sorry to hear that, Please make sure you are following us, so we can assist you better via a Direct Message.

CURRENT MESSAGE:
@AskPlayStation Iam do it",
7816,Customer,AskPlayStation,Support inquiry,@AskPlayStation That seems to have fixed the problem. Thank ,"CONVERSATION HISTORY:
Customer: @AskPlayStation my media folder (netflix&amp; whatnot) has been moving down my home screen list and is now nowhere to be found despite using the apps. How do I get it back?
Agent: @117325 Hi there! Please let us know which console are you using.
Customer: @AskPlayStation I can still get to the apps via the library folder but prefer the convenience of the home screen folder
Agent: @117325 Please try rebuilding the database. Follow the steps on the next article: https://t.co/OOaq76kzAA

CURRENT MESSAGE:
@AskPlayStation That seems to have fixed the problem. Thank you so much.",
7820,Customer,AskPlayStation,Support inquiry,@AskPlayStation thank you so much!,"CONVERSATION HISTORY:
Customer: @AskPlayStation Are online IDs permanent?
Agent: @117326 Hi There! Please check the following link for further information: https://t.co/mj1xAGC6hY

CURRENT MESSAGE:
@AskPlayStation thank you so much!",
7835,Customer,ATVIAssist,Support inquiry,@ATVIAssist @117333 the www-less domain of the main site is ,"CONVERSATION HISTORY:
Customer: Your worst nightmare is here. Have a Spo-Uka Uka Halloween! 🎃 https://t.co/2oXJve1rXh
Customer: @117335 are the leaderboards down for anyone else on the website? not sure what the issue is, but they've been down for a long time now
Agent: @117333 Hey there, sorry for the delay, could you send us a DM? I'd be happy to help. ^JP https://t.co/c9WoAfwenP

CURRENT MESSAGE:
@ATVIAssist @117333 the www-less domain of the main site is now outputting an invalid certificate error and giving me an ""Access Denied"" error",
7839,Customer,AdobeCare,Support inquiry,@AdobeCare Oki Np,"CONVERSATION HISTORY:
Customer: Thx @115778 i cant open My project anymore !
The New version of adobe has a lot of Buggs !!!
Agent: @117336 Hi there, sorry for the frustrating experience. Do you get any error messages when trying to open your project? ^Wren
Customer: @AdobeCare Its only this message 
I didn't delete any files 
But is I press ok illustrator seems to open a new file.
And the old one is gone... https://t.co/EmBwu323cT
Agent: @117336 Hi there,
How are you opening the file? I mean the exact workflow. Can you share a sample file with us to check? ^OM https://t.co/iuwZCjz4Or
Customer: @AdobeCare i can't sent the project ?
Agent: @117336 Hi, did you do a search on your computer for the file name? Did you check in the Creative Cloud folder on your computer? ^SV
Customer: @AdobeCare Yes but i cant upload iT on privay chat on Twitter
Agent: @117336 Hi, does project open up in Indesign CC CC 2017? If it does. Please try copying the contents to a new file to open in CC 2018. ^SV
Customer: @AdobeCare so i cant open iT in 2017
Agent: @117336 Let me loop in the expert. It is after hour for the expert, they will respond ASAP back in office again, please excuse the delay.^Raj

CURRENT MESSAGE:
@AdobeCare Oki Np",
7859,Customer,AdobeCare,Support inquiry,@AdobeCare Yes... but on a different computer... but the new,"CONVERSATION HISTORY:
Customer: @AdobeCare ""The vendor account you entered is not associated with the item you are trying to open"" when I try to open books with new ADE
Agent: @117337 Hi Ken, did the same book open successfully in a previous version of ADE? ^B

CURRENT MESSAGE:
@AdobeCare Yes... but on a different computer... but the new computer is authorized with the same Adobe ID.",
7863,Customer,AdobeCare,Support inquiry,@AdobeCare Can we get back to this? Still having issues.,"CONVERSATION HISTORY:
Customer: Mmmk, Design Twitter. 

Can anyone explain why when I place my 1920x1080/72ppi image in my 1920x1080 @117339 doc, it isn’t the right size?
Agent: @117338 Hi there, what's the file type of the image you're trying to place? Have you tried re-saving the image? ^Wren
Customer: @AdobeCare Jpg. I resaved it 3x out of PS.
Agent: @117338 Let me check with a colleague and see what's causing this, it's very weird. I'll get back to you when I have updates.  ^Wren

CURRENT MESSAGE:
@AdobeCare Can we get back to this? Still having issues.",
7883,Customer,AdobeCare,Support inquiry,@AdobeCare I am on the adobe customer care chat now waiting ,"CONVERSATION HISTORY:
Customer: @117341 please help! I have updated my softwere and lost my subscription to photoshop!
Agent: @117340 Hi Amy, could you please elaborate the issue for subscription after the Photoshop update so that we may help.    ^Tanuj
Customer: @AdobeCare I ran latest update on my MacBook pro and in that apps attached to my creative cloud account also updated. Loosing Photoshop subscription.
Agent: @117340 If you have a CC subscription you may install Photoshop CC from Creative Cloud desktop app.   ^Tanuj

CURRENT MESSAGE:
@AdobeCare I am on the adobe customer care chat now waiting to chat to someone. I want 2 have my original photoshop back...i didnt ask for an upgrade",
7889,Customer,XboxSupport,Support inquiry,@XboxSupport did this a week ago and then worked fine again ,"CONVERSATION HISTORY:
Customer: do you know how hard it is to play Xbox with a broken RB 😭 #XboxOne #itsbroken https://t.co/8NHaU4x8J0
Agent: @117343 If you need help with your Xbox controller, we'd be happy to help! Tweet us any time for official Xbox support ^EZ
Customer: @XboxSupport think I just need a new controller? RB barely works, have to press REALLY hard even then it only works 25% of the time.

CURRENT MESSAGE:
@XboxSupport did this a week ago and then worked fine again but has now broken again. Wolfenstein is really hard not being able to throw grenades 🤷🏼‍♀️",
7907,Customer,XboxSupport,Support inquiry,@XboxSupport My brother and I have the game and my gamertag ,"CONVERSATION HISTORY:
Customer: @117353 I can't login because it says ""your account does not have the correct permission to access Xbox LIVE functionality""i have LIVE
Agent: @117352 Hi, are you still seeing this message in-game? Official Xbox support is just an @ away if you need help! ^EZ
Customer: @XboxSupport Yes I'm still getting the problem, I don't know if it's because I game share my Xbox LIVE with my brother, but my brother can still play.
Customer: @XboxSupport But I'm still able to play destiny 2, halo, etc.. with LIVE but it's only fortnite giving me this problem.
Agent: @117352 Thanks for that information. Can you send us your gamertag and do you or your brother own the game? ^CO

CURRENT MESSAGE:
@XboxSupport My brother and I have the game and my gamertag is Toxicradiation5",
7922,Customer,XboxSupport,Support inquiry,@XboxSupport @117357 @XboxSupport  I have an xbox game pass ,"CONVERSATION HISTORY:
Customer: @XboxSupport how do I unhide hidden games?
Agent: @117357 Hello, thanks for reaching out to us. Have you tried reinstalling from the store or disc? ^CO
Customer: @XboxSupport I’ve tried LB, RB &amp; X but nothing?
Agent: @117357 Well, you can check your purchase history to cross-reference what you hid. https://t.co/Le750cpfL0 ^CO

CURRENT MESSAGE:
@XboxSupport @117357 @XboxSupport  I have an xbox game pass 14 day trial and I want to cancel it how can i?",
7969,Customer,AskAmex,Support inquiry,@AskAmex Personal Platinum card.,"CONVERSATION HISTORY:
Customer: Hey can @AskAmex conceirge get tickets to the 2020 Olympic games?
Agent: @117370 Hi there, great question? Which U.S. based card do you have? Pls do not share any personal info.

CURRENT MESSAGE:
@AskAmex Personal Platinum card.",
7985,Customer,GooglePlayMusic,Support inquiry,@GooglePlayMusic Yes it's my correct account.  For the first,"CONVERSATION HISTORY:
Customer: @GooglePlayMusic why am I getting a commercial after every song? Should it be after every few songs? :(
Agent: @117377 Hi there, have you checked, if you're signed into the right account? Keep us posted!
Customer: @GooglePlayMusic I will try that

CURRENT MESSAGE:
@GooglePlayMusic Yes it's my correct account.  For the first 30 minutes only 2 commercials.  After that 1 every song. Seems too many. Thanks",
7992,Customer,OfficeSupport,Support inquiry,@OfficeSupport @117378 seems off campus users can log in fin,"CONVERSATION HISTORY:
Customer: @117378 having issues where anyone that has logged off of O365 and try to log back in get ""something went wrong"" page. anyone else?
Customer: @117379 Sorry to hear that. We're not aware of any ongoing related issues. Our friends @OfficeSupport may be able to help.  ^CT
Agent: @117378 @117379 Hi, Russ. How long have you had this issue? Also, have you tried to delete cache and cookies? Let us know.

CURRENT MESSAGE:
@OfficeSupport @117378 seems off campus users can log in fine. Visiting https://t.co/wxTcPQXGmr works but as soon as you log in, it gives the error.",
8001,Customer,askpanera,Support inquiry,@askpanera You guys are the best. Thanks!,"CONVERSATION HISTORY:
Customer: @askpanera hi! Does your iced Plum Ginger Hibiscus tea have caffeine?
Agent: @117382 Hi there! Our Plum Ginger Hibiscus Tea is caffeine free - Check it out here: https://t.co/6N4KITprxh
Customer: @askpanera Thanks! FYI, you can’t search for it on your site (photo) and it doesn’t state whether it has caffeine or not ☹️ https://t.co/xUsUyCUa4M
Agent: @117382 Thanks for bringing this to our attention, Natalie - We're sharing this with our team now to address further!

CURRENT MESSAGE:
@askpanera You guys are the best. Thanks!",
8007,Customer,JetBlue,Support inquiry,@JetBlue @117385 What if the generator is NEW in its origina,"CONVERSATION HISTORY:
Customer: #jetblue #puertorico does anyone know if I can bring a generator as my checked in luggage to PUerto Rico?
Agent: @117385 No, we do not allow generators or chainsaws or any machine that uses fuel to be checked in luggage.

CURRENT MESSAGE:
@JetBlue @117385 What if the generator is NEW in its original, unopened box?  It does NOT have any fuel!",
8014,Customer,comcastcares,Support inquiry,@comcastcares the internet came back up late last night. Tha,"CONVERSATION HISTORY:
Customer: @comcastcares same. no wifi in Ballard. When can we expect to have it up again? I got work to do https://t.co/K5QFbjpWfu
Agent: @117387 Hello, I would like to help. Are you still experiencing issues? -Jules

CURRENT MESSAGE:
@comcastcares the internet came back up late last night. Thank you",
8018,Customer,comcastcares,Support inquiry,@comcastcares Nope,"CONVERSATION HISTORY:
Customer: @comcastcares how long is outage for maintenance going to last in #Houston? Trying to celebrate #WorldSeries
Agent: @117388 Hello, Tom, I apologize for the delayed reply. Are you still having issues with your services at this time? -JW

CURRENT MESSAGE:
@comcastcares Nope",
8036,Customer,comcastcares,Support inquiry,@sprintcare My internet SUCKS!!!! And their is ALWAYS someth,"CONVERSATION HISTORY:
Customer: My fucking internet #Comcast just took a 💩#AGAIN!! These mufuckaz making me wanna snap. Always talking bout towers and technician n more 🐂💩
Agent: @117395 Hello, I apologize for the delayed reply. Are you still having issues with your internet at this time? -JW
Customer: @comcastcares It happens every night, like in between 2 4 am. Wow. I appreciate the response. Damn #Sprint y'all have no type of live for your customers..
Agent: @117395 Thanks for reaching out. What can I help with today? -SM

CURRENT MESSAGE:
@sprintcare My internet SUCKS!!!! And their is ALWAYS something wrong with my bill. Lol. It's crazy. I could've went to #MetroPCS for this😕",
8060,Customer,comcastcares,Support inquiry,"@comcastcares No need to DM anything. Philadelphia market, t","CONVERSATION HISTORY:
Customer: @115900 Thanks for ruining the end of the #SJSharks game with your “weekly test.” Do it at fucking 3am when no one is watching anything.
Agent: @117402 I can understand your frustration over the disruption. Can you please DM the name, address &amp;phone number on the account? -MLR

CURRENT MESSAGE:
@comcastcares No need to DM anything. Philadelphia market, test occurred at 0100 and 0110 hours for surrounding counties. Piss poor planning.",
8076,Customer,comcastcares,Support inquiry,@comcastcares It’s back on now. I will provide that info if ,"CONVERSATION HISTORY:
Customer: And it’s out again this morning! https://t.co/CzMmruqkBY
Agent: @117407 We would be happy to help, please DM account details. Thanks. -NC
Customer: @comcastcares You can help by lowering your fees! It’s ridiculous what you charge!
Agent: @117407 Please DM account information so I can help. Thank you. -NC
Customer: @comcastcares I don’t know my account number and I just called Comcast and they said an agent couldn’t help me.
Agent: @117407 I can use the name on account, phone number and full address. -NC

CURRENT MESSAGE:
@comcastcares It’s back on now. I will provide that info if you provide a discount",
8086,Customer,comcastcares,Support inquiry,"@comcastcares Series of lies is getting old. I followed you,","CONVERSATION HISTORY:
Customer: .@116136 @115900 has always had touch &amp; go cust. service, but 3rd call this week found the 2nd to be lying, who discovered 1st was lying 🤔
Agent: @117409 Hello, Dallas, I apologize for your experience with us. Is there anything I might assist you with at this time? -JW

CURRENT MESSAGE:
@comcastcares Series of lies is getting old. I followed you, DM me if you want to talk, but no more lies plz. 🤥😢",
8105,Customer,British_Airways,Support inquiry,@117415 @117416 @British_Airways The premium rate 0844 numbe,"CONVERSATION HISTORY:
Customer: @British_Airways are you kidding me? a 33-minute call to the executive club cost me over £17? that's a joke. i want my money back.
Agent: @117415 Hi, Stephanie. You'd need to take this issue up with your phone provider. ^Julie
Customer: @British_Airways why’s that if it’s your phone number charge?
Customer: @117415 @British_Airways i  see some BA numbers are non-geographical local rate - Local price for landlines BUT mobile operators charge the earth
Customer: @117416 @117415 @British_Airways Were you calling the 0344 number or the 0844 number?
Customer: @116397 @117416 @British_Airways 0844...
Customer: @117415 @117416 @British_Airways If this was an after-sales enquiry, consumer law gives you the right to a refund of the call charges.
Customer: @117415 @117416 @British_Airways Consumer protection regulations have banned the use of 084, 087 &amp; 09 numbers for after-sales issues.
Customer: @117415 @117416 @British_Airways BA has changed to 0344 numbers but has left the old 0844 numbers running - and with same IVR options.

CURRENT MESSAGE:
@117415 @117416 @British_Airways The premium rate 0844 numbers fail to tell callers that they can re-dial 0344 for a cheaper call.",
8158,Customer,British_Airways,Support inquiry,@British_Airways Thank you Kimbers. Managed to just make it ,"CONVERSATION HISTORY:
Customer: Been to many airports but this is the worst.45m pre-security,20m bag drop.30min security w/business class #BenGurionAirport @British_Airways
Agent: @117423 Sorry to hear that, Louisa. Are you on your way now? Let us know if we can help. ^Kimbers

CURRENT MESSAGE:
@British_Airways Thank you Kimbers. Managed to just make it onto my flight in the end",
8173,Customer,British_Airways,Support inquiry,@British_Airways Still no info. Courier called late yesterda,"CONVERSATION HISTORY:
Customer: Lost luggage at Rome airport BA 2540 @British_Airways. Not very happy at lack of information on when bag will arrive.
Agent: @117425 We're sorry to hear about your delayed baggage Steve. Has the airport given you a World Tracer reference? You can check for up to date 1/2
Customer: @British_Airways Yes, but all our details were recorded wrong. Now corrected. Told case was at Gatwick but online says still trying to find.
Agent: @117425 We're glad to hear this has been corrected Steve. The baggage team will contact you to arrange delivery. We're sorry for the confusion. ^Kit
Customer: @British_Airways I'm now told my bag is in Naples. Public holiday in Italy so your 'help' line not open. No info when bag to be delivered. What do I do??
Agent: @117425 directly about delivery. We normally advise a 24-48 hour timescale once a bag has arrived at the airport. ^HP 2/2

CURRENT MESSAGE:
@British_Airways Still no info. Courier called late yesterday &amp; no definite ETA. Leave tomorrow &amp; no No. to call. BA app has no info. V.bad service.",
8190,Customer,UPSHelp,Support inquiry,@UPSHelp These are the only tracking numbers I have.,"CONVERSATION HISTORY:
Customer: @115817 don't tell your customers lies! Like "" our driver will pick it up"" and then never show up. Take the package to the store and a week
Agent: @117431 I'm sorry for the inconvenience. Can you please DM me your tracking number? ^AZ https://t.co/wKJHDXWGRQ
Customer: @UPSHelp 1Z6E6Y548577784432
Agent: @117431 The  tracking number you provided is not valid. Can you please DM me your correct tracking number? ^AZ https://t.co/wKJHDXWGRQ
Customer: @UPSHelp That's the number Amazon gave me 2 weeks ago. After waiting a week for the failure pick up, I took it to the fort leonardwood store.
Customer: @UPSHelp The Rolla No store said to drop it off with the tracking numbers and the driver would print out the label. None of that has been done.
Customer: @UPSHelp Rolla Missouri.

CURRENT MESSAGE:
@UPSHelp These are the only tracking numbers I have.",
8208,Customer,SpotifyCares,Support inquiry,@SpotifyCares Shot it off thanks,"CONVERSATION HISTORY:
Customer: @SpotifyCares hey my account which I pay for has become unmoored from my Facebook which I'm sure is what I'm registered with
Customer: @SpotifyCares Help your boy out
Agent: @117435 Hey there! Don't worry, help's here. Can you DM us your account's email address? We'll take a look backstage /MT https://t.co/ldFdZRiNAt

CURRENT MESSAGE:
@SpotifyCares Shot it off thanks",
8214,Customer,SouthwestAir,Support inquiry,@SouthwestAir Nope. 6 hours later and I'm still on standby. ,"CONVERSATION HISTORY:
Customer: @SouthwestAir my flight is cancelled and the team at SeaTac is less than helpful. More concerned with breaks than customers.
Agent: @117437 Sharla, we apologize if we missed the mark on Customer Service today. Were you able to get reaccommodated to another flight? ^KJ

CURRENT MESSAGE:
@SouthwestAir Nope. 6 hours later and I'm still on standby. Trying not to cry in the airport.",
8269,Customer,Ask_Spectrum,Support inquiry,@Ask_Spectrum Done,"CONVERSATION HISTORY:
Customer: No more @115955 cable.   Gone.  Tired of their shit
Agent: @117445 I apologize if that is the decision made there, James. You do have your choice of providers, and we hope you stay... https://t.co/F8Bp68dAOY
Customer: @Ask_Spectrum I find it funny that your business model is to risk all revenue instead of just giving the same deals to everyone, not just new customers
Agent: @117445 We are more than happy to try and resolve the issue. Certainly in reaching out to us you were hoping we could wor... https://t.co/F8Bp68dAOY

CURRENT MESSAGE:
@Ask_Spectrum Done",
8278,Customer,AirbnbHelp,Support inquiry,@AirbnbHelp I exactly did that. That too multiple times. Whe,"CONVERSATION HISTORY:
Customer: hey @115783 exactly when u stopped being great service &amp; being pain in the a**. Your payU interface is not working since at least 6 hrs.
Agent: @117447 Hi there, we're sorry to hear about this. We recommend using a desktop with chrome for the best site experience. Let us know if this helps!

CURRENT MESSAGE:
@AirbnbHelp I exactly did that. That too multiple times. When you redirect to PayU the page looks broken, buttons don’t work. App is worse. https://t.co/29Wq7Bg0wa",
8284,Customer,Ask_Spectrum,Support inquiry,@Ask_Spectrum Is the map reliable?  If it is what can you do,"CONVERSATION HISTORY:
Customer: @Ask_Spectrum Seriously.  You guys need to get your crap together.  Internet up and down for days in Texas.
Agent: @117449 My apologies for any issues you're currently having. I'd be happy to help anyway we can. Please DM your service p... https://t.co/tzbVGmDWEy
Agent: @117449 Please DM your service phone number or account number so we can look into this further. ^RR

CURRENT MESSAGE:
@Ask_Spectrum Is the map reliable?  If it is what can you do?",
8295,Customer,AskPayPal,Support inquiry,@AskPayPal One of my refund request has been active for a we,"CONVERSATION HISTORY:
Customer: @115993 How long does it take for a refund to be completed and money to be put onto the debit card the payment was on?
Agent: @117453 Hi there! A typical refund takes 3-5 business days to complete, but depending on your card issuer it may take up ... https://t.co/HAqrNEB1Rp

CURRENT MESSAGE:
@AskPayPal One of my refund request has been active for a week and the money still has not been put on my card.",
8313,Customer,AppleSupport,Support inquiry,@AppleSupport I don’t know. I need the space though. How do ,"CONVERSATION HISTORY:
Customer: @AppleSupport i have 256 hd and timemachine/system is taking up 150gb of space. I only have 25gb free. Is it suppose to work like this?
Agent: @117459 Thanks for reaching out to us. We're happy to help out. We recommend checking out this link: https://t.co/03O2CionXW
Customer: @AppleSupport Its slowing down my mac a lot
Agent: @117459  Is 25 GBs what you have left after the snapshots were created on the drive though? Or, were you low on space prior to snapshots?

CURRENT MESSAGE:
@AppleSupport I don’t know. I need the space though. How do I get rid of some snapshots",
8321,Customer,AppleSupport,Support inquiry,@AppleSupport Thank you,"CONVERSATION HISTORY:
Customer: I️ can’t believe that @115858 &amp; @AppleSupport has not fixed the vowel text issue. It’s very annoying and takes extra time to write something👎
Customer: @115858 @AppleSupport iOS 11.1 should never been released. So many bugs. The statusbar randomly disappears in Facebook app
Agent: @117460 We'd like to look into the trouble you're having. Does this only occur in the Facebook app?
Customer: @AppleSupport No imessage as well I️
Customer: @AppleSupport  https://t.co/Pk9RhMiLjh
Agent: @117460 Here’s what you can do to work around the issue until it’s fixed in a future software update: https://t.co/xXaXeeSRt9 https://t.co/GDrqU22YpT

CURRENT MESSAGE:
@AppleSupport Thank you",
8338,Customer,sainsburys,Support inquiry,@sainsburys Lancaster store!,"CONVERSATION HISTORY:
Customer: @sainsburys I think I've found the winning twirl... please let me know what the prize is! On a serious note what is this? X https://t.co/dLyOrwT2JL
Agent: @117465 Oops, sorry about that Catherine! Looks like that's been overcooked. Which store did you get this from? Thanks, Sam.

CURRENT MESSAGE:
@sainsburys Lancaster store!",
8352,Customer,AlaskaAir,Support inquiry,@AlaskaAir I don't understand the decision to swap to a smal,"CONVERSATION HISTORY:
Customer: @alaskaair why did flight 783 just post a two hour delay
Agent: @117467 Hey Matthew, flight 783 is showing a late arriving aircraft. New departure is showing 9:10 pm. -Sean
Customer: @AlaskaAir Where did you send it, Guam?
Agent: @117467 The flight was delayed out of SJC due to air traffic control restrictions. It is due to arrive in EWR around 8:15 pm -Sean
Customer: @AlaskaAir What's the likeliness of this flight getting cancelled?
Agent: @117467 There is always a chance, but since it is just due to late inbound instead of a mechanical issue, I would say your good to go.  -Sean
Customer: @AlaskaAir Thank you
Agent: @117467 👍👍👍 -Sean
Customer: @AlaskaAir The flight destination signs are showing Minneapolis through to San Jose - is this a fuel stop?
Agent: @117467 Yes, it was not scheduled to land in MSP but according to our flight program it is taking a intermittent landing for 20 min to fuel. -Sean

CURRENT MESSAGE:
@AlaskaAir I don't understand the decision to swap to a smaller plane with less fuel capacity to sacrifice this flight for the San Diego one",
8356,Customer,Ask_Spectrum,Support inquiry,@Ask_Spectrum Thanks! Unplugging stuff will be logistically ,"CONVERSATION HISTORY:
Customer: @Ask_Spectrum Hi there! @117469 is out on my cable in Austin; this might be the only station affected. Thanks in advance for your help!
Agent: @117468 Thank you for reaching out. I am sorry one channel went out. I would try unplug BOTH the power cord and unscrew t... https://t.co/i66K0XtsCh

CURRENT MESSAGE:
@Ask_Spectrum Thanks! Unplugging stuff will be logistically difficult; would it work if I just went online and triggered a reboot? Thanks! 😊",
8364,Customer,AskPayPal,Support inquiry,@AskPayPal __email__,"CONVERSATION HISTORY:
Customer: @117473 please read my message to you on Facebook and call me before I go back to the FCA, the media and your CEO
Agent: @117472 We're sorry to hear you've had a poor experience.  Please send us a DM with your email address and any details of the issue.  Thank you. ^TB

CURRENT MESSAGE:
@AskPayPal __email__",
8368,Customer,Ask_Spectrum,Support inquiry,@Ask_Spectrum Nope just wanted to let you know,"CONVERSATION HISTORY:
Customer: @Ask_Spectrum I just wanted you to know your internet is trash. 3:22 in the morning and it's slow as f
Agent: @117474 Sorry to hear that you are having trouble with your services. Can you please follow/DM your account number as well as the full service address. ^SS

CURRENT MESSAGE:
@Ask_Spectrum Nope just wanted to let you know",
8377,Customer,Ask_Spectrum,Support inquiry,@Ask_Spectrum Thank you for your help. I really hope I can t,"CONVERSATION HISTORY:
Customer: When will cable come to my area?! @115955
Agent: @117475 Good Morning! After review of the address from your previous conversations the address is too far from the plant. At this time I do not have any information on when/if services will be available in your area. I do apologize. ^SS
Customer: @Ask_Spectrum How do I get you guys to bring wires my way?
Agent: @117475 I would suggest visiting a local store and discussing this with them. The store information can be found at: https://t.co/kBoU4MIyYt . I see that there is an office located at: 4077 W. Stetson Ave, Hemet, CA 92545. The hours are: Mon-Fri 9AM - 7PM; Sat 9AM - 5PM. ^SS
Customer: @Ask_Spectrum Yes that is only 2.7 miles from my house so it’s not too far. And the mobile home parks that are across the street and right behind us they get spectrum. I’m wondering how are we too far? They are both on south street too
Agent: @117475 I do not have the exact distance from the plant. The local office will have this information. ^SS

CURRENT MESSAGE:
@Ask_Spectrum Thank you for your help. I really hope I can talk spectrum into bringing your services to my area especially with the mobile home park now turning into a family community and, dsl and satellite internet really won’t cut it for families. And I really hope the higher ups see this",
8385,Customer,Ask_Spectrum,Support inquiry,@Ask_Spectrum @117476 By far the shittiest internet provider,"CONVERSATION HISTORY:
Customer: Maybe someone from @Ask_Spectrum  will show up for the actual appointment this way. Calling clearly doesn't work https://t.co/0rpBFd4NbK
Customer: @Ask_Spectrum Your installer did this Friday afternoon, yet here I wait with no service still
Agent: @117476 I apologize for the poor experience. I can certainly get someone back out there for you. Please DM us the service... https://t.co/uj0ZWGjMYX
Customer: @Ask_Spectrum We had the best employee ever finally show up!!
Agent: @117476 I'm glad the technician arrived for you. Are the services working okay for you now? ^RT
Customer: @Ask_Spectrum Yes, he reconnected everything properly and explained everything to us.
Agent: @117476 Great! If there is anything else we can look into for you in the future, please let us know. ^RT

CURRENT MESSAGE:
@Ask_Spectrum @117476 By far the shittiest internet provider by far , always goes down on the weekends",
8389,Customer,DropboxSupport,Support inquiry,"@DropboxSupport I am owner of the account, I have created th","CONVERSATION HISTORY:
Customer: @DropboxSupport Hi, I problem with one of folders on my account. For some reason I cannot edit it. See attached photo. https://t.co/I7ZjbO5stx
Agent: @117478 Hi Piotr, are you the owner or editor of the folder? If not, and you’re a viewer only, then you won’t be able to amend settings. If you’re referring to inviting new users to the folder, the owner might have restricted this option to them only, preventing editors from inviting.

CURRENT MESSAGE:
@DropboxSupport I am owner of the account, I have created this folder. Some time ago I realized that I've been ""cut out"" from it.",
8393,Customer,Ask_Spectrum,Support inquiry,@Ask_Spectrum I’m not sure you can. The remote only works ha,"CONVERSATION HISTORY:
Customer: @Ask_Spectrum I now have Spectrum at my condo in Kauai. They SUCK. I hate the channels options and the picture quality is bad.
Agent: @117479 Good evening Michael, I apologize for the inconvenience. How may I be of assistance to you today? ^JJS

CURRENT MESSAGE:
@Ask_Spectrum I’m not sure you can. The remote only works half the time. My channel options suck.",
8416,Customer,AirAsiaSupport,Support inquiry,"@AirAsiaSupport I did that ,please let me know if some thing","CONVERSATION HISTORY:
Customer: @115802 Baggage broken by rude mishandling of ground staff from Delhi to Goa.Awaiting response. https://t.co/zEnulXTGGc
Customer: @115802 Please see my latest mail from @AirAsiaSupport where I have been told to submit PIR and in reply I am getting disclaimer that my case has been closed ,without even informing me !!!! https://t.co/jpVKnuYngv
Agent: @117480 Case has been closed as it has been replied, Shailendra. You have to submit another E-form to reply. Thank you. -Miza
Customer: @AirAsiaSupport Kindly go through the mail I have received from you asking to submit PIR and snaps of damaged luggage, how come the case can be closed without taking my consent or compensation by merely replying on mail .
Agent: @117480 Please be informed that case is being actively managed.Once they have received your reply .It will be reopened.Thanks-Emir
Customer: @AirAsiaSupport Dear, Kindly go through my mail communication link with you ,I have submitted PIR and waiting for reply, what else I have to do.https://t.co/YdA8V0qDKU
Agent: @117480 Sorry but we are unable to check on the link send. Submit a web form https://t.co/yUyvTZDtHT and the relevant team will assist.
Customer: @AirAsiaSupport Just did that again. https://t.co/Bj79ElECxL
Agent: @117480 &gt;&gt; Have a good day. :) -Amie
Customer: @AirAsiaSupport 3rd one filed again. With all pics as desired. https://t.co/iPrKcJIeLr
Agent: @117480 Hi there, we have received your documents and we will responded accordingly. -Jimy
Customer: @AirAsiaSupport 3rd time in a row I have been told to submit PIR and asked for feedback ,no action on my damage compensation claim request rather same reply as if you have linked our mails with auto reply bot !!!!!!
Customer: @AirAsiaSupport  https://t.co/k48gOyd97J
Customer: @AirAsiaSupport  https://t.co/CUHiHZcuA5
Agent: @117480 &gt;&gt; with the PIR and we will investigate further regarding this issue, thanks. -Jimy
Customer: @AirAsiaSupport PleaSe find PIR. https://t.co/MCOJNlIaRr
Agent: @117480 Do you have the case number for us to check on your case accordingly.- Ed
Customer: @AirAsiaSupport Please find appended latest case no.(3rd one) with PIR. https://t.co/KyLHXaA328
Agent: @117480 As per checking ,.The team is currently processing the case,Please allow the team some time to process and inform you back.Thanks
Customer: @AirAsiaSupport Please ask them not to share those regular mails asking PIR again and feedback prior to resolution of case ,this is happening 3rd time with me .
Agent: @117480 When submitting a case with attachment, Click on ""Submit and Attach Files"". Please ensure the ""Upload Files"" is clicked. Thanks-Ed

CURRENT MESSAGE:
@AirAsiaSupport I did that ,please let me know if some thing is still balance to be submit. All this while I haven't received any call from your local support team to update about progress or discrepancy about my case.",
8422,Customer,AppleSupport,Support inquiry,"@AppleSupport Just phone numbers, not available now … why is","CONVERSATION HISTORY:
Customer: Dear @115858, I have an online order which I never received - who can I talk to?
Agent: @117481 We want to help out. Look here to talk with our Online Support:  https://t.co/8yjRd1Xo0i
Customer: @AppleSupport Chat doesn’t seem to work in Germany. On the order page I cannot leave comments …
Agent: @117481 If you are unable to access these resources, let's get you connected with our local AppleCare Support team to get you to our Online Support group: https://t.co/zDY8Np0kg6

CURRENT MESSAGE:
@AppleSupport Just phone numbers, not available now … why is it so hard to just put an email-address there?",
8425,Customer,SpotifyCares,Support inquiry,@SpotifyCares I login with facebook (__email__) - but i thin,"CONVERSATION HISTORY:
Customer: Will changing my password stop this person from using my @SpotifyCares? https://t.co/VHJyWGO25j
Agent: @117482 Hey Richard! We’re sorry to hear that. Check out https://t.co/QHn3ok8y2n for what to do next /CH

CURRENT MESSAGE:
@SpotifyCares I login with facebook (__email__) - but i think my email account for spotify is my old one (__email__)  that is now defunct. What can I do?",
8437,Customer,AppleSupport,Support inquiry,@AppleSupport I need an actual human to help me,"CONVERSATION HISTORY:
Customer: @115858 suck! Upgrade phone &amp; I lose my Apple ID. Can’t get new id without old &amp; can’t book Genius bar help appointment without ID!!! #stupid
Agent: @117484 We're happy you reached out so we can find you the info you need. If you forgot your Apple ID, go to the Apple ID account page: https://t.co/ggVDoc1mU7 From here, click ""Forgot Apple ID or password?"" then click ""look it up."" From here, follow the on screen prompts.

CURRENT MESSAGE:
@AppleSupport I need an actual human to help me",
8449,Customer,sainsburys,Support inquiry,"@sainsburys I don't have a nectar card, and I'm a bit shocke","CONVERSATION HISTORY:
Customer: Love it when I buy a chicken salad sandwich from @sainsburys and there's a giant flying ant squashed inside it. Didn't see that on the ingredients list! Pretty disgusting and traumatising stuff Sainsburys, care to explain? https://t.co/XwdsQ9uYD5
Agent: @117486 Hi there, I'm very sorry about this Wade. We'd definitely expect more from our products. Can you send me a pic of the barcode please? Which store did you buy this from? Robbie
Customer: @sainsburys I didn't keep the packaging but have my receipt. It was the store on Lower Addiscombe Rd, would like to know what can be done about this?
Agent: @117486 Thank you Arthur. If you DM us your full name and Nectar card number by clicking the link below, I'll be sure to make the buyers aware of this and I'll also pop a refund on plus some extra as an apology. Sas https://t.co/MdMtnTlX6H

CURRENT MESSAGE:
@sainsburys I don't have a nectar card, and I'm a bit shocked at that response to just give out some points when one of your loyal customers could have potentially bitten into a large, disgusting insect in one of your products?",
8456,Customer,sainsburys,Support inquiry,"@sainsburys Hi Robbie, no need for Nectar points, we just wa","CONVERSATION HISTORY:
Customer: @sainsburys minimum effort on the turkey lunch at Bicester today, not as advertised I’m afraid !!! https://t.co/NHihw4fUzH
Agent: @117487 Hi there, sorry about this Simon. We'd definitely expect more from our cafe. Can you send me a pic of your receipt please? Robbie
Customer: @sainsburys Hi Robbie, picture of our receipt attached for you. Both meals came out the same with no other veg apart from overdone soggy Brussels. Simon https://t.co/Mp7fRu8yqo
Agent: @117487 Thank you, if you DM me your Nectar card number via this link I can get some points added for you and make sure this is fed back. Robbie https://t.co/MdMtnTlX6H

CURRENT MESSAGE:
@sainsburys Hi Robbie, no need for Nectar points, we just want to get something reasonable to eat before we do our shopping. I know it’s not going to be exceptional, but at least be reasonable and match ‘as advertised’ each time. The customer service also needs to be improved there. Simon",
8466,Customer,MicrosoftHelps,Support inquiry,@MicrosoftHelps I just checked and the computer says I am th,"CONVERSATION HISTORY:
Customer: @5646 @MicrosoftHelps I am having a problem with my computer games. I just tried playing 3 of them and a message came up saying ""Game Could Not Intiate"" Some of my other game do not load at all or a message comes up saying ""You need administrative access"" Plz help.
Agent: @117488 Hi. We're here to help. Could you give us more details regarding your concern? Which device are you pertaining to? https://t.co/3qcAsLFkaY
Customer: @MicrosoftHelps I sent a private message describing my problem.
Agent: @117488 Hi! Thanks for bringing this up. Which version of Windows are you running? Did you make any changes prior to this issue? Have you tried checking the games support site for troubleshooting steps?
Customer: @MicrosoftHelps I have windows 10. I do not remember making any changes myself, but I did take the computer to a store to get it cleaned up. how could I get those troubleshooting steps?
Agent: @117488 We suggest creating a temporary admin account and try to sign, then try to check if you will encounter the same issue.

CURRENT MESSAGE:
@MicrosoftHelps I just checked and the computer says I am the administrator on my computer.",
8479,Customer,VirginTrains,Support inquiry,@VirginTrains Thanks for ignoring my reply,"CONVERSATION HISTORY:
Customer: @VirginTrains any chance you can do something about the 2 drunk ladies causing havoc on the 17.47 from Liverpool lime street to London Euston ? Abusive to fellow passengers &amp; general behaviour leaving a lot to be desired
Agent: @117489 Really sorry to hear this. Please do report this to the onboard team and they should be able to assist you further ^HP
Customer: @VirginTrains Where are they located on train ?
Agent: @117489 They should be making their way through during the journey. You can also find the Train Manager in Coach C ^HP
Customer: @VirginTrains Couldn’t find anyone. Very annoyed by their antics.
Agent: @117489 Sorry to hear that, the Train Manager should be making their way through ^HP
Customer: @VirginTrains No-one came through before we got off at Stafford. I pity the passengers who had to put up with them still on train to London Euston
Agent: @117489 Really sorry again, we'll be sure to pass your comments on in regards to this ^HP
Customer: @VirginTrains Rather have a refund for ticket for the station staff allowing ppl drunk on the train in the 1st place. Racist, foul mouthed louts which scared the kids on the train
Agent: @117489 I'm afraid we wouldn't be able to offer a refund for this, apologies ^HP
Customer: @VirginTrains So you don’t have a duty of care for your passengers then ? These 2 wouldn’t have been allowed into any other premises with their behaviour or would have been promptly removed

CURRENT MESSAGE:
@VirginTrains Thanks for ignoring my reply",
8482,Customer,Tesco,Support inquiry,@Tesco you've got plenty of easy cook rice. It's the regular,"CONVERSATION HISTORY:
Customer: @Tesco I've given up on long grain rice,  non easy cook version.  I'll go to Sainsbury for it.
Agent: @117490 Hi Louise, our Every Day Value long grain rice isn't easy cook (https://t.co/ib2FCU8EyW). If you DM me your postcode I'll check that it's available in stores near you. Thanks - Dafydd
Customer: @Tesco I'm in Greenock, and I've tried value stuff and it's not cheaper for nothing. Dreadful stuff.
Agent: @117490 I'm sorry to hear we have no easy cook long grain rice Louise. I would like to register your comments for you, can you DM your full name and address? TY - Jayne

CURRENT MESSAGE:
@Tesco you've got plenty of easy cook rice. It's the regular kind I'm looking for.",
8489,Customer,XboxSupport,Support inquiry,"@XboxSupport Terrific, thank you !","CONVERSATION HISTORY:
Customer: @XboxSupport Hello, on my new XB1X many DVDs play horribly - audio and video goes on and off, unwatchable. Yet all else works fine, and the DVDs played fine on original XB1 + also PS4Pro. Any ideas? BluRay player bug?
Agent: @117491 Hey, you can try using this guide to help https://t.co/2hsGsHnkrv. Have you tried using Blu Rays and if so, do they give you any issues? ^RM
Customer: @XboxSupport Thanks RM. BluRays play fine. These DVDs also play fine on original XB1 and other devices. The discs aren’t dirty. Here’s a video. My guess is the XB1X isn’t handling some form of macrovision correctly. https://t.co/Mvy4kcijJD
Agent: @117491 Thank you for that, that is odd. Here is another guide that may provide some support with the issue you are seeing. https://t.co/BT16PEXEXk ^RM
Customer: @XboxSupport I will try, but to be clear, it is _only_ the BluRay app doing this. Games and other activities on the XB1X are fine. I've also noticed the audio is out of sync with the picture when using the BluRay app - again, only this app - not Forza or anything else.
Agent: @117491 Were you able to work through the steps we sent? Did they help with what you are seeing?  ^BL
Customer: @XboxSupport I did. No, they did not. I also deleted and reinstalled the app. I don’t believe it is a TV or video output issue in general as all the games are fine. It is only the BluRay player app which does this. I think the app is not handling macrovision or something.
Agent: @117491 a photo of your 4K stats on the console and your video settings including color space?  2 ^JL
Customer: @XboxSupport Though the PS4Pro is not - for the same reason as with XB1X, it is connected to the TV for 4K output ...
Agent: @117491 Thanks for that info. Let's change the color space to PC RGB and then change TV resolution to automatic or 1080p if that is possible.  ^JL
Customer: @XboxSupport Hi JL, why thank you! I am not given an 'automatic' resolution option, unfortunately, but I set it to PC RGB and it works! The DVDs play back fine now, even with resolution still on 4K. Thank you kindly! What a champ. What is 'colour space' out of interest?
Agent: @117491 This is an article explaining color space. https://t.co/bs6n5dpLVd ^RM

CURRENT MESSAGE:
@XboxSupport Terrific, thank you !",
8509,Customer,XboxSupport,Support inquiry,@XboxSupport Sorry to bother you again if there fixing it wi,"CONVERSATION HISTORY:
Customer: @XboxSupport great tired to buy a game and it says service is unavailable
Customer: @XboxSupport Your messing some games nba 2k 18 legend edition was on sale now it’s not
Agent: @117492 Hi, can you direct message us and explain what issue you are experiencing? ^RM
Customer: @XboxSupport If the black Friday games sale ends Monday and if the games say 3 day remeaning is that it or will they be back on sale again
Agent: @117492 Our proper teams are looking into this. You can refer to our page here  1 ^RM
Customer: @XboxSupport Ok thanks
Agent: @117492 You're welcome! Have a great rest of your day.  ^RR

CURRENT MESSAGE:
@XboxSupport Sorry to bother you again if there fixing it will the games be on sale longer",
8516,Customer,AmazonHelp,Support inquiry,"@AmazonHelp Hecho el procedimiento, lo que me interesa y exi","CONVERSATION HISTORY:
Customer: @116875 Exijo mi reembolso inmediato ya que yo en ningún momento solicité dicha membresía ""prime"", hubo algún error.
Solución inmediata
Agent: @117495 Hola Mary. Para más detalles sobre como cancelar tu membresía de Amazon Prime, ingresa a: https://t.co/RPYF5xdYCl  ^HC

CURRENT MESSAGE:
@AmazonHelp Hecho el procedimiento, lo que me interesa y exijo es que sea devuelto mi dinero puesto que jamás he adquirido algún articulo por este medio",
8527,Customer,AmazonHelp,Support inquiry,@AmazonHelp Okay....what information do you need to be able ,"CONVERSATION HISTORY:
Customer: I know it’s nearly xmas but seriously I ordered a book from @115821 due to arrive 23rd Oct and still don’t have it or know where it is???
Agent: @117498 I'm sorry for the wait, Jamie! What's the current status of your order here: https://t.co/aaDyEz1VgE? ^SH
Customer: @AmazonHelp Well it says arriving today but honestly I know that’s fake as looked last four days and it’s still the same then https://t.co/3T23E69GE0
Agent: @117498 I understand your concern. At your earliest convenience, we'd like to look into this with you: https://t.co/oGDklGgbCZ ^GM
Customer: @AmazonHelp Thank you but unsure how that’s going to help as just says “put for delivery and arriving today when I know it proberly won’t :/
Agent: @117498 I can understand your reluctance, but we can provide you with additional options depending on who the seller is.  ^SY

CURRENT MESSAGE:
@AmazonHelp Okay....what information do you need to be able to help then???",
8545,Customer,AppleSupport,Support inquiry,"@AppleSupport no, my photos aren’t gone. why are there four ","CONVERSATION HISTORY:
Customer: what the fuck @115858? https://t.co/oHhvAW2pqh
Agent: @117501 We're here for you. Let's work together to locate your photos. Did you just recently restore your device, by any chance?

CURRENT MESSAGE:
@AppleSupport no, my photos aren’t gone. why are there four (five actually, one isn’t pictured) albums in my photos all labeled twitter?",
8557,Customer,AppleSupport,Support inquiry,@AppleSupport so it cant be disable? umm ya.. problem comes ,"CONVERSATION HISTORY:
Customer: @AppleSupport is that safe if we disable passcode for unlock iphone? i mean,is the fingerprint still worked out? i think dat would be enough
Agent: @117503 We want to make sure we understand the issue. Are you wanting to disable the passcode and still use Touch ID?
Customer: @AppleSupport ya.lately my screen was disfunction for touch after its been restart. i couldnt enter passcode yet homebutton still figureout my fingerprint
Agent: @117503 For security, the passcode is always required even if you have Touch ID turned on. Are you still having touch screen issues?

CURRENT MESSAGE:
@AppleSupport so it cant be disable? umm ya.. problem comes oftenly when my iphone just woke up. kindly please gimme some advices to heal that issue",
8561,Customer,AppleSupport,Support inquiry,@AppleSupport @117504 btw it’s still doing it...,"CONVERSATION HISTORY:
Customer: @AppleSupport  hey what’s going on with the letter I . When i start to. Type this happens below https://t.co/jbNZfUwkzL
Agent: @117504 Let's look at this together. To begin, are you completely updated to iOS 11.1?
Customer: @AppleSupport Yes I️ just did that today.
Agent: @117504 OK, please DM us, so we can work together on this. https://t.co/GDrqU22YpT
Customer: @AppleSupport @117504 OH MY GOD THANK GOD I️ THOUGHT I️ WAS LOSING MY MIND

CURRENT MESSAGE:
@AppleSupport @117504 btw it’s still doing it...",
8574,Customer,AppleSupport,Support inquiry,@AppleSupport Thank you.,"CONVERSATION HISTORY:
Customer: @AppleSupport this is the second Fishing email that I have gotten in 2 days https://t.co/WG3DvyKLSj
Agent: @117508 We are here to help. Please refer to the following article for steps to report these emails: https://t.co/yGvlh3cZ5Y

CURRENT MESSAGE:
@AppleSupport Thank you.",
8591,Customer,Uber_Support,Support inquiry,@Uber_Support https://t.co/rOY8MXSxYF,"CONVERSATION HISTORY:
Customer: @Uber_Support Remedy &amp; please refund my $5, that's breakfast money tomorrow, thank you. https://t.co/dT6DYbPZO6
Agent: @117514 Hi there, we're here to help! Send us a note via https://t.co/w7r2O6dMbU so our team can connect.

CURRENT MESSAGE:
@Uber_Support https://t.co/rOY8MXSxYF",
8595,Customer,Uber_Support,Support inquiry,@Uber_Support @117516 this was our driver she was so rude an,"CONVERSATION HISTORY:
Customer: @Uber_Support me and my good sis @117516 had an issue with a driver recently...can you please help?
Agent: @117515 Hi there, we're here to help! Send us a note here; https://t.co/z8NNR56eyf so we can assist you with this.

CURRENT MESSAGE:
@Uber_Support @117516 this was our driver she was so rude and tried to sell us fishplates during our ride. https://t.co/J8OtncW9vI",
8601,Customer,Uber_Support,Support inquiry,@Uber_Support I all ready send the DM,"CONVERSATION HISTORY:
Customer: @Uber_Support were can I receive attention ? Im a restaurant owner in Queretaro, Mexico and I want to work with your apo
Agent: @117519 Find out more info about Partnering here: https://t.co/ZwVoSvDV1Z
Customer: @Uber_Support I have already use these alternative a few days ago, and haven't had any answer yet :/
Agent: @117519 Happy to further assist you. Can you please send us a DM (direct message) with your email address and additional details?
Customer: @Uber_Support I will

CURRENT MESSAGE:
@Uber_Support I all ready send the DM",
8667,Customer,Delta,Support inquiry,@Delta been a long afternoon in the airport. Sorry if I soun,"CONVERSATION HISTORY:
Customer: Missing my entire Halloween with kids because @Delta can't find a flight attendant for my flight home. #bestlaidplans #anotherdisappointment
Agent: @117523 Hi, Eric. I understand &amp; my apologies for the delayed flight. Our teams are working to get you safely on your way asap.  *HJH

CURRENT MESSAGE:
@Delta been a long afternoon in the airport. Sorry if I sound bitter",
8686,Customer,SpotifyCares,Support inquiry,@SpotifyCares I have now tried a different computer on a dif,"CONVERSATION HISTORY:
Customer: @SpotifyCares My web player is stuck in a commercial.  'Play' isn't an option.  Tried clearing cookies, etc. nothing helped. #ijustwantmusic https://t.co/LPxSjwjIHA
Agent: @117526 Hi Andrea. Don't worry, help's here. Can you tell us what device and browser you're using? We'll see what we can suggest /JU
Customer: @SpotifyCares Chrome web player on dell laptop
Customer: @SpotifyCares Tried an incognito Chrome window.  No change.  Work has blocked https://t.co/JoK7ESpKMg in Firefox
Agent: @117526 Hmm. Does logging in on a different device show the same issue? Keep us updated /PC
Customer: @SpotifyCares No problems with iOS.

CURRENT MESSAGE:
@SpotifyCares I have now tried a different computer on a different network with a different browser (Edge) &amp; still can't push play.",
8689,Customer,SpotifyCares,Support inquiry,@SpotifyCares Android 6.0.1 and Spotify version 8.4.25.771 a,"CONVERSATION HISTORY:
Customer: @SpotifyCares not sure why the app has been slow to load and glitching music for the past couple months. Samsung galaxy s5
Agent: @117527 Hey there! Can you let us know what Android and Spotify versions you're running? We'll see what we can suggest /NS

CURRENT MESSAGE:
@SpotifyCares Android 6.0.1 and Spotify version 8.4.25.771 armV7",
8693,Customer,SpotifyCares,Support inquiry,@SpotifyCares Checked the three dots and saw the download op,"CONVERSATION HISTORY:
Customer: @115888 you guys trying to make it harder to load local music? ""BROWSE FOR MUSIC"" Show me the song I added instead. Don't BS users.
Agent: @117528 Hey there! Can you let us know what's happening exactly? We'd love to lend a hand /KC
Customer: @SpotifyCares With spotify open both on my computer and phone I added a local file to a playlist on my computer. ...
Customer: @SpotifyCares on my phone Spotify didn't show the song that was in the playlist but instead asked me to browse for music to add to my newly created...
Customer: @SpotifyCares playlist, I only want that one local file visible in the playlist.. It wasn't until I said download, that the song appeared.
Customer: @SpotifyCares It'd be helpful if it showed the song greyed out as it's not on the phone yet, and simply gave me the option to offline/download the song.

CURRENT MESSAGE:
@SpotifyCares Checked the three dots and saw the download option and then my song appeared. It works.. but it feels hidden. Thank you for your interest :)",
8704,Customer,SpotifyCares,Support inquiry,@SpotifyCares Shout! be in India soon ..,"CONVERSATION HISTORY:
Customer: @115888 why aren’t you available in India.. https://t.co/YUzA4qYDvv
Agent: @117529 Hey! We're launching in new countries as often as possible. Be sure to add your email at https://t.co/X8DVSX9QgM /CB
Customer: @SpotifyCares Added! - India 😊👍🏻
Agent: @117529 Awesome! Fingers crossed we'll be available in India soon. If there's anything else, just give us a shout /RH

CURRENT MESSAGE:
@SpotifyCares Shout! be in India soon ..",
8708,Customer,British_Airways,Support inquiry,@British_Airways Have done it now! Cheers,"CONVERSATION HISTORY:
Customer: @British_Airways Can you possibly follow me back so I can send you a DM?
Agent: @117530 email address and contact telephone number 2/2. ^Oliver

CURRENT MESSAGE:
@British_Airways Have done it now! Cheers",
8718,Customer,British_Airways,Support inquiry,@British_Airways Thanks! All sorted :),"CONVERSATION HISTORY:
Customer: @British_Airways flying to NY. Adding passport details, but keep saying error? Never had this problem. Is it cause my lead passenger should?
Agent: @117533 email address, and postal address. One of the team will be in touch to help add your details to the booking. 2/2 ^L

CURRENT MESSAGE:
@British_Airways Thanks! All sorted :)",
8752,Customer,SouthwestAir,Support inquiry,@SouthwestAir Found the feedback site. https://t.co/93ICsVFB,"CONVERSATION HISTORY:
Customer: Hey @SouthwestAir this is great! Saw this at @117551 - When is this coming to an airport near me? https://t.co/5AKarhozua
Agent: @117550 We're testing this out right now, Joellen. But be sure to leave your feedback and tell us what you think at https://t.co/FKsRY9Cbz7. ^MA

CURRENT MESSAGE:
@SouthwestAir Found the feedback site. https://t.co/93ICsVFByI Thanks! @SouthwestAir",
8763,Customer,ChipotleTweets,Support inquiry,@ChipotleTweets How are you fixing the issue?,"CONVERSATION HISTORY:
Customer: Went to go get my burrito tonight and they told me they don't serve chorizo anymore smh @ChipotleTweets #disappointed 😒
Agent: @117555 I'm so sorry for the disappointment. I was a fan, too. -Becky

CURRENT MESSAGE:
@ChipotleTweets How are you fixing the issue?",
8818,Customer,hulu_support,Support inquiry,@hulu_support I will check that when I get home tonight,"CONVERSATION HISTORY:
Customer: @hulu_support @115940 AT WHAT POINT CAN I EXPECT TO WATCH A LIVE PROGRAM WITHOUT BUFFERING EVERY FEW MINUTES
Agent: @117581 Oh no! Which device do you use? Are all channels affected? For now, please try a quick reboot of your device+modem/router.
Customer: @hulu_support I use Roku, and no other streaming is impacted. I am watching CBS all access right now. This is solely a hulu issue
Agent: @117581 Apologies for the continued frustration-- to clarify, are you noticing this with CBS network on our app?
Customer: @hulu_support No I switched from your app to CBS all access due to the issue...it was also an issue this morning at 5:30 trying to watch the news
Agent: @117581 Thanks for clarifying! Does the buffering continue after: https://t.co/wAoEicy9CF? If so please reach out: https://t.co/6YdK7bvQN7

CURRENT MESSAGE:
@hulu_support I will check that when I get home tonight",
8830,Customer,hulu_support,Support inquiry,@hulu_support My stuff still doesn't have my favorites. It a,"CONVERSATION HISTORY:
Customer: @hulu_support your keep watching isnt functional. I added several to my profile and some show but also other ones that i didnt add show up
Agent: @117584 Hi! Keep Watching displays content you've recently viewed. My Stuff is where you'll see your favorites: https://t.co/OrkRH6RTeH.

CURRENT MESSAGE:
@hulu_support My stuff still doesn't have my favorites. It actually mixes my recently viewed and favorites. Would screenshots help?",
8840,Customer,sprintcare,Support inquiry,@sprintcare 5 lines for $100? Better rate then @115911 but I,"CONVERSATION HISTORY:
Customer: If I don't get my prebooked #iPhoneX from @115911  by November 6th as promised by the store I'm switching to @115725 or @115714.
Customer: @115911 @115725 @115714 All I'm saying is that I prebooked first day because I was promised a date which I liked. I got 7 lines on my act. @115725 keep your 🤞
Agent: @117587 Hello there! Check out our promotions. Click on the link https://t.co/OLXF2ShjmN

CURRENT MESSAGE:
@sprintcare 5 lines for $100? Better rate then @115911 but I'm a fan of @115913. What more do you have @115714. Got a cool CEO?",
8852,Customer,sprintcare,Support inquiry,@sprintcare A customer should NOT have to go through so much,"CONVERSATION HISTORY:
Customer: @626 can we begin an investigation into why @115714 has failed its RI customers during an emergency and power outage?
Customer: @626 @115714 I still have zero service and power has mostly been restored. This is unacceptable in a day and age when most people only carry cell service
Agent: @117588 @626 @115714 Could tell us which iPhone you have? -L.O
Customer: @sprintcare @626 @115714 Lol for the eighteen thoudandth time, this is not my phone because there are 2 iPhones and 2 androids, and it effects them all. SMFH
Agent: @117588 We would like to preform a device refresh from our end. -L.O
Customer: @sprintcare Are you getting dizzy yet? Because you seem to be running in circles.
Agent: @117588 We are going and preform the device refresh on all four devices, could you power off the devices and power them back on in 5 minutes. -L.O

CURRENT MESSAGE:
@sprintcare A customer should NOT have to go through so much just to get adequate service that they pay $300 a month for. UNACCEPTABLE",
8862,Customer,sprintcare,Support inquiry,@sprintcare Well how come there are people on here who’s hav,"CONVERSATION HISTORY:
Customer: Anyone’s iPhone X shipment still pending for @115714 ?
Customer: @117591 @115714 Yes mine!
Agent: @117590 Thanks for reaching out. What questions do you have? -ES
Customer: @sprintcare My iPhone X said deliver date of the 3rd when I ordered it, however it still says “pending” when checking order status.
Agent: @117590 Once the device is launched that information will be updated. You can check when the shipping starts through https://t.co/O1mkYIdKu5 -JR

CURRENT MESSAGE:
@sprintcare Well how come there are people on here who’s have shipped already?",
8867,Customer,sprintcare,Support inquiry,@sprintcare well i just tried calling you guys but it automa,"CONVERSATION HISTORY:
Customer: @sprintcare @115714 the sad part is i’m at my own house. and everyone else that i live with, has service. https://t.co/OHhmkBfr0B
Customer: @sprintcare @115714 never mind i can’t even send txts. https://t.co/iWFDZrLDzF
Agent: @117592 We will like to take a look into this for you. Shoot us a DM to assist. -JA

CURRENT MESSAGE:
@sprintcare well i just tried calling you guys but it automatically fails. i had this problem an hour ago and it’s back. just messaged you.",
8880,Customer,sprintcare,Support inquiry,@sprintcare I Broke My Phone And Yah Insurance Clam Thing Gi,"CONVERSATION HISTORY:
Customer: I Been Going Thru All Lame Shit With Sprint All Day ..... @115714 Yah Gay Af
Customer: @117593 @115714 What's popping on o block tonight
Customer: @117594 @115714 Man fuck that lets leave tonight this phone shit got me spicy and ill fill yo tank up lets hit the road 🤷🏾‍♂️😂😂
Customer: @117593 @115714 Mane u bullshitting we most deff can yo ass just don't got a license and I hate driving that whole way
Customer: @117594 @115714 Im Finna Call You
Agent: @117593 How may we be of assistance to you? We are always happy to help.-DD

CURRENT MESSAGE:
@sprintcare I Broke My Phone And Yah Insurance Clam Thing Giving Me The Run Around",
8884,Customer,VerizonSupport,Support inquiry,@VerizonSupport Wireless. Customer service had to cancel my ,"CONVERSATION HISTORY:
Customer: @VerizonSupport As a user (but not owner) on a business account, the process of ordering a new phone has been extremely frustrating.
Agent: @117595 Hello Harry, Are you referencing a wireless or landline?
^NHP

CURRENT MESSAGE:
@VerizonSupport Wireless. Customer service had to cancel my online order. I'm at the store now trying again.",
8900,Customer,VerizonSupport,Support inquiry,@VerizonSupport And... the chat window closed.,"CONVERSATION HISTORY:
Customer: @VerizonSupport I’m sick of being on hold with your online chat. Fix your chat process. Oh, fix my fios while you’re at it.
Agent: @116211 Our apologies, as we see 1 pending for the next agent. Have you gotten an agent yet? ^JRA
Customer: @VerizonSupport No I have not.
Agent: @116211 We can assist you via the secured link. We apologize for your wait.
^NHP
Customer: @VerizonSupport Apparently not. I’m back in a hold queue on the secured link.
Agent: @116211 your main coax splitter is located to reseat the connections?  ^JRA https://t.co/Dj8fmN3YCA
Customer: @VerizonSupport What is it you want me to do?
Agent: @116211 Are you able to reseat the connections at your main splitter if you know where it is? This should make for better contact. 
^JRA

CURRENT MESSAGE:
@VerizonSupport And... the chat window closed.",
9013,Customer,AskPlayStation,Support inquiry,@AskPlayStation But i didnt get email,"CONVERSATION HISTORY:
Customer: @AskPlayStation i get error ws-37338-4 when i try to log in?
Agent: @117601 Sorry to hear that. You will receive an email with the details of the ban/suspension:  https://t.co/2CpHxuUKRB

CURRENT MESSAGE:
@AskPlayStation But i didnt get email",
9033,Customer,CoxHelp,Support inquiry,@CoxHelp it’s 1313 (or 313). it gives me an error message th,"CONVERSATION HISTORY:
Customer: @CoxHelp what’s up with ATT SportsNet in LV right now? i would sure like to watch the hockey game. :(
Agent: @117610 Lara, what problems are you having? What channel are you on? -Karen

CURRENT MESSAGE:
@CoxHelp it’s 1313 (or 313). it gives me an error message that says there’s an issue with the channel. i’ve been trying since about 4:10pm.",
9039,Customer,CoxHelp,Support inquiry,@CoxHelp too little too late. @116021 should have hired empl,"CONVERSATION HISTORY:
Customer: .@116021 my cable &amp; internet are out &amp; these guys are getting paid double time to fix the problem but they AREN’T DOING ANYTHING https://t.co/h5Q6L8SHEg
Agent: @117611 Since techs are onsite the problem will be corrected as soon as possible. What city are you in? -Colleen
Customer: @CoxHelp nice try. those well-trained workers caused my outage &amp; your phone rep must’ve had a bad day. goodbye @116021 hello @115955
Agent: @117611, Please DM full address and primary name on the account, so we can take a look.  = JJ https://t.co/ovAKPb0TYC

CURRENT MESSAGE:
@CoxHelp too little too late. @116021 should have hired employees who do their jobs for customers who pay full price",
9047,Customer,BofA_Help,Support inquiry,@BofA_Help Thank you for the help,"CONVERSATION HISTORY:
Customer: No help at all from @116035  really fucked up my weekend!!
Agent: @117614 Hi Juan. Thank you for speaking with me today. I will be monitoring this &amp; following up with you again. ^da
Customer: @BofA_Help Ok thank you for your help today
Agent: @117614 Juan, we indicate the requested action has been completed. I appreciate you giving us an opportunity to help. Thanks again, ^da

CURRENT MESSAGE:
@BofA_Help Thank you for the help",
9073,Customer,VirginAmerica,Support inquiry,@VirginAmerica I mean Tuesday.,"CONVERSATION HISTORY:
Customer: Hey @VirginAmerica delayed for 4 1/2 hours, (from a 7:30am flight, so had to be here at the break of dawn!) can you hook us up with some credit back for this? Ridiculous.
Agent: @117619 Sorry to hear that. Please send a private message with your confirmation code so we can look into this. ~Angel https://t.co/f5NIYX3JhL
Customer: @VirginAmerica K I sent a DM but waiting on a response.
Agent: @117619 I've been advised you'll be receiving compensation from our Customer Relations team. Thank you for your patience. ~Angel
Customer: @VirginAmerica How do we get notified?
Agent: @117619 via email. ~Angel
Customer: @VirginAmerica Hi I never received an email today.??
Agent: @117619 Hey Justine, the email will be sent within 24 to 48 hours. -Sean
Customer: @VirginAmerica Hi, I haven't received anything in terms of credit for my 6 hour delay on Monday! Please reach out.

CURRENT MESSAGE:
@VirginAmerica I mean Tuesday.",
9079,Customer,VirginAmerica,Support inquiry,"@VirginAmerica Yes, they’ve reset all of the tv’s twice. Thi","CONVERSATION HISTORY:
Customer: @VirginAmerica I’m sitting in first class and none of your live tv channels are working for GAME 6 of the World Series. https://t.co/kbvmEf5tA1
Agent: @117621 Sorry about that Javi, have you notified the flight attendants? Sometimes they need to be reset. -Sean

CURRENT MESSAGE:
@VirginAmerica Yes, they’ve reset all of the tv’s twice. This is the second straight time this has happened in the last two weeks.",
9084,Customer,VirginAmerica,Support inquiry,@VirginAmerica I did. But elevate line says I need to call A,"CONVERSATION HISTORY:
Customer: @virginamerica are MCS and first upgrades for elevate gold not available on a flight booked through AS but on VX metal?
Agent: @117622 They are still available on both, just make sure you have your Elevate or Alaska mileage number in the reservation. -Sean

CURRENT MESSAGE:
@VirginAmerica I did. But elevate line says I need to call Alaska and v/v. (My elevate gold is in PNR.)",
9117,Customer,GloCare,Support inquiry,@117628 @GloCare @117625 @117626 @117627 @48760 @53205 @7476,"CONVERSATION HISTORY:
Customer: @117625 @117626 @117627 @GloCare Pls attention of GLO &amp; ncc was called on illegal deduction of my account till now no soln
Customer: @117625 @117626 @117627 @GloCare I believed GLO is not bigger than regulator. Very unfortunate loaded #500 again after insertion frm welcome back I met #424.09k no call/mesg
Agent: @117624 @117625 @117626 @117627 Kindly provide your mobile number for checks and assistance.  TT
Customer: @GloCare @117625 @117626 @117627 08054117690
Customer: @GloCare @117625 @117626 @117627 Recall this is the 13th times given out this number to you people especially TT
Agent: @117624 @117625 @117626 @117627 Record shows the VAS has been deactivated since yesterday.  Stay Unlimited!  TT
Customer: @GloCare @117625 @117626 @117627 @48760 @117628 @53205 Glo couldn't give me a reply from first complaint from Jan 11 till May 2017. Glo is really fraudulent
Customer: @117624 @GloCare @117625 @117626 @117627 @48760 @53205 CPC expects more from businesses like @GloCare. Even now, this consumer deserves an apology &amp; explanation. Consumer is king for real

CURRENT MESSAGE:
@117628 @GloCare @117625 @117626 @117627 @48760 @53205 @7476  Hw @117627 is now robbing Peter 2pay Paul wht an unfortunate company is GLO network? I reported illegal deduction still ongoing.",
9120,Customer,AmazonHelp,Support inquiry,"@AmazonHelp I got it sorted out, after multiple phone calls ","CONVERSATION HISTORY:
Customer: @115821 I’ve had nothing but trouble with 2/3 of my orders this month and I’m starting to doubt my continuing my prime membership
Agent: @117631 Without posting account information, could you provide us with a few details about the issue? We'd like to help! ^WM

CURRENT MESSAGE:
@AmazonHelp I got it sorted out, after multiple phone calls and failed chat sessions (those were horrible btw)",
9129,Customer,AmazonHelp,Support inquiry,@AmazonHelp Thank you,"CONVERSATION HISTORY:
Customer: @AmazonHelp It looks as though someone has changed the email address linked to my acct &amp; I can no longer log in. Help!
Agent: @117632 We're here to help! Please, reach us phone or e-mail so we can investigate: https://t.co/jzvkhdlrK5 ^EB
Customer: @AmazonHelp I'm UK based. Are the contact details the same?
Agent: @117632 Sorry! Try this one instead: https://t.co/JzP7hlA23B ^TR
Customer: @AmazonHelp Hello? So how do I contact someone if I can't log in?! I'm really concerned about what is happening with my acct and who has access to it!
Agent: @117632 Hi Emma. I understand. You can use this link (which doesn't require a log in) to get in touch: https://t.co/zYVX1Qi29G ^DC

CURRENT MESSAGE:
@AmazonHelp Thank you",
9147,Customer,AmazonHelp,Support inquiry,"@AmazonHelp Solved, Thank You","CONVERSATION HISTORY:
Customer: @115850 order ID ending with 5148337, I paid ur delivery guy 1000 Rs for a 690 Rs order, asked him to add 310 to wallet, Y s it not done?
Customer: @115850 Under the same order ID another product of 617 was delivered, paid 700 asked to add the balance to the wallet, same thing, not added
Agent: @117638 Thank you for providing the details. We are working on it and we'll get back to you soon. ^SY

CURRENT MESSAGE:
@AmazonHelp Solved, Thank You",
9152,Customer,AppleSupport,Support inquiry,@AppleSupport @117639 I’m having the same issue!!! Just star,"CONVERSATION HISTORY:
Customer: Hey @AppleSupport, what’s up with this new autocorrect? Happening on iPhone 7 Plus and iPhone 7. https://t.co/pHA05gv7g7
Agent: @117639 Let's take a look at this issue together. Which iOS version is your device currently running?
Customer: @AppleSupport Well, I️ was running 11.0.3, and now 11.1. Issue persists.
Agent: @117639 Thanks. Please DM us and we'll continue this conversation there. https://t.co/GDrqU22YpT

CURRENT MESSAGE:
@AppleSupport @117639 I’m having the same issue!!! Just started today!",
9160,Customer,AppleSupport,Support inquiry,@AppleSupport It’s showing it’s connected and the battery is,"CONVERSATION HISTORY:
Customer: I got my phone yesterday and it’s already not charging thanks @115858 🙃
Agent: @117641 We want to make sure you can charge and enjoy your new phone. Is it not showing as connected to power when plugged in?

CURRENT MESSAGE:
@AppleSupport It’s showing it’s connected and the battery is decreasing.",
9170,Customer,AppleSupport,Support inquiry,@AppleSupport iOS11.1 consumes battery pretty fast....,"CONVERSATION HISTORY:
Customer: 11.1にあげたらTwitter少し見てるだけだし低電力モードなのに20パーへったぞ。デバイス本体ごと取り換えて数ヶ月だし今回のアプデはミスだな。バッテリー消費悪化してる。 @AppleSupport
Agent: @117645 We offer support via Twitter in English. Contact us for help in your preferred language here: https://t.co/IBIY3vMgPj

CURRENT MESSAGE:
@AppleSupport iOS11.1 consumes battery pretty fast....",
9187,Customer,AppleSupport,Support inquiry,"@AppleSupport Okay, I️ updated my phone the newest version","CONVERSATION HISTORY:
Customer: @AppleSupport hey apple ! What is going on with the iPhones ?? Every time I️ type the letter “I️” I️ get a symbol. Which you see right now!
Agent: @117650 Let's team up and get the exclamation point working right. Which model do you have? Is iOS 11.1 installed?
Customer: @AppleSupport I️ have 11.0.3
Agent: @117650 The first step we want to take is to back it up, then update it to iOS 11.1 to rule that out: https://t.co/80YRnjDFDk

CURRENT MESSAGE:
@AppleSupport Okay, I️ updated my phone the newest version",
9190,Customer,AppleSupport,Support inquiry,"@AppleSupport My screen is lagging, my apps are all glitchin","CONVERSATION HISTORY:
Customer: Hey @115858 just wondering why this new update has had my phone going bananas all day so far?? Please enlighten me.
Agent: @117651 You've come to the right place. What seems to be going on with your phone?

CURRENT MESSAGE:
@AppleSupport My screen is lagging, my apps are all glitching, your new screen updates are slowing my processsing speed down. Y’all are killin me fr yo",
9312,Customer,Uber_Support,Support inquiry,@Uber_Support It's not you guys. It's @117115 @McDonalds onl,"CONVERSATION HISTORY:
Customer: Our customers want convenience – and we’re delivering, literally @117115 @115877 https://t.co/SlzyErWvNr https://t.co/BNThdBZb0Y
Customer: @117658 @117115 @115877 We don't just want #Convenience!!!! We want you to get our orders correct!!! @117115 @McDonalds  #ihatemcdonalds
Agent: @117657 Here to help! Please send us a note at https://t.co/1HQv7maoLK and we'll be happy to look into this for you.

CURRENT MESSAGE:
@Uber_Support It's not you guys. It's @117115 @McDonalds only! They have terrible #customerservice and I am tired of it. #sadface #iloveuber",
9326,Customer,Uber_Support,Support inquiry,@Uber_Support I submitted again through the link you provide,"CONVERSATION HISTORY:
Customer: @Uber_Support when will you update your in app location services for Edmonton, Alberta, Canada? Uber drivers never find our area Maple Crest
Agent: @117663 We can take a look! Send us a note via https://t.co/QDn91HzZV0 so our team can get in touch.

CURRENT MESSAGE:
@Uber_Support I submitted again through the link you provided me.",
9352,Customer,Delta,Support inquiry,@Delta Because of the change my sky miles now says the fligh,"CONVERSATION HISTORY:
Customer: Thank you @Delta for getting us on the next flight out of LGA with only minutes to spare at the gate. We will make our connection :)
Agent: @117669 That's great, Jamie! I'm happy to hear you will make your flt. :-) *AAB

CURRENT MESSAGE:
@Delta Because of the change my sky miles now says the flights weren't eligible. Can this be sorted?",
9356,Customer,SpotifyCares,Support inquiry,@SpotifyCares I'm new at this how do i DELETE and what's dm,"CONVERSATION HISTORY:
Customer: @SpotifyCares 
Help on my spotify card please
Agent: @117670 Hey Eva! We've just sent you a DM. Let's continue chatting there /NS
Customer: @SpotifyCares Here is this pop up that keeps coming up
Agent: @117670 Thanks, but we'd suggest deleting your tweet as it contains some sensitive info. Can you send it via DM? Let's continue chatting there /CH

CURRENT MESSAGE:
@SpotifyCares I'm new at this how do i DELETE and what's dm",
9365,Customer,SpotifyCares,Support inquiry,@SpotifyCares Done - but disappointed this post has been run,"CONVERSATION HISTORY:
Customer: @115888 @SpotifyCares When will you add an explicit filter?  My kids don't want to hear those songs.
Agent: @117672 2: recommend showing your support for the idea here: https://t.co/CdI1SY9KZE /KB

CURRENT MESSAGE:
@SpotifyCares Done - but disappointed this post has been running since 2012 and nothing has been done about it.  #GiveListenersTheChoice",
9383,Customer,SpotifyCares,Support inquiry,@SpotifyCares Okay sent,"CONVERSATION HISTORY:
Customer: @SpotifyCares please fix ASAP I hate Apple Music I don’t want to use them 😩
Agent: @117673 Hey, help's here! Is it still missing after logging out, restarting the app, then logging back in? Let us know how it goes /SJ
Customer: @SpotifyCares Yes! It is a constant problem on the iOS 11 update. Like I said I’m not the only 1 encountering the problem.
Agent: @117673 Thanks. Can you try reinstalling the app? You can find the steps for your device at https://t.co/cxGHt0bCR8. Keep us posted /SJ
Customer: @SpotifyCares Then after about 5 hours it glitches again
Agent: @117673 Will it be possible if you can log in to another device? Give us a shout if anything comes up /SJ
Customer: @SpotifyCares I have logged in to multiple devices as well. All iPhones with iOS 11 updates. Same problem
Agent: @117673 Hmm. Could you give us the exact iOS 11 and Spotify app versions you're using? We'll see what else we can suggest /JU
Customer: @SpotifyCares iOS 11.0.3 and the Spotify version is 8.4.25
Agent: @117673 Just to check, are you able to play music fine, but the lock-screen controls are unavailable? We'll keep an eye out for your reply /MU
Customer: @SpotifyCares Yes the music works fine no problem. Just the lock screen functionality has completely disappeared
Agent: @117673 Can you DM us your account's email address? We'll take a look backstage /KC https://t.co/ldFdZRiNAt

CURRENT MESSAGE:
@SpotifyCares Okay sent",
9387,Customer,SpotifyCares,Support inquiry,@SpotifyCares Thanks. If you want to see the finest release ,"CONVERSATION HISTORY:
Customer: Love these detailed updates from @115888 / @SpotifyCares - so great to download nearly 100MB of ???? each week or two! https://t.co/1s2FST7vuY
Agent: @117674 Hi Caspar. Thanks for bringing this up. We’re always testing things in order to improve &amp; we'll pass on your thoughts to our devs /JU

CURRENT MESSAGE:
@SpotifyCares Thanks. If you want to see the finest release notes known to man, check out the Argos app's release history. They add brand value!",
9403,Customer,British_Airways,Support inquiry,@British_Airways I tried to purchase food (bacon bap/sandwic,"CONVERSATION HISTORY:
Customer: @British_Airways flight BA0471- 3 hour delay on Tarmac with loads of kids onboard no food/drink provided #jokeairline #notimpressed
Agent: @117680 We're so sorry for the delay, Sheena. I know the was then an aircraft change, I hope the crew updated you.  Did you purchase any food? ^Dani

CURRENT MESSAGE:
@British_Airways I tried to purchase food (bacon bap/sandwich) and drink for my 3 children but they ran out (we were in row 14).so they had nothing.",
9408,Customer,comcastcares,Support inquiry,@comcastcares that feature used to be there - not now :-(,"CONVERSATION HISTORY:
Customer: @115900 DVR will only let me add max 30 minutes to the 3 hour #worldseries broadcast. seems reasonable probably won’t miss anything.
Agent: @117682 Hello there should be an auto extend feature for sports recordings. - Matt

CURRENT MESSAGE:
@comcastcares that feature used to be there - not now :-(",
9413,Customer,comcastcares,Support inquiry,@comcastcares How’s that research going? My internet still g,"CONVERSATION HISTORY:
Customer: @comcastcares for the last two weeks, my connection periodically goes down for 4-5 minutes at a time. I've rebooted my modem regularly &amp; your tech support hasn't been able to help. https://t.co/WQXyPOMsPq
Agent: @117683 Hello, let me do some research on the account to see what is causing this problem. Please DM for assistance, thank you. -DP

CURRENT MESSAGE:
@comcastcares How’s that research going? My internet still going down regularly. https://t.co/VqX0XwaFdq",
9424,Customer,TMobileHelp,Support inquiry,"@TMobileHelp Looking for the best deal on an S8, I8 or HTC U","CONVERSATION HISTORY:
Customer: @115911 @ATT @115714 @115725 .  I currently have Verizon and due for an upgrade. They won't give me a deal.  Give me a good deal and I switch tomorrow.
Agent: @117688 Joining the #MagentaFamily would be the best treat of the night! Send us a DM, and we can make sure you're saving $$. 😄 *TarynS

CURRENT MESSAGE:
@TMobileHelp Looking for the best deal on an S8, I8 or HTC U11.  Longtime Verizon customer.",
9444,Customer,TMobileHelp,Support inquiry,@TMobileHelp Brendan transferred me (7th time tonight). The ,"CONVERSATION HISTORY:
Customer: iPhone X order cancelled. Email e-sig = bad UX. Now I have to wait another month. You’re killing me @115911 😤📲🔪💔
Customer: @117691 Sophia, we realize this is an exciting time. I'm glad to hear we now have your e-signature and your order is on the way. *GiselleM
Customer: @115911 I was first in your store on the 27th, it’s a shame the e-sig isn’t an electronic form signed in stores, lot of time/energy wasted. 😞
Agent: @117691 Whats going on Sophia? DM us and we'll check this out! *MelJ
Customer: @TMobileHelp That was a terrible 2 hr customer service experience, was transferred internally to an expired #, 6 transfers 2 dropped calls.
Customer: @TMobileHelp I don’t have words for how frustrated I am by the lack of professionalism, accountability, and ability to resolve the problem.
Agent: @117691 Let's turn this around for you right away! Shoot us a DM and we can help! https://t.co/znHA9pL0mM *BrendanLee
Customer: @TMobileHelp I’ve been down this rabbit hole before... sending another DM, 🤞🙏
Agent: @117691 Thank you for sending that DM Sophia! I will meet you back in the DM's right now! *BrendanLee

CURRENT MESSAGE:
@TMobileHelp Brendan transferred me (7th time tonight). The next person kept me up until 1am only to tell me he lacks credentials to place the order.",
9455,Customer,AmericanAir,Support inquiry,@AmericanAir Cheers!!! See you's in 12 hrs!!,"CONVERSATION HISTORY:
Customer: Flying @AmericanAir tomorrow to Vegas for @644 big 3.0!!!! Can't wait!
Agent: @117695 We're excited to have you on board! Thanks for letting us take you on this #AAdventure.
Customer: @AmericanAir Any tips on how to relax on a long haul flight? #nervousflyer
Agent: @117695 Wear comfy clothes, stretch prior to boarding and throughout the flight. Also, make sure you drink plenty of water.

CURRENT MESSAGE:
@AmericanAir Cheers!!! See you's in 12 hrs!!",
9489,Customer,ChipotleTweets,Support inquiry,"@ChipotleTweets Thanks, Becky! I sent a comment :) #Chipotle","CONVERSATION HISTORY:
Customer: @ChipotleTweets Your Twitter confused me today... I thought the $3 special for costumes started at 3, but San Francisco refused me until 4!
Agent: @117709 That shouldn't happen. Please tell us more here: https://t.co/Ax7W1Dx3Y9 -Becky

CURRENT MESSAGE:
@ChipotleTweets Thanks, Becky! I sent a comment :) #Chipotlecustomerservice",
9509,Customer,ChipotleTweets,Support inquiry,@ChipotleTweets Because being a graduate student consumes my,"CONVERSATION HISTORY:
Customer: Highly disappointed that I wasn’t able to enjoy a $3 burrito from @ChipotleTweets #tragic 😪
Agent: @117719 Oh no! Why not? -Becky

CURRENT MESSAGE:
@ChipotleTweets Because being a graduate student consumes my entire life 😪😪😪",
9522,Customer,ChipotleTweets,Support inquiry,@117722 @117721 @ChipotleTweets 😂😂😂,"CONVERSATION HISTORY:
Customer: I AM TRYING NOT TO HIT YALL WITH ANY SPOILERS BUT I RELATE TO STEVE IN A LOT OF WAYS AND HONESTLY WHAT THE FR*CK.
Customer: I NEED TO STRESS EAT @ChipotleTweets I AM DISTRAUGHT
Agent: @117721 We're here for you! Burritos aplenty.
Customer: @ChipotleTweets i love you chipotle mexican grill
Customer: @117721 @ChipotleTweets you guys are relationship goals

CURRENT MESSAGE:
@117722 @117721 @ChipotleTweets 😂😂😂",
9557,Customer,sprintcare,Support inquiry,"@sprintcare Again, contact is Ashley Wisniewski - 312.890.71","CONVERSATION HISTORY:
Customer: @67723 Could you confirm @115714 falls within your office's jurisdiction?  I have been defrauded, @sprintcare refuses to mediate.
Agent: @117733 Hello Michael! We will send you a DM shortly.
Customer: @sprintcare @67723
Agent: @117733 We regret to hear of your recent experience and we want to help. We will reach out to you momentarily to address your account concerns.
Customer: @sprintcare Still nothing 2 hours later, our definitions of ""momentarily"" are not aligned.  Ashley @ 312.890.7112 - please contact. FYI@Koster4Missouri
Agent: @117733 We apologize for the delay. Your assigned analyst will be contacting you shortly.

CURRENT MESSAGE:
@sprintcare Again, contact is Ashley Wisniewski - 312.890.7112.  She IS an account holder.",
9564,Customer,VerizonSupport,Support inquiry,"@VerizonSupport Yes, the box needed to be replaced.","CONVERSATION HISTORY:
Customer: @115722 How can I contact you by email? You sent us a replacement box and it's filled with dust - a fire hazard. We can't use it.
Agent: @117737 Our apologies, allow us to assist you from here. Is the box sent a Set top box for TV services? ^JRA
Customer: @VerizonSupport What does that mean? We have a DVR cable box that stopped working after having it for 2 months. They sent a replacement.
Agent: @117737 Not sure how that was sent out but we do apologize if that was how it arrived. Were we looking to replace that box at this time? ^RMD

CURRENT MESSAGE:
@VerizonSupport Yes, the box needed to be replaced.",
9575,Customer,AskPlayStation,Support inquiry,@AskPlayStation Done. Thanks,"CONVERSATION HISTORY:
Customer: @AskPlayStation hi, who do i email regarding my horizon platinum theme? it has been quite a while since i platinumed the game but i haven't received any email yet
Agent: @117739 Hi there, Glad to assist! please check the following article to receive further assistance and information:  https://t.co/SZ3CBiLHha
Customer: @AskPlayStation everything is in order, still no email received, it has been more than 2 weeks. do you have a support email? can't find anywhere.
Agent: @117739 Hi there. Please follow us via Twitter so we can send you a DM with further instructions. Thanks!

CURRENT MESSAGE:
@AskPlayStation Done. Thanks",
9587,Customer,AskPlayStation,Support inquiry,@AskPlayStation thank you for your help!,"CONVERSATION HISTORY:
Customer: @AskPlayStation hi, my playstation 4 freezes everytime i play a game. i've tried everything, i don't know how to fix it, what do i do?
Agent: @117741  Sorry to know that. Do you see any kind of error message or error code?
Customer: @AskPlayStation no, during gameplay, the screen freezes completely and there's no audio. it happens about 2 hours into playing a game.
Agent: @117741  It happens with all the games or just one game? If is just one game, did you try to uninstall and re-install it?
Customer: @AskPlayStation i tested it and it works with all games i've played.
Agent: @117741 Please start your system in safe mode and select restore default settings. Steps here: https://t.co/NiCy6xiXKC
Customer: @AskPlayStation will this erase my game data if i restore default settings?
Agent: @117741  No these steps won't delete your game data.

CURRENT MESSAGE:
@AskPlayStation thank you for your help!",
9591,Customer,AskPlayStation,Support inquiry,"@AskPlayStation It's okay now, the e-mail just took an etern","CONVERSATION HISTORY:
Customer: @AskPlayStation I'm trying to create an account but I still haven't received the verifying e-mail (no inbox, no spam). Help.
Agent: @117742 Hello Nicolas! For assistance please follow us and send us a Direct Message, we look forward to your reply.

CURRENT MESSAGE:
@AskPlayStation It's okay now, the e-mail just took an eternity to arrive. Thanks anyway !",
9601,Customer,AskPlayStation,Support inquiry,@AskPlayStation Can we get a remake of war of the monsters? ,"CONVERSATION HISTORY:
Customer: Can we get a remake or sequel to this game please https://t.co/DdkJyNpMzI
Customer: @AskPlayStation
Agent: @117746 Hi There! How can we help you today?

CURRENT MESSAGE:
@AskPlayStation Can we get a remake of war of the monsters? fund a remake for real",
9606,Customer,ATVIAssist,Support inquiry,@ATVIAssist No thank you very much! I didn't know that steam,"CONVERSATION HISTORY:
Customer: @ATVIAssist Do you happen to know when #CODWWII will be released on steam? I know it's supposed to be the 3rd but my steam says the 4th
Agent: @117747 Hi there, the game will be launch at this Friday, that is a glitch on steam. Any other inquiry let me know ^BW
Customer: @ATVIAssist Thanks for the info! Will the game unlock on steam on the 3rd American time? Or is it based on your time zone and where you live?
Agent: @117747 Hey there, it should be available at midnight on the third in your timezone! Is there anything else I can help with today? ^KO

CURRENT MESSAGE:
@ATVIAssist No thank you very much! I didn't know that steam released games according to your time zone! Thanks for the information!",
9610,Customer,ATVIAssist,Support inquiry,@ATVIAssist Cache is cleared and still not reverting back to,"CONVERSATION HISTORY:
Customer: @ATVIAssist  I just got disconnected from the Black Ops 2 servers and now all my stats are gone.
Agent: @117748 Hello there, do you have a screenshot of your stats prior? Also have you tried to clear your cache and power cycle ? ^RK

CURRENT MESSAGE:
@ATVIAssist Cache is cleared and still not reverting back to original stats",
9625,Customer,AdobeCare,Support inquiry,"@AdobeCare I think it’s me, not you.  I’m a newb, lol. I","CONVERSATION HISTORY:
Customer: Well, I’m editing in Lightroom and my photos look like shit when I export them?
Agent: @117752 Hi, we’re sorry about this- can you let us know more about what’s happening? We’re here to help! ^Madison

CURRENT MESSAGE:
@AdobeCare I think it’s me, not you.  I’m a newb, lol. I",
9629,Customer,AdobeCare,Support inquiry,@AdobeCare I solved the problem it was my fault lol didn't t,"CONVERSATION HISTORY:
Customer: Aye who can help me with Adobe illustrator pls my shit comes out blurred and it's 1500x500
Agent: @117753 Hi, we’re sorry about this- is this happening with all images? Which version are you using? We’re here to help! ^Madison

CURRENT MESSAGE:
@AdobeCare I solved the problem it was my fault lol didn't think y'all would find this",
9638,Customer,AdobeCare,Support inquiry,"@AdobeCare @117754 It‘s no big problem at all, but it should","CONVERSATION HISTORY:
Customer: @117339 @AdobeCare When I download InDesign CC 2018 now, is the bugfix (https://t.co/7rMD1lhumr) included or must I run it separately?
Customer: @117755 @117339 @AdobeCare I believe ""not included""
Customer: @117754 @117339 @AdobeCare Believing is not knowing…
Customer: @117755 @117339 @AdobeCare CC 2018 installiert, dann Bug-Fix. Keine Meldung, dass Installation nicht nötig ist. Also ist es nicht in CC 2018 eingeschlossen. :-)
Agent: @117754 @117755 Hi there, you'll have to run it separately as of right now. Sorry for any inconvenience this has caused! ^Wren

CURRENT MESSAGE:
@AdobeCare @117754 It‘s no big problem at all, but it should be communicated. There‘s even no new version no. 13.0.0.1 or whatever after bugfixing. #confusing",
9657,Customer,AdobeCare,Support inquiry,@AdobeCare Thanks Adobe! #greatcustomerservice,"CONVERSATION HISTORY:
Customer: Adobe releases Creative Cloud 2018 with new Illustrator, Photoshop, InDesign, &amp; more! https://t.co/HLytXYZIW2
Customer: @117758 Notice a bad glitch in InDesign after update 😖
Agent: @117757 @117758 Sorry to hear that! Let us know if you need any help. ^Britt
Customer: @AdobeCare @117758 Hi Britt! The Eyedropper tool tends to crash InDesign when I'm copying a style from one table to another. Never did this before until update
Agent: @117757 Hi Lee, the InDesign team is aware of this frustrating bug and is working on a fix. We recommend rolling back to the previous version. ^Wren
Customer: @AdobeCare Can you let me know when this is fixed? Then I can update it to the 2018 ver
Agent: @117757 We just recently pushed a fix for this, so you can go ahead and update! Here's how to fix the issue: https://t.co/gtRu6Cu8bF ^Wren
Customer: @AdobeCare Thanks! Should I still keep the older version just in case?
Agent: @117757 You can! Theres a pop-up in the CC App that will come up asking if you want to keep the old version before you update. ^Wren
Customer: @AdobeCare Got it! I decided to delete since I’m runnng out of space.
Agent: @117757 Please let us know in case you need any further changes. ^Raj

CURRENT MESSAGE:
@AdobeCare Thanks Adobe! #greatcustomerservice",
9668,Customer,AdobeCare,Support inquiry,@AdobeCare That 2015 version wouldn't open my 2015.3 project,"CONVERSATION HISTORY:
Customer: @115777 @14482 I reinstalled everything. How I am supposed to download PP 2015.3?? I tried 2015 &amp; it was too old to open my project. https://t.co/5g1zh9EohX
Agent: @117759 Hi Pat, it seems like 2015.3 is already installed. What is the version in which the project is created? Thanks. ^VS
Customer: @AdobeCare Is the only 2015 option actually 2015.3? It wouldn't open my project which was created in .3 .
Agent: @117759 Please check the exact dot version of installation https://t.co/wEsWe8h8lw Thanks. ^VS
Customer: @AdobeCare Well that disk has been formatted... Is it too much to ask to include the exact version in the download app?
Agent: @117759 Hi Pat, please try the link mentioned on this page: - https://t.co/T0NFH7OBLV and let us know if this works.^AS

CURRENT MESSAGE:
@AdobeCare That 2015 version wouldn't open my 2015.3 project. I guess I have to upgrade my projects...",
9671,Customer,AdobeCare,Support inquiry,@AdobeCare W10. Issue with immediate Illustrator crash on la,"CONVERSATION HISTORY:
Customer: Dear @115778, I really, really needed you to work today.... But after multiple restarts, reinstalls later it's obvious you've decided we're not going to hang today. https://t.co/MO4Ezv4g9V
Agent: @117760 Oh no! Which OS are you running? Have you tried opening Illustrator on a new user account on your computer? ^Wren

CURRENT MESSAGE:
@AdobeCare W10. Issue with immediate Illustrator crash on launch was solved with setting default printer to Adobe - a fix I eventually found in the Forums. Weird - but it worked!",
9682,Customer,AdobeCare,Support inquiry,"@AdobeCare Already done, thank you so much.","CONVERSATION HISTORY:
Customer: Hello there @AdobeCare,

Just installed @117339 2018
and got my first bug; truncated options when UI Scaling is disabled fig1/enabled fig2 https://t.co/2QX8B5ceSw
Agent: @117761 Hi there,
I am sorry, was not able to find out the issue looking at the screenshot. Would you please DM more details, so that we can check? https://t.co/iuwZCjz4Or
Customer: @AdobeCare Hi, just take another look at the attached images, all options have their descriptions truncated and replaced with an ellipsis.
Agent: @117761 Thanks for the clarification. Showing fine at our end. What's the resolution of your monitor/display? What's the OS used? Is it ID CC 2018? https://t.co/wvoWui30xi
Customer: @AdobeCare Thank you for checking.

I'm on a Surface Pro 3, Windows 8.1, ID CC 2018, 2160 x 1440 px
Agent: @117761 Please try 2736x1824 (recommended) resolution &amp; check. I am not able to set the res you specified, but I tried 2048x1536 &amp; got the issue. https://t.co/iuwZCjz4Or
Customer: @AdobeCare Hello, 2160 x 1440 is the max supported resolution on the Surface Pro, I tried lower resolutions and the issue is always there too.
Agent: @117761 Can you please submit a bug report to the InDesign team here: https://t.co/6fwxgVeOGe ^Wren

CURRENT MESSAGE:
@AdobeCare Already done, thank you so much.",
9691,Customer,MicrosoftHelps,Support inquiry,@MicrosoftHelps Seems to be good.  Support responded by emai,"CONVERSATION HISTORY:
Customer: @MicrosoftHelps Is there anyway to update the shipping address on an existing Microsoft Store order? I just recently moved.
Agent: @117762 Hello, James. Just doing a follow-up on your case. Are you successful in updating your address?
Customer: @MicrosoftHelps I was helped when I called support again. However, the address hasn't changed in the order status yet.
Agent: @117762 Just checking if you need further help. Is everything good now? https://t.co/3qcAsLFkaY

CURRENT MESSAGE:
@MicrosoftHelps Seems to be good.  Support responded by email saying that the order status won't change online, but the warehouse will ship to the new addr.",
9696,Customer,AirbnbHelp,Support inquiry,@AirbnbHelp There is no issue :),"CONVERSATION HISTORY:
Customer: Me traje la mini extensión y tiene tierra. Los conectores japos de mi @115783 no tienen entrada -.-‘
Agent: @117763 Hi Dazia, we want to look into this and assist you. We've located your reservation and will have a specialist contact you shortly via email.

CURRENT MESSAGE:
@AirbnbHelp There is no issue :)",
9707,Customer,XboxSupport,Support inquiry,"@XboxSupport Thanks, I put the cable at ""to TV"" and worked!!","CONVERSATION HISTORY:
Customer: @XboxSupport my xbox one turn on but doesn't appears anything on the tv
i use the hdmi cable that comes with the xbox
Customer: @117765 Have you plugged HDMI into HDMI out on the console? There are 2 HDMI ports on back you want HDMI out not in#XboxHelp
Customer: @117766 I tried it and the same thing :(
Agent: @117765 Hi there! Just to check, are you plugged into a power strip, surge protector, or directly into a wall socket?  ^JS
Customer: @XboxSupport Yes! The console turn on but the TV keeps ""No signal"" :P
Agent: @117765 Thanks for that! Let's try the steps here: https://t.co/6sZTwNPUmo to see if that helps with your console.  ^RR

CURRENT MESSAGE:
@XboxSupport Thanks, I put the cable at ""to TV"" and worked!! Thanks for the fast attendance!!",
9737,Customer,Ask_WellsFargo,Support inquiry,"@Ask_WellsFargo Chelsea, Manhattan, 6th ave","CONVERSATION HISTORY:
Customer: .@116827 has pathetic customer service all around. Shame on me for still banking with a morally corrupt business. But still, they suck
Agent: @117778 Why do you feel this way, Ihsan? I want to know more about your experiences (no acct #) and see how I can improve them. ^EB
Customer: @Ask_WellsFargo Sitting &amp; waiting at a branch for 15 minutes w/ no line and no good explanation why when I ask
Agent: @117778 Sorry for the experience. Tell me the exact location of the branch you visited &amp; I'll share this feedback appropriately. ^HH

CURRENT MESSAGE:
@Ask_WellsFargo Chelsea, Manhattan, 6th ave",
9762,Customer,AsurionCares,Support inquiry,@AsurionCares You have no replacement screens for the 6s and,"CONVERSATION HISTORY:
Customer: @AsurionCares Why must I pay $149 versus my contracted $29 due to your inefficiency.    Customercare is an oxymoron for your company.
Agent: @117788 Hi Gary, can you tell us a little more about what's going on? ^KF

CURRENT MESSAGE:
@AsurionCares You have no replacement screens for the 6s and don't know when to expect. Your inventory issue becomes my problem.",
9767,Customer,AmazonHelp,Support inquiry,"@AmazonHelp Order date
06-Oct-2017
Order #
406-8895581-14131","CONVERSATION HISTORY:
Customer: Worst experience in shopping no product no refund , been 40 days. F&amp;@694 it @115821
Agent: @117789 Please report this to our support team here: https://t.co/TdDksLo6Mf and we'll look into this. 2/2 ^HD

CURRENT MESSAGE:
@AmazonHelp Order date
06-Oct-2017
Order #
406-8895581-1413106
Order total
   3,719.00 (1 item) check out yourself",
9781,Customer,AmazonHelp,Support inquiry,@AmazonHelp I've returned several things lately and don't wa,"CONVERSATION HISTORY:
Customer: I seem to have bad luck in trying to get undamaged books from @115821. Sometimes it's damaged in delivery, but this one was packed this way. https://t.co/HnwtSE7e31
Agent: @117790 I'm sorry about the damage, Raymond! Have you explored options for refund/replacement here: https://t.co/Y5jpI9gRhE? ^SH

CURRENT MESSAGE:
@AmazonHelp I've returned several things lately and don't want Amazon to think I'm abusing the return policy.",
9791,Customer,AmazonHelp,Support inquiry,@AmazonHelp I already chatted with help and am still not con,"CONVERSATION HISTORY:
Customer: Ordered cases for our new iPhone X and @115821 sent me iPhone 8 cases for BOTH ones. NOT THE SAME PHONE! #pissed
Agent: @117793 I'm sorry you didn't receive the correct items! I recommend trying the steps here for wrong items: https://t.co/3B6iUhjS3U ^SJ

CURRENT MESSAGE:
@AmazonHelp I already chatted with help and am still not convinced i'll get the right item because clearly the warehouse workers can't read.",
9807,Customer,AmazonHelp,Support inquiry,@AmazonHelp I have filled the details,"CONVERSATION HISTORY:
Customer: @115821 , #fake I phone 7 received from amazon , order India - order ID: 171-8960684-6076325, amazon India has refused to replace @115850 https://t.co/iHDriblZw9
Agent: @117791 Sorry for the trouble with the order. We've emailed you here: https://t.co/DhLEO2IzjY Kindly check and respond. Please 1/2
Customer: @AmazonHelp Haven’t received any mail, can you please resend mail to __email__
Agent: @117791 I just checked and can see that we have sent you an email correspondence. Request you to please check your spam folder. ^MK
Customer: @AmazonHelp I have checked there is no email from amazon, and amazon is in safe senders list.
Agent: @117791 If you haven't received any email, please share your details here: https://t.co/GIJyeYqKE0 and we'll get back to you. ^HD

CURRENT MESSAGE:
@AmazonHelp I have filled the details",
9831,Customer,AppleSupport,Support inquiry,@AppleSupport started before downloading 11.1 (was never abl,"CONVERSATION HISTORY:
Customer: @applesupport please help us lmao https://t.co/EngGZoVACe
Agent: @117806 Your keyboard is important and we'd like to help get it working right. When did this start and which device model is it?

CURRENT MESSAGE:
@AppleSupport started before downloading 11.1 (was never able to download 11.0.3). hasn't gotten better since update",
9835,Customer,AppleSupport,Support inquiry,@AppleSupport 11.0.3,"CONVERSATION HISTORY:
Customer: Dear @AppleSupport why is my letter I️ not working by itself in email or text? When I️ type the letter “I️” the attached happens. https://t.co/2qZ7Tjx5cF
Agent: @117807 We're here to help. Which version of iOS do you have installed on your device? You'd see this in Settings &gt; General &gt; About.

CURRENT MESSAGE:
@AppleSupport 11.0.3",
9843,Customer,AppleSupport,Support inquiry,@AppleSupport Thank you!,"CONVERSATION HISTORY:
Customer: FOCO AQUI @AppleSupport Q Q TÁ ACONTECENDO ~ iOS 11 guloso https://t.co/Eonz2w9xPi
Agent: @117810 Since our Twitter support is available in English, get help at https://t.co/IBIY3vMgPj or join https://t.co/pvaOFfPbjt
Customer: @AppleSupport I said the battery is dying too fast. Is that because of the new iOS 11.0.3? I’m pretty worried about it 😕 I can’t trust my phone anymore
Agent: @117810 We're here to help. Let's update your device to iOS 11.1 and test to see if the issue persists: https://t.co/80YRnjDFDk

CURRENT MESSAGE:
@AppleSupport Thank you!",
9848,Customer,AppleSupport,Support inquiry,@AppleSupport iMessage &amp; snapchat,"CONVERSATION HISTORY:
Customer: @AppleSupport hey my i on my keyboard isn't working and i just updated my phone to the latest IOS
Agent: @117811 Thank you for reaching out. May we ask which apps you're seeing the keyboard issue with?

CURRENT MESSAGE:
@AppleSupport iMessage &amp; snapchat",
9856,Customer,Uber_Support,Support inquiry,@Uber_Support Pretty sure I detailed what the issue is blata,"CONVERSATION HISTORY:
Customer: Why is everyone that works for @115873 literally the worst driver on the road at any given time
Agent: @117813 Here to help! Please DM us your email address and provide more details about your concern, so we can further assist.

CURRENT MESSAGE:
@Uber_Support Pretty sure I detailed what the issue is blatantly. Y’all have no filter whatsoever on the driving skills of who you hire.",
9860,Customer,Uber_Support,Support inquiry,@Uber_Support but i dont register yet thanks to the sms code,"CONVERSATION HISTORY:
Customer: @Uber_Support today dont works the sms code for registration new account?
Agent: @117814 Here to help. Send us a note at https://t.co/dwDjAokZht so our team can connect.

CURRENT MESSAGE:
@Uber_Support but i dont register yet thanks to the sms code",
9878,Customer,British_Airways,Support inquiry,@British_Airways Too long a story for 140 characters. Feel f,"CONVERSATION HISTORY:
Customer: Appalling commercial/customer awareness @British_Airways this evening. My patience and like for Avios points are almost at an end.
Agent: @117821 We don't like to hear this, Terry. Can you tell us more? ^Helen

CURRENT MESSAGE:
@British_Airways Too long a story for 140 characters. Feel free to call me",
9901,Customer,British_Airways,Support inquiry,@British_Airways Contacted MasterCard and they referred me t,"CONVERSATION HISTORY:
Customer: @British_Airways 30+ attempts over last 6 weeks to call you about compensation MasterCard that doesn't work. Department not taking calls!
Agent: @117825 We're sorry to hear that, Jon. Our Customer Relations team are available on 0344 493 0787 option 3, followed by option 2, 1/2
Customer: @British_Airways No they're not. Called 30+ times and when you get through it says they are dealing with backlog and won't take any calls. It's a joke
Agent: @117825 Are you contacting them because you're unable to use your CompCard? 2/2 ^DaniH
Customer: @British_Airways Yes - the ATM says to cantact provider - the number on the back of the card is the number you gave me, but it hasn't been working for weeks
Agent: @117825 following link for an updated contact number https://t.co/eZHtMInQRK.^Jo 2/2
Customer: @British_Airways I have tried again today and still can't get through. Could someone from CR please contact me as this is getting ridiculous. Thanks
Agent: @117825 Mastercard need to resolve this issue. We're afraid we're unable to assist you with this. 2/2 ^DaniH

CURRENT MESSAGE:
@British_Airways Contacted MasterCard and they referred me to you. Managed to get through having being transferred from 0800727800 and sorted immediately.",
9911,Customer,comcastcares,Support inquiry,@comcastcares How do I do that ?,"CONVERSATION HISTORY:
Customer: @comcastcares sick of having to reboots big out @115900 x1 box
Agent: @117827 Hello, I can further look into these X1 reboots for you. Can you please DM me the full name and address on the account? -ADW

CURRENT MESSAGE:
@comcastcares How do I do that ?",
9932,Customer,TMobileHelp,Support inquiry,@TMobileHelp The code to claim the free movie from vudu,"CONVERSATION HISTORY:
Customer: Bat’s all, folks! 🦇 Give it up for Dominic S. who just won a spooky trip to London courtesy of #Thankenstein &amp; #TMobileTuesdays! https://t.co/iM0o9hYxKS
Customer: @115911 THANKS...for nothing...cuz.... everything you've done this Tuesday... is worthless.
Customer: @117834 Aww... don't like ice cream, movies or free photo prints? Maybe we'll have something you'll like next week Jon! *KananiB
Customer: @115911 Movie code didn't work, and I have a dairy allergy. MAYBE I'll get the prints... if I have time...
Agent: @117834 Hey Jon, let us look into that code not working. We want to make sure you #GetThanked, DM us. *JoanO
Customer: @TMobileHelp @117834 He is right that code did not work AT ALL !!
Agent: @117835 Hello Jackie, I will be your expert today to get you taken care of. Can you tell me what code didn't work out for you? *TanyaS

CURRENT MESSAGE:
@TMobileHelp The code to claim the free movie from vudu",
9959,Customer,AmazonHelp,Support inquiry,"@AmazonHelp amazon just doesn’t seem to get it together, poo","CONVERSATION HISTORY:
Customer: @116935 worst customer service; got hung up on twice
Agent: @117845 I'm so sorry we've let you down; that's never our intent! We'd like to take a closer look into this and explore options with you. Please reach us by phone or chat when you have a moment for direct assistance:  https://t.co/hApLpMlfHN ^LL
Customer: @AmazonHelp I was on the phone for an hour; kids fire tablet not working , warranty is a lie and your agents are rude.
Agent: @117845 I'm sorry for this poor experience. We'd like to look into this. Please pass your details to us here: https://t.co/vQp02VsuI4 ^RR

CURRENT MESSAGE:
@AmazonHelp amazon just doesn’t seem to get it together, poor customer service, warranty is a scam",
9974,Customer,ChipotleTweets,Support inquiry,"@ChipotleTweets I didn't even know about a boorito promo, Be","CONVERSATION HISTORY:
Customer: I just wanted a @ChipotleTweets treat and they gave me the worst trick. #HappyHalloweeen #TrickOrTreat https://t.co/3siBcybRWa
Agent: @117852 My apologies – we're not accepting online orders tonight for our Boorito promo. It'll be back on again tomorrow. -Becky

CURRENT MESSAGE:
@ChipotleTweets I didn't even know about a boorito promo, Becky. But now I want it. Whatever it is.",
10003,Customer,ChipotleTweets,Support inquiry,@ChipotleTweets @117859 n o...,"CONVERSATION HISTORY:
Customer: posted up @ chipotle to get my $3 burrito https://t.co/5LUVhGnB3u
Customer: @ChipotleTweets  https://t.co/1oEkH01awx
Agent: @117859 Is that... a Stitch onesie?

CURRENT MESSAGE:
@ChipotleTweets @117859 n o...",
10015,Customer,ChipotleTweets,Support inquiry,@ChipotleTweets a Becky with the good hair,"CONVERSATION HISTORY:
Customer: I am here for all of the half-ass costumes at @ChipotleTweets for half-price boo-ritos
Agent: @117863 What's been the best one you've seen? -Becky

CURRENT MESSAGE:
@ChipotleTweets a Becky with the good hair",
10288,Customer,ChipotleTweets,Support inquiry,@ChipotleTweets  https://t.co/L9AF23VNUh,"CONVERSATION HISTORY:
Customer: a thread of me eating @ChipotleTweets like, every day. (sponsor me pls)
Customer: @ChipotleTweets day 1 https://t.co/RQcCGHds92
Customer: @ChipotleTweets day 2 (forgot to take a picture but here’s proof) https://t.co/fRl8edc3f6
Customer: @ChipotleTweets day 3 https://t.co/OyZCIGMUVP
Customer: @ChipotleTweets day 4 https://t.co/tKjYeMc8mc
Customer: @ChipotleTweets day 5 https://t.co/X3iqS4upUH
Customer: @ChipotleTweets day 6 https://t.co/LrG9l6yqJd
Customer: @ChipotleTweets day 7 (one week 🎉) https://t.co/7eK3KRUYzk
Customer: @ChipotleTweets day 8 https://t.co/rXN1y0QFBJ
Customer: @ChipotleTweets day 9 https://t.co/n1PDPPOImo
Customer: @ChipotleTweets day 10 https://t.co/CD0B1WEbeZ
Customer: @ChipotleTweets day 11 https://t.co/lMKkVwUTqX
Customer: @ChipotleTweets day 12 https://t.co/Q5rG5KxG4H
Customer: @ChipotleTweets day 13 https://t.co/TKVVkO91St
Customer: @ChipotleTweets day 14 https://t.co/43f4fDW6i6
Customer: @ChipotleTweets day 15 https://t.co/i7oEdCzn5Z
Customer: @ChipotleTweets day 16 https://t.co/UgdZhbbY8u
Customer: @ChipotleTweets day 17 (halloween aka GUAC TO THE FUTURE) https://t.co/KMJvPw2otG
Agent: @117721 Where you're going, you don't need roads. Just bowls.

CURRENT MESSAGE:
@ChipotleTweets  https://t.co/L9AF23VNUh",
10327,Customer,hulu_support,Support inquiry,@hulu_support Mysteriously came back without either sledge h,"CONVERSATION HISTORY:
Customer: @hulu_support How come I can’t stream ESPN on my (i)phone? It’s an MLS game, not NFL.
Agent: @117872 That shouldn't be! If you restart our app, then go to Browse&gt; Networks &gt;ESPN, any change?
Customer: @hulu_support Nope. Nothing between BTN and Fox.
Agent: @117872 Thanks for checking! Let's go ahead and try these: https://t.co/C3IOhQGizS. If this continues, reach out: https://t.co/6YdK7bvQN7.

CURRENT MESSAGE:
@hulu_support Mysteriously came back without either sledge hammer. Maybe I just didn’t wait long enough to see channels after force quit.",
10335,Customer,hulu_support,Support inquiry,@hulu_support Apple TV,"CONVERSATION HISTORY:
Customer: @hulu_support oh no. It's start bad again. Updated app. And still watching commercials and rewatching old footage.
Agent: @117875 Oh no! Which device are you using? If you try a quick reboot of your device, is there any improvement?

CURRENT MESSAGE:
@hulu_support Apple TV",
10346,Customer,sprintcare,Support inquiry,"@sprintcare No that’s it, I hope this situation gets resolve","CONVERSATION HISTORY:
Customer: @115714 has been good to me but their customer service sucks https://t.co/j1dYloidrM
Customer: @117877 @115714 Exactly, it’s a Customer Service business so how could they be good to you if that is bad, I’d say it’s horrendous
Agent: @117730 Is there anything else we can assist you with today?
Customer: @sprintcare Did you find my phone that I returned to brooklawn nj store that was stolen by an employee  and credit account?
Agent: @117730 This issue is being investigated for you and we will contact you on Thursday with a resolution.
Customer: @sprintcare Ok thank you, will talk then
Agent: @117730 My pleasure. Is there anything else I can assist you with today?

CURRENT MESSAGE:
@sprintcare No that’s it, I hope this situation gets resolved quickly",
10354,Customer,sprintcare,Support inquiry,@sprintcare @117879 I didn’t get this deal either...I got $4,"CONVERSATION HISTORY:
Customer: Get $350 off iPhone X when you pre-order yours with Sprint. #WorksForMe https://t.co/xFaqC6Mt5I
Customer: @115714 I preordered on Friday and didn’t get this deal 😡
Agent: @117879 We would like to look into this for you. Please send us a Direct Message, so that we can further assist you. -JJ

CURRENT MESSAGE:
@sprintcare @117879 I didn’t get this deal either...I got $41 a month, if they’re offering it for $22 a month now that’s crazy I want in on it!",
10409,Customer,Ask_Spectrum,Support inquiry,@Ask_Spectrum I sent a DM,"CONVERSATION HISTORY:
Customer: @Ask_Spectrum why when I call up to reduce the overall cost of my package am I greeted with “We only offer the max speed in your area”? WTF!
Customer: @Ask_Spectrum I just want 20mbps, I don’t need 100mbps!!!
Agent: @117886 I do apologize for the inconvenience. I will be happy to help. Do you mind talking through DM? -JP

CURRENT MESSAGE:
@Ask_Spectrum I sent a DM",
10416,Customer,Ask_Spectrum,Support inquiry,@Ask_Spectrum Okay!  I accept your challenge &amp; expect a ,"CONVERSATION HISTORY:
Customer: I’ve been a @115955 customer for years and have never been treated so poorly by @117890!  I am furious! I need corporates number.
Agent: @117889 Our apologies for any frustrations or inconvenience Kyle. Is there anything we may be able to assist with? ^AP .
Customer: @Ask_Spectrum Yes, I need corporates number!
Agent: @117889 I'm sorry Kyle. There is not a telephone number I am able to provide. However, you are welcome to provide any fee... https://t.co/SFeEUPpVnr
Customer: @Ask_Spectrum If you don’t share it, I will just call the corporate number and ask for the office of the president.
Agent: @117889 We would handle these types of inquiries as we are part of the corporate team. We do not have a number to provide... https://t.co/SFeEUPpVnr

CURRENT MESSAGE:
@Ask_Spectrum Okay!  I accept your challenge &amp; expect a resolution of a Corp ee. My complaint is very fair and my requested resolution will be reasonable!",
10430,Customer,O2,Support inquiry,@O2 Yes. Clicking the link on the priority app was supposed ,"CONVERSATION HISTORY:
Customer: @O2,
Hi there,
Hi I ordered my Lego Advent Calendar through priority but haven't received the snow globe.
Agent: @117893 😔 We'd like to help. Have you contacted the retailer directly about this at all? If you've received other items in your order but not the snowglobe then you'd need to contact them.
Customer: @O2 No I haven't. The original offer was on the O2 priority app with a link to the Lego website. The link was supposed to automatically add the snow globe with the purchase of the advent calender.
Agent: @117893 Ah right, did you apply the promotional code you were given through the app at the checkout?

CURRENT MESSAGE:
@O2 Yes. Clicking the link on the priority app was supposed to automatically add it.",
10475,Customer,VerizonSupport,Support inquiry,@VerizonSupport Yes that didn’t work,"CONVERSATION HISTORY:
Customer: Our cable is down so my mom called @115722. She’s been on hold for over an hour. This is ridiculous
Agent: @117904 That is a long time to wait. We can help here. Are other services down or just the TV?
^HSB
Customer: @VerizonSupport Just the tv
Agent: @117904 What error message is being shown on the TV?
^HSB
Customer: @VerizonSupport None of channels are unavailable. We’ve tried to troubleshoot it but it isn’t working. It isn’t a video/picture issue
Agent: @117904 The ""channel unavailable"" would indicate a possible poor coax/splitter connection. Are all your TVs having the same issue? ^JRA
Customer: @VerizonSupport Yes they’re all having the same issue
Agent: @117904 Do you happen to know where your main splitter is? ^RMD
Customer: @VerizonSupport Yes
Agent: @117904 Please check the connection on your splitter to make sure it is secured.
^NHP
Customer: @VerizonSupport It’s secured. What’s next?
Agent: @117904 We want to try a reset to your home network. Do you know where your back up battery is located?
^JAY
Customer: @VerizonSupport Yes
Agent: @117904 Please press and hold down the ""Alarm Silence"" or ""ONT Reset"" button for about 15 seconds. The network terminal to reboot.
^HSB
Customer: @VerizonSupport I did that. Nothing happened
Agent: @117904 When you reset the battery backup did you wait 5 minutes and reset the router?
^NHP

CURRENT MESSAGE:
@VerizonSupport Yes that didn’t work",
10483,Customer,VerizonSupport,Support inquiry,@VerizonSupport Thank you!,"CONVERSATION HISTORY:
Customer: @115722 how do I get back in to change my router name after a reset? Online support not working and callback feature not working
Customer: @117905 Hello, Check the router label for the orignal log on information.
^NHP
Customer: @115722 Yes but I tried/failed too many times so now I am locked out
Agent: @117905 Unfortunately we cannot override the wait time that it takes to allow continued log in. ^RMD
Customer: @VerizonSupport Do you know how long the wait time is?
Agent: @117905 You can perfrom another factory reset. Just hold it down for about 15 seconds and allow the router a couple mins to reboot.  ^JRA

CURRENT MESSAGE:
@VerizonSupport Thank you!",
10503,Customer,VerizonSupport,Support inquiry,@VerizonSupport It’s a nice simple small claims case,"CONVERSATION HISTORY:
Customer: @115725  is garbage. My office phone hasnt worked right since September. Now the VM PW is suddenly rejected and after 2 weeks they still can’t fix it 🖕🖕🖕Verizon
Agent: @117908 We want to provide the correct support. Is this regarding your Mobile or Business  land line services? ^JRA
Customer: @VerizonSupport Opened second ticket number last Friday and received a call to@my cell that it was corrected. Guess what? it’s not
Customer: @VerizonSupport I was given a device that some idiot sent to redirect my calls which also didn’t work
Agent: @117908 Understood, please follow us and DM the ticket number so we may get started.  ^JRA

CURRENT MESSAGE:
@VerizonSupport It’s a nice simple small claims case",
10513,Customer,BofA_Help,Support inquiry,@BofA_Help Still waiting for help. I have no cash and you lo,"CONVERSATION HISTORY:
Customer: Thanks @116035 for ruining my Halloween!! Did you know BOA can't unlock a debit card over the phone? I work til 6, banks close at 4.
Agent: @117910 Hello, we're here to help. Please let us know if there's something we can help on your account. ^mm https://t.co/CoOXedUuUC
Customer: @BofA_Help Can you unlock my debit card so I can take cash out? CS told me I had to wait until midnight for my card to unlock. @BofA_Help
Agent: @117910 Please use link below to send your full name/ZIP/phone/account type and we’ll follow up with you. ^mm https://t.co/CoOXedUuUC

CURRENT MESSAGE:
@BofA_Help Still waiting for help. I have no cash and you locked my card until midnight. All local branches are closed. @BofA_Help",
10521,Customer,BofA_Help,Support inquiry,@BofA_Help Haha thanks,"CONVERSATION HISTORY:
Customer: @116035 you suck
Agent: @117911 Hello, what happened? We're here to help! Please let us know if there is anything we can do. Thank you. ^cr
Customer: @BofA_Help Haha ruined my life! Thanks!
Agent: @117911 Please let us know If you have any account related concerns we can help with. Thanks. ^cr

CURRENT MESSAGE:
@BofA_Help Haha thanks",
10524,Customer,BofA_Help,Support inquiry,@BofA_Help Feel free to call back. I didn’t hear the phone.,"CONVERSATION HISTORY:
Customer: @116035 explain how I get overdraft charges when I had a positive balance?? https://t.co/HEO2epOSlr
Agent: @117912 I called and left a message with my contact info. Please let me know the best time to reach you. ^ag

CURRENT MESSAGE:
@BofA_Help Feel free to call back. I didn’t hear the phone.",
10534,Customer,CoxHelp,Support inquiry,@CoxHelp I havent. Is there a phone number for that team?,"CONVERSATION HISTORY:
Customer: Wow another price increase from @116021. Started at 40 dollars after promo 6 years ago and it has since doubled.
Agent: @117914 2) Have you spoken with our loyalty team about your monthly rate? -Karen

CURRENT MESSAGE:
@CoxHelp I havent. Is there a phone number for that team?",
10540,Customer,CoxHelp,Support inquiry,@CoxHelp I don’t block anyone. Just go away.,"CONVERSATION HISTORY:
Customer: TONIGHT: Game 6 of the #WorldSeries Astros vs. Dodgers ⚾️
Watch on FOX, FOX Deportes, or FOX Sports GO starting at at 7:30/4:30p https://t.co/KnLpylYoaK
Customer: @116021 Well, I don’t have your service so why are you clogging my timeline?
Agent: @117915, You can block upper right pull down.  = JJ

CURRENT MESSAGE:
@CoxHelp I don’t block anyone. Just go away.",
10551,Customer,XboxSupport,Support inquiry,@117920 I agree @XboxSupport is awesome! #XboxHelp,"CONVERSATION HISTORY:
Customer: Thank you @XboxSupport for your support 😁 got if fixed guys https://t.co/moSI2KklHj
Agent: @117919 Glad to hear you had a great experience! Have a great rest of your day.   ^RR
Customer: @XboxSupport Tell Rhea Mae O. He was a gentleman with me and i had a good time with him
Customer: @117919 @XboxSupport Xbox Support has always been great 🙂 nothing but good experiences with them, both as regular person and as reviewer

CURRENT MESSAGE:
@117920 I agree @XboxSupport is awesome! #XboxHelp",
10574,Customer,idea_cares,Support inquiry,@idea_cares I still find that my SIM is not recognised and I,"CONVERSATION HISTORY:
Customer: @idea_cares Kindly restore my number, my account has had a balance greater than Rs20/ 9850873091 as per your message of 6-10-17see complaint
Agent: @117925 We're awaiting for your response to resolve ur issue. Pls provide the same within next 24 hrs. Rgds, Idea Care

CURRENT MESSAGE:
@idea_cares I still find that my SIM is not recognised and I am unable to connect, I get a msg ""SIM registration failed"" All your responses are so vague continually asking me to explain the problem, please review my concerns and then give me a proper recourse. Thanks, Noorel",
10619,Customer,DoorDash_Help,Support inquiry,@DoorDash_Help DM'd,"CONVERSATION HISTORY:
Customer: @DoorDash_Help Just DM'd you guys, had an awful lunch experience.
Agent: @117942 Thanks for this message. Sorry for the trouble.  Please DM us with your email address &amp; we'll reach out right away!

CURRENT MESSAGE:
@DoorDash_Help DM'd",
10634,Customer,AmazonHelp,Support inquiry,"@AmazonHelp Thank you, I will.","CONVERSATION HISTORY:
Customer: How does amazon have late shipping? Multi billion dollar company @115821
Agent: @117948 I'm sorry we let you down! Do you have a current order that has passed the delivery date? ^DD
Customer: @AmazonHelp I have an order that was supposed to be here on the 25th which has not arrived yet.
Agent: @117948 What does the current tracking indicate? Also, who does the tracking indicate as carrier?: https://t.co/PyACxvY8Qo ^VB
Customer: @AmazonHelp My apologies, it says now that the delivery date is October 31st. Still hasn't come though.
Agent: @117948 Hi Mark!

Deliveries will run up until 21:00.  Let us know what happens.

Chuck H

CURRENT MESSAGE:
@AmazonHelp Thank you, I will.",
10671,Customer,AppleSupport,Support inquiry,"@AppleSupport /2...2 docs did open, duplicated themselves, n","CONVERSATION HISTORY:
Customer: @AppleSupport So, since updating the latest iOS, Pages no longer lets me open any docs, all show,  just don’t open. Suggestions? Anyone?
Agent: @117959 Can you confirm what version of iOS you updated to? Also, have you tried restarting your device?

CURRENT MESSAGE:
@AppleSupport /2...2 docs did open, duplicated themselves, now none open after I closed them.",
10687,Customer,AppleSupport,Support inquiry,@AppleSupport I️ figured it out thanks 🤘🏽,"CONVERSATION HISTORY:
Customer: @115858 why everytime I️ type an “I️” this extra A and box pops up ??
Agent: @117965 Let's work on a solution together. To start, which device model and exact iOS version are you using?

CURRENT MESSAGE:
@AppleSupport I️ figured it out thanks 🤘🏽",
10694,Customer,AppleSupport,Support inquiry,@AppleSupport Well it is now 11 days after and still no sign,"CONVERSATION HISTORY:
Customer: @AppleSupport why do I not have my October challenge ring after competition? 😡😡
Agent: @117968 If you complete an achievement, but don't earn the award, you will earn the award within 9 days of completing the challenge.

CURRENT MESSAGE:
@AppleSupport Well it is now 11 days after and still no sign of it",
10700,Customer,Uber_Support,Support inquiry,"@Uber_Support Ok great, thanks!","CONVERSATION HISTORY:
Customer: @Uber_Support can we bring our own carseat in an UberX ride to the airport?
Agent: @117969 Here to help! Find out more here on how Uber Car Seat works https://t.co/B7TnOOg1JY
Customer: @Uber_Support Thanks - our baby is &lt;12mos and we need our car seat to fly so I was wondering if we can bring our own car seat and install via belt buckle in any UberX to go to the airport
Agent: @117969 Hi there! Yes, you're always welcome to bring your own car seat along for the ride.

CURRENT MESSAGE:
@Uber_Support Ok great, thanks!",
10723,Customer,British_Airways,Support inquiry,@British_Airways That’s definitely the plan! Thanks for the ,"CONVERSATION HISTORY:
Customer: That's it, I'm on board with @British_Airways, ready to leave Tokyo for London. No, before you ask, I don't want to go. https://t.co/qCYaTtfO9c
Agent: @117980 We're glad to have you back on board, Andy. We know that you don't want to leave Tokyo so you'll just have to go back. ^Helen

CURRENT MESSAGE:
@British_Airways That’s definitely the plan! Thanks for the great flight, as always.",
10729,Customer,British_Airways,Support inquiry,@British_Airways Lisa i was being incredibly sarcastic,"CONVERSATION HISTORY:
Customer: @British_Airways firstly Cabin Service Manager Lesley Thomson is fantastic and went above and beyond during a flight from Vegas to Heathrow
Agent: @117981 Hi Kevin, we don't like to read this. Did our crew offer to move your seat? ^Helen
Customer: @British_Airways No.
Agent: @117981 We're very sorry you were let down, Kevin. ^Alex
Customer: @British_Airways It's okay...i got a £20 voucher / appology
Agent: @117981 That's good to hear, Kevin. Thanks for your understanding, I do hope we can welcome you back on board soon. Many thanks. ^Lisa.

CURRENT MESSAGE:
@British_Airways Lisa i was being incredibly sarcastic",
10739,Customer,comcastcares,Support inquiry,"@comcastcares Okay thank you, just seems weird that all area","CONVERSATION HISTORY:
Customer: Hey @115900 you know what I want for Christmas? The ability to get xfinity where I live..almost everyone in the city I'm in would switch 2
Agent: @117983 If we could offer service to every city we would. ~DB
Customer: @comcastcares Is there anyway I could make radford va any closer to the next ones on the list?
Agent: @117983 I can certainly pass on your feedback to the necessary department but I can't guarantee that we'll be able to get service out there. -Ra

CURRENT MESSAGE:
@comcastcares Okay thank you, just seems weird that all areas around the city can get Comcast but not in the city  or the surrounding one mile",
10753,Customer,TMobileHelp,Support inquiry,"@TMobileHelp Thank you! I appreciate it, hopefully it's just","CONVERSATION HISTORY:
Customer: @TMobileHelp I've spent all day trying to access the app, and I keep getting this error message. This is the longest I've had this problem. https://t.co/He68JTyvXM
Customer: @TMobileHelp I think I just might use the website.
Agent: @117986 Hey there!  Will you follow this link https://t.co/oNhjmI1cTs and  shoot me a DM? *VictoriaPollard
Customer: @TMobileHelp It's not that big of a deal really, I don't have a Baskin Robins in my area anyway, it's just something I noticed.
Agent: @117986 If  you decide you want to troubleshoot just message us!  We have your back! *VictoriaPollard

CURRENT MESSAGE:
@TMobileHelp Thank you! I appreciate it, hopefully it's just a server overload of some sort, the website works fine.",
10776,Customer,SouthwestAir,Support inquiry,@SouthwestAir Haha I’ll take it ✨✨,"CONVERSATION HISTORY:
Customer: Another reason to love flying @SouthwestAir #HappyHallowen https://t.co/uJUPlMNjKn
Agent: @117993 As long as you don't start melting, you should be good to go! Tell the Wizard we said hi. ^SL
Customer: @SouthwestAir Only witches melt though...what are you saying?? 🤔
Agent: @117993 Glinda was a good witch... ^SL

CURRENT MESSAGE:
@SouthwestAir Haha I’ll take it ✨✨",
10780,Customer,SouthwestAir,Support inquiry,@SouthwestAir Thanks for the treat for those of us who have ,"CONVERSATION HISTORY:
Customer: @SouthwestAir gate agent said you had treats for travelers today?
Agent: @117994 Hey Jessica - We're serving complimentary adult drinks onboard today. Happy Halloween! ^KM

CURRENT MESSAGE:
@SouthwestAir Thanks for the treat for those of us who have to miss out tonight! I will be sure to tell my flight crew. They d/n know 🎃👻",
10785,Customer,SouthwestAir,Support inquiry,@SouthwestAir Finished the second season on the flight! So g,"CONVERSATION HISTORY:
Customer: Another day, another @SouthwestAir 737-800 &amp; I snagged exit row again! Time to continue to binge #StrangerThings. Perfect for #Halloween!
Agent: @117996 That's what we're talking about! I'm on episode 6. You? ^MA

CURRENT MESSAGE:
@SouthwestAir Finished the second season on the flight! So good!",
10800,Customer,ChipotleTweets,Support inquiry,@ChipotleTweets There’s not a chipotle within 100 miles of m,"CONVERSATION HISTORY:
Customer: Ugh I just want a BOOrito 😢 @ChipotleTweets
Agent: @118002 What's stopping you? -Becky

CURRENT MESSAGE:
@ChipotleTweets There’s not a chipotle within 100 miles of me since I’ve moved 😢",
10817,Customer,ChipotleTweets,Support inquiry,@ChipotleTweets Are you Becky with the good hair?,"CONVERSATION HISTORY:
Customer: Boys on them at Chipotle tough tonight @ChipotleTweets https://t.co/fDtfdMFrLZ
Agent: @118008 Our app ordering is turned off tonight for our Boorito promo, but it'll be back on again tomorrow. -Becky

CURRENT MESSAGE:
@ChipotleTweets Are you Becky with the good hair?",
10821,Customer,ChipotleTweets,Support inquiry,@ChipotleTweets I got my chipotle!! https://t.co/eyPnA2Ws0C,"CONVERSATION HISTORY:
Customer: If @667 could come home so I could go get @ChipotleTweets that’d be cool
Agent: @118009 Super cool. Home yet? -Becky
Customer: @ChipotleTweets On his way!
Agent: @118009 Yahoo! Home stretch. -Becky

CURRENT MESSAGE:
@ChipotleTweets I got my chipotle!! https://t.co/eyPnA2Ws0C",
10834,Customer,ChipotleTweets,Support inquiry,@ChipotleTweets Ok Becky sent. Not my first time complaining,"CONVERSATION HISTORY:
Customer: @ChipotleTweets when I workd4 u &amp;some1 came as Steve Ells we always gave em $3 boorito. Greenville SC store has 0 fun kid was Wonder Woman 2
Agent: @118013 That doesn't sound good. Please tell us more here: https://t.co/Ax7W1Dx3Y9 -Becky
Customer: @ChipotleTweets Y?My kid got a bowl but said no to husbands costume as Steve They messed up the order neway and werent very nice. I miss my patch. We ❤️ ppl
Agent: @118013 We'd like more details than 140 characters can provide, and we want to follow up. -Becky

CURRENT MESSAGE:
@ChipotleTweets Ok Becky sent. Not my first time complaining about this store either. If I want attitude, laziness and wrong food I’ll just go to McDs",
10843,Customer,ChipotleTweets,Support inquiry,@ChipotleTweets (I think) he was legit,"CONVERSATION HISTORY:
Customer: When you have to triple take to tell if the cop in @ChipotleTweets is an actual police officer or just a dude dressed up for a $3 boorito
Agent: @118015 Which was it? -Becky

CURRENT MESSAGE:
@ChipotleTweets (I think) he was legit",
10850,Customer,ChipotleTweets,Support inquiry,@ChipotleTweets I submitted the incident via your link.,"CONVERSATION HISTORY:
Customer: @ChipotleTweets Instead of a treat for my $3 for me a trick of a case of food poisoning was served. Diarrhea ensued. 🤢Not a happy Halloween!
Agent: @118017 That's very concerning. Please tell us more so we can investigate: https://t.co/Ax7W1Dx3Y9 -Becky

CURRENT MESSAGE:
@ChipotleTweets I submitted the incident via your link.",
10880,Customer,sprintcare,Support inquiry,@sprintcare :-) So excited!,"CONVERSATION HISTORY:
Customer: Preordered my #iPhoneX on time before 5 on the 27 and still haven’t gotten a shipped email ..it still says pending @115714 😒
Customer: @118031 @115714 I just received my tracking numbers today, I hope you did too!
Agent: @118030 Hey there! We are happy to hear this. -JC

CURRENT MESSAGE:
@sprintcare :-) So excited!",
10893,Customer,VerizonSupport,Support inquiry,@VerizonSupport Ok so I won't be charged $30 for the entire ,"CONVERSATION HISTORY:
Customer: @VerizonSupport can I get some service please? Need an issue resolved
Agent: @118036 Help has arrived. What trouble are you having with your service?
^HSB
Customer: @VerizonSupport If I want to upgrade my tv package and my tv says it'll cost $30 more per month, will I get charged for Oct. if I upgrade today? Or prorate
Agent: @118036 Pro-ration.
^JAY

CURRENT MESSAGE:
@VerizonSupport Ok so I won't be charged $30 for the entire month of October and then another $30 for November? It'll be prorated for October, right?",
10913,Customer,AdobeCare,Support inquiry,@AdobeCare I'm fine. But @118043 needs help.,"CONVERSATION HISTORY:
Customer: Either I'm doing something wrong or this doesn't work anymore: https://t.co/GpKs8oBspR. @AdobeCare what do you say?? #lightroom
Customer: @118043 @AdobeCare Sachen machst du
Agent: @118042 Would you mind providing more details about the issue? We'd certainly follow up. ^Raj https://t.co/iuwZCjz4Or

CURRENT MESSAGE:
@AdobeCare I'm fine. But @118043 needs help.",
10922,Customer,AdobeCare,Support inquiry,"@AdobeCare Hi Raj, none of these have helped me. PS &amp; Il","CONVERSATION HISTORY:
Customer: .@116233 #InDesign 2018 is unbelievably buggy. Please fix asap. #adobe @117339 @118046
Agent: @118045 Would you mind providing more details about the issue? We'd certainly follow up. ^Raj https://t.co/iuwZCjz4Or
Customer: @AdobeCare I have OS HighSierra installed the bug fix &amp; now it's crashing, losing work, can't undo &amp; recovered documents have none of my updates.
Agent: @118045 Please check if this helps: https://t.co/UpomsQUl23 &amp; let us know how it goes. ^Raj

CURRENT MESSAGE:
@AdobeCare Hi Raj, none of these have helped me. PS &amp; Illustr are starting to have issues also, shutting down &amp; losing work etc. I'll log the problems",
10936,Customer,ATVIAssist,Support inquiry,@ATVIAssist Thanks I Answered my own question,"CONVERSATION HISTORY:
Customer: @115766 I have question when you get the Digital bundle do you get the season pass included
Agent: @118051 The Season Pass is included with the Digital Deluxe Edition. If you'd like the Season Pass, make sure you get this version. ^MB

CURRENT MESSAGE:
@ATVIAssist Thanks I Answered my own question",
10946,Customer,AzureSupport,Support inquiry,"@AzureSupport I am based in Hyderabad, India. Trying to acce","CONVERSATION HISTORY:
Customer: @118056 Azure portal times out... for over an hour now. Unable to access the services for configuration update
Agent: @118055 Hi there. Would you be able to confirm the region affected and your Sub ID please? ^SB
 https://t.co/EYpi1mphGM

CURRENT MESSAGE:
@AzureSupport I am based in Hyderabad, India. Trying to access our corporate subscription. Just stepped out, don't have the subscription id handy",
10954,Customer,CenturyLinkHelp,Support inquiry,"@CenturyLinkHelp Thanks, Chris, will do","CONVERSATION HISTORY:
Customer: @116072 @CenturyLinkHelp you guys are the pinnacle of a garbage company - you pay for vendors to harass people to buy your services
Customer: @116072 @CenturyLinkHelp And then when we call your customer service department, they just say “that’s not us, we don’t know how to take this feedback”
Customer: @116072 @CenturyLinkHelp Have some accountability - if I don’t want your service this month, do you really think knocking on my door 5x/day will do it next month?
Agent: @118058 I'm sorry to hear of your issues with our agents, Please DM me and i would be happy to take a look and see what we can do. -Chris

CURRENT MESSAGE:
@CenturyLinkHelp Thanks, Chris, will do",
10965,Customer,AskTarget,Support inquiry,@AskTarget Speaking of #Cars3 ...why is the @116062 exclusiv,"CONVERSATION HISTORY:
Customer: IT'S #reputationERA! GET THE EXCLUSIVE MAGAZINE ALBUM BUNDLES, ONLY AT @116062! https://t.co/WGk9iSPtEP https://t.co/BPppBiG4FN
Customer: @118061 @116062 @AskTarget @118062  Will these be available in-store too? And should I camp out now or wait until next Fri. to go? #reputation
Agent: @118060 In order to buy the ""Gorgeous"" magazines, we suggest going to the store on Friday 11/10, not Sunday. Are you ""Ready For It?"" We can't wait!
Customer: @AskTarget I can't wait either! Maybe I'll get in line now. 10 days in advance isn't that early, right? https://t.co/5BzyT8XxBR
Agent: @118060 If you get in line now, we're jealous of you. But if you don't, that's honestly worse. 🎶 😉

CURRENT MESSAGE:
@AskTarget Speaking of #Cars3 ...why is the @116062 exclusive more $$$ ? You do this a lot w/exclusive items! 👎😛",
10974,Customer,AskPapaJohns,Support inquiry,@AskPapaJohns NVM. It just got delivered however waiting 2 h,"CONVERSATION HISTORY:
Customer: @AskPapaJohns Order #556073124. Ordered my pizza and hour ago, on the tracker it says delivered. Didn't get anything. Can I get a refund?
Agent: @118063 We're sorry your order is late! Can you DM us your contact info? Thanks!

CURRENT MESSAGE:
@AskPapaJohns NVM. It just got delivered however waiting 2 hours for a pizza....",
10985,Customer,UPSHelp,Support inquiry,@UPSHelp Done 🤗,"CONVERSATION HISTORY:
Customer: When ever you want @115817 when ever you want... https://t.co/ZULpCXsrBp
Customer: @118066 @115817 es un paquete grande o pequeño?
Customer: @118067 @115817 Normal. Son dos solar outdoor led lights.
Agent: @118066 Please send your tracking # via DM so we can look into any issues for you. ^MC https://t.co/wKJHDXWGRQ

CURRENT MESSAGE:
@UPSHelp Done 🤗",
10996,Customer,UPSHelp,Support inquiry,@UPSHelp Assistance YES plz tellus where Obama delivered tho,"CONVERSATION HISTORY:
Customer: DEMOCRATS,,OBAMA OPENED THE DOOR WIDE FOR THEM ,NOW DEAL WITH IT ,,OR DIE ,,
LET TRUMP DO HIS JOB,, https://t.co/yu3DgDEcst
Customer: @118071 NOT ONLY OPENED THE DOOR HE PICKTEM UP BRUNGEM HERE BY UPS DHS BUSESINEMIN TRAINS STRATEGICALLY PLACED THEM ALL OVER USA CELLS EVERYWHERE
Agent: @118070 If you need any assistance, please DM our team further details and any tracking information. ^BO https://t.co/wKJHDXWGRQ

CURRENT MESSAGE:
@UPSHelp Assistance YES plz tellus where Obama delivered those Somalias &amp; Middle Easterns for OBAMA during his reign of INVASION start there wouldya?",
11010,Customer,AskPayPal,Support inquiry,@AskPayPal I did send a screenshot,"CONVERSATION HISTORY:
Customer: @AskPayPal can someone please help me with my account. __email__ +27824381483
Agent: @118076 Hi! I've responded to your DM, and thank you for your patience. ^ES
Customer: @AskPayPal Can you please open my account so I can transfer the money in there and close the account.
Agent: @118076 Hello! we sent you a message with more information, so that we can further assist you. Please check your DM's. ^JDG

CURRENT MESSAGE:
@AskPayPal I did send a screenshot",
11017,Customer,AmazonHelp,Support inquiry,@AmazonHelp I ordered almost a full week before release. Rec,"CONVERSATION HISTORY:
Customer: Hey @115821 What’s the point of preordering a game if I don’t get it until 5 days after release?
Agent: @118078 I'm sorry for the frustration! Did you select Release-Date Delivery at checkout? ^AC
Customer: @AmazonHelp Didn’t know I needed to. Is that really a thing?! But still Prime shipping should be 2 days, correct?
Agent: @118078 Yes, Release-Date Delivery is definitely a thing and the Amazon Prime two day shipping does mean two days after processed. ^CN

CURRENT MESSAGE:
@AmazonHelp I ordered almost a full week before release. Receiving it almost a full week after. That’s not Prime.",
11039,Customer,AmazonHelp,Support inquiry,@AmazonHelp Yeah I know how to check it. There's no informat,"CONVERSATION HISTORY:
Customer: I'm so anxious to see that my Xbox one X will be shipping. I'm seeing other people get their confirmations. Where's mine @115821
Agent: @118081 I'm sorry you haven't received an update on your shipping details! You can check your order here: https://t.co/Y5jpI9gRhE ^MO

CURRENT MESSAGE:
@AmazonHelp Yeah I know how to check it. There's no information still",
11053,Customer,AmazonHelp,Support inquiry,@AmazonHelp Will do. Thanks,"CONVERSATION HISTORY:
Customer: @AmazonHelp it's been 7 days &amp; my @115821 order still hasn't shipped. #fail https://t.co/apV29xdWuM
Agent: @118084 I'm sorry that your package has not shipped! Did we miss the promised Delivery date found here: https://t.co/Y5jpI9gRhE  ^LM
Customer: @AmazonHelp Original promised delivery date was yesterday to this Friday.
Agent: @118084 Please give us a call here: https://t.co/Q7Ftz6nj80 so we can take a look into this with you! ^TR
Customer: @AmazonHelp Thanks, I called. The agent says the order has been received, but not shipped. Still anticipate a Friday delivery
Agent: @118084 Thanks for the information. Please let us know if your order doesn't arrive by Friday. ^EZ

CURRENT MESSAGE:
@AmazonHelp Will do. Thanks",
11056,Customer,AmazonHelp,Support inquiry,"@AmazonHelp リプありがとうございます！
それがデビット機能は付いていないので不思議だったのです。

いずれに","CONVERSATION HISTORY:
Customer: 30日にAmazonでカード払いで買ったんだけど、1日深夜に出荷準備が遅れていますメールと共にまたカード利用のメール。どういうこっちゃʅ（◞‿◟）ʃ遅れるのは全然構わないけど2倍払わされるのは勘弁だわー。Amazonでのカード払いやめよう。
Agent: @118085 デビット機能付きのカードをご利用のため、カードが再度承認された際に代金が引き落とされた可能性が考えられます。二重引き落としが発生した場合は、後日クレジットカード会社から取り消しが行われます。 YM

CURRENT MESSAGE:
@AmazonHelp リプありがとうございます！
それがデビット機能は付いていないので不思議だったのです。

いずれにせよ取り消されるみたいで安心しました！",
11060,Customer,AmazonHelp,Support inquiry,@AmazonHelp Should have been today before 8,"CONVERSATION HISTORY:
Customer: @AmazonHelp still have not received my package I paid extra for guaranteed next day. Won't do that again
Agent: @118086 I'm sorry your order hasn't arrived! What is the delivery date shown in the confirmation e-mail: https://t.co/CTNCjpcgOm? ^SJ

CURRENT MESSAGE:
@AmazonHelp Should have been today before 8",
11070,Customer,AmazonHelp,Support inquiry,@AmazonHelp when its removed the system says it's inserted b,"CONVERSATION HISTORY:
Customer: Pumpkin spice is here so it must be autumn! We’ve picked 3 fall cookbooks to whet your appetite: https://t.co/CadWTnRHy0 https://t.co/J1B61Odt0N
Customer: Regretting having bought @115821 Kindle Fire Kids Edition. Every day it has some random problem I have to fix. Now saying theres no SD card.
Agent: @118087 Please try to remove and reinsert the SD card following the steps here: https://t.co/ZtaYsyA9rO. Let us know how this helps! ^MB

CURRENT MESSAGE:
@AmazonHelp when its removed the system says it's inserted but unrecognized. When it's inserted the tablet behaves as though there's no card",
11073,Customer,AmazonHelp,Support inquiry,@118088 @AmazonHelp https://t.co/JeO1QDroxC,"CONVERSATION HISTORY:
Customer: @AmazonHelp isn't prime two day shipping supposed to be guaranteed? what happens when its late?
Agent: @118088 I'm sorry you haven't received your order yet! Have we missed the delivery date confirmed via e-mail: https://t.co/CTNCjpcgOm? ^GM
Customer: @AmazonHelp yes it was due today by 8pm and now its changed to tomorrow or the next couple days... but isn;t there a guarantee?
Agent: @118088 We're unable to access accounts on Twitter but we'd like to look into it for you here: https://t.co/hApLpMlfHN ^LI
Customer: @AmazonHelp i understand, but i am asking a general question, do you or do you not have a policy about late delivery with amazon prime?

CURRENT MESSAGE:
@118088 @AmazonHelp https://t.co/JeO1QDroxC",
11079,Customer,AmazonHelp,Support inquiry,"@AmazonHelp At time of order, del date was 10/29. Carrier is","CONVERSATION HISTORY:
Customer: I'm thinking that @115821 tracking is total fiction - package has been ""Out for Delivery"" for 2 days &amp; hasn't arrived. 3 days late.
Agent: @118090 Oh no! I'm sorry you haven't received your order! Please contact us here so we may look into this: https://t.co/hApLpMlfHN ^BN
Customer: @AmazonHelp Talked w/ cust. serv. yesterday. Just sent an email from link. Would like a straight answer abt my order.
Agent: @118090 We'd still like to help. What is the delivery date shown in the order e-mail: https://t.co/L9Xapf1v25? Who is the carrier? ^SJ

CURRENT MESSAGE:
@AmazonHelp At time of order, del date was 10/29. Carrier is AMZL US.",
11085,Customer,AmazonHelp,Support inquiry,"@AmazonHelp Continued buffering, loss of sound and it doesn'","CONVERSATION HISTORY:
Customer: @115821 @AmazonHelp I'm so frustrated w/how things keep changing. Making it hard on POOR people!!! Free isn't free anymore.
Agent: @118091 I'm so sorry to hear this! Without revealing any personal account information, will you provide us with more details? ^LH
Customer: @AmazonHelp So much of the programming has changed on Prime. Blues Clues was free, now it's not. Still constantly having problems with my Fire Stick.
Agent: @118091 What kind of problems are you having with your Fire Stick, Mildred? ^VB

CURRENT MESSAGE:
@AmazonHelp Continued buffering, loss of sound and it doesn't save where I leave off in programming.",
11101,Customer,AppleSupport,Support inquiry,@AppleSupport It’s only done it with Apple Music and Apple P,"CONVERSATION HISTORY:
Customer: @115858  @AppleSupport music and podcast “skip” around like a CD, then distorts and clears up in few seconds, only happens after iOS 11
Agent: @118095 We're here to help. Did this happen after a specific update, or just recently? Thanks!
Customer: @AppleSupport I noticed shortly after the first patch to iOS 11 not sure which one, but here in the past week or two it has gotten worse and more frequent

CURRENT MESSAGE:
@AppleSupport It’s only done it with Apple Music and Apple Podcast, regardless if saved to phone or streaming",
11111,Customer,AppleSupport,Support inquiry,@AppleSupport 11.0.3,"CONVERSATION HISTORY:
Customer: My phone been fucking up all week @115858! https://t.co/VHrjDRAQPk
Agent: @118097 We'd like to help. What's going on?
Customer: @AppleSupport The whole phone will just crash or freeze for over a minute. It be spazzing out too like it has a ghost in it or something.
Agent: @118097 Thanks. We'll help get to the bottom of this together. What version of iOS are you currently running?

CURRENT MESSAGE:
@AppleSupport 11.0.3",
11122,Customer,AppleSupport,Support inquiry,"@AppleSupport 6 plus, idk what iOS version.. and it was the ","CONVERSATION HISTORY:
Customer: @AppleSupport @118101 would love to know why my pictures look like this when I take a picture 😡 https://t.co/yVpQKCBzFu
Agent: @118100 We would love to help you with this! Is this the front or rear facing camera? Which device and iOS version?

CURRENT MESSAGE:
@AppleSupport 6 plus, idk what iOS version.. and it was the rear facing camera",
11134,Customer,AppleSupport,Support inquiry,@AppleSupport Tried the steps. Still receiving an error mess,"CONVERSATION HISTORY:
Customer: @AppleSupport My Touch ID failed when I restarted my phone. Now it’s not working at all
Agent: @118105 Did you receive an error message, or were you just prompted to enter in the passcode for your iOS device after the restart?
Customer: @AppleSupport I received an error message. And another when I tried to set it up again in settings
Agent: @118105 Let's give the steps in this article a try, and keep us posted on the results please: https://t.co/xqiXha6yeB

CURRENT MESSAGE:
@AppleSupport Tried the steps. Still receiving an error message. Just updated to iOS 11.1 and got the message when my phone restarted",
11149,Customer,Uber_Support,Support inquiry,@Uber_Support I have been doing that for the last 50mins no ,"CONVERSATION HISTORY:
Customer: Someone from @115873 needs to contact me ASAP or I am reporting there company this is ridiculous
Agent: @118110 Here to help! Connect with us through https://t.co/zUe0dj6yoX and we'll be in touch.

CURRENT MESSAGE:
@Uber_Support I have been doing that for the last 50mins no reply",
11155,Customer,Uber_Support,Support inquiry,@Uber_Support How long does it take to get approved as a dri,"CONVERSATION HISTORY:
Customer: @Uber_Support if I wanted to be an UberEATS driver could I be under someone else’s insurance policy to qualify?
Agent: @118111 We’re here to help! Send us a note via https://t.co/uRjsQ64qLY and we'll be in touch.

CURRENT MESSAGE:
@Uber_Support How long does it take to get approved as a driver?",
11172,Customer,SpotifyCares,Support inquiry,"@SpotifyCares Sure, thank you very much.","CONVERSATION HISTORY:
Customer: @SpotifyCares @118117 trying to help my mom play Spotify through so is and getting the oddest error...
“Upstairs” is sonos connect. https://t.co/enYL9Ak2kZ
Customer: @SpotifyCares @118117 Why does it say “can’t play this right now” and why are playlist songs greyes out (originally imported from iTunes)
Agent: @118116 Hey Andy! Since Sonos streams directly from Spotify's catalog, it's not possible to play your local files. Hope this clarifies things /JP
Customer: @SpotifyCares They aren’t locally imported… We just imported her iTunes playlist in Spotify so it found identical songs. Is that why they are greyed out?
Agent: @118116 You're right. It's possible that some tracks from her iTunes isn't available on Spotify. This is why you can't play these tracks /JU
Customer: @SpotifyCares And is that causing the other issue where nothing will play on sonos thru Spotify app?
Agent: @118116 Can you DM us the username or email address so we can pull up the account and take a closer look? /JU https://t.co/ldFdZRiNAt

CURRENT MESSAGE:
@SpotifyCares Sure, thank you very much.",
11178,Customer,SpotifyCares,Support inquiry,"@SpotifyCares Done , thanks! ;) #launchInIndiaSoon 🤣😂🤣","CONVERSATION HISTORY:
Customer: Hey @115888  what about being available in India???
Agent: @118118 Hey there! We're launching regularly in countries around the world. Sign up here to be first to hear: https://t.co/XDwWzj7cLP 🙂 /KC
Customer: @SpotifyCares @115888
Just checked , still unavailable
Agent: @118118 We haven't launched there yet, but hopefully we'll get there soon. Make sure to add your email in the link we sent earlier. Stay tuned 😁 /KC

CURRENT MESSAGE:
@SpotifyCares Done , thanks! ;) #launchInIndiaSoon 🤣😂🤣",
11184,Customer,British_Airways,Support inquiry,"@British_Airways Off to the Big Apple (just landed actually,","CONVERSATION HISTORY:
Customer: Let’s do this @118121 X @British_Airways 🗽 #FlyBA #ClubWorld #thewhitecompany #BAxTWC https://t.co/q8L7mskItx
Agent: @118120 Thanks for your amazing post, Amy. Where will you be travelling to? ^DaniH

CURRENT MESSAGE:
@British_Airways Off to the Big Apple (just landed actually, it was a delight)",
11206,Customer,ChipotleTweets,Support inquiry,@ChipotleTweets Happy Halloween https://t.co/HAZZjBYh9L,"CONVERSATION HISTORY:
Customer: My only plan on Halloween is to go to @ChipotleTweets
Agent: @118129 Sounds like plan enough to me. -Gabe

CURRENT MESSAGE:
@ChipotleTweets Happy Halloween https://t.co/HAZZjBYh9L",
11212,Customer,ChipotleTweets,Support inquiry,@ChipotleTweets That's hard to believe because that queso do,"CONVERSATION HISTORY:
Customer: @ChipotleTweets You need to redo the queso. Horrible powder blah!!! Look on the back of a velveta box there is a recipe there for cheese dip
Agent: @118132 We use real ingredients, and we're working with our Menu Development team. We  hope you give it another shot soon. -Becky

CURRENT MESSAGE:
@ChipotleTweets That's hard to believe because that queso does not taste real. It's taste like powdered cheese packet that you add water to and heat up. 🤢",
11224,Customer,ChipotleTweets,Support inquiry,@ChipotleTweets Update: got ‘em😛 https://t.co/f5vtZKYiUz,"CONVERSATION HISTORY:
Customer: I’m about to with no shame go to @ChipotleTweets after work in my costume because I can’t resist a $3 #boorito 🎃👻 #letsgetphysical
Agent: @118136 I like it. -Tara

CURRENT MESSAGE:
@ChipotleTweets Update: got ‘em😛 https://t.co/f5vtZKYiUz",
11238,Customer,ChipotleTweets,Support inquiry,"@ChipotleTweets Well, I got a super good burrito for$3.00 so","CONVERSATION HISTORY:
Customer: Went to @ChipotleTweets tonight and got a $3.00 burrito because I was in costume.  I didn't have the heart to tell them this is normal. https://t.co/Y6DAXQ1sg3
Agent: @118141 I mean, I feel like that's just a win/win right there. -Becky

CURRENT MESSAGE:
@ChipotleTweets Well, I got a super good burrito for$3.00 so, well, YES!!!",
11315,Customer,hulu_support,Support inquiry,"@hulu_support Hey Hulu- No, those don’t help.  I have tried ","CONVERSATION HISTORY:
Customer: @hulu_support what’s up with Apple TV 4K support?  I’ve been getting this message for days, all other streaming apps are working great. https://t.co/Bpv3XDQFS0
Agent: @118154 Thanks for reaching out, Chris! Our app can be a bit more demanding than others. Let's see if these help: https://t.co/HQL1KwGgWo.

CURRENT MESSAGE:
@hulu_support Hey Hulu- No, those don’t help.  I have tried basic troubleshooting.  Your app shouldn’t require a hardware reboot or Ethernet anyway.",
11320,Customer,sprintcare,Support inquiry,@sprintcare I knew you would ge back to me via social media.,"CONVERSATION HISTORY:
Customer: Been calling sprint all week! Been on hold for a whole hour with @115714 today and still haven't resolved my issue! I'm calling @118156 💯
Agent: @118155 Hey Malika, this is not the kind of feedback we like to hear! Please send us a DM elaborating on the issue. We're here to help! -RW

CURRENT MESSAGE:
@sprintcare I knew you would ge back to me via social media. You all have a refund you owe me &amp; ive been trying to solve my account issue w/ you all",
11337,Customer,AmazonHelp,Support inquiry,"@AmazonHelp お答え、どうもありがとうございました。
出品者を確認の上、これからも利用させて頂きます。","CONVERSATION HISTORY:
Customer: うええ……Amazonさんで9800円のお買い物してお金払ったのに商品が不良品で出荷できなくなり、アマゾンギフト券で9800円戻されても……ちょっと金額大きいんですけど……。
Agent: @118163 ご迷惑をお掛けしております。返金のAmazonギフト券は、銀行振込による返金に変更することが可能です。ご希望の場合は、口座情報などをお伺いする必要がございますので、お手数ですが、リンクよりカスタマーサービスにお電話にてお問い合わせください。https://t.co/J6YEizo6qC TN
Customer: @AmazonHelp ご親切にどうもありがとうございます。
買おうと思った商品が出品者の意向でキャンセルになり、同じ商品が出品されたまま１万円値段が上がっていました。不可解です。
Agent: @118163 Amazon以外の出品者の販売商品につきましては、各出品者が出品価格を自由に設定できます。しかしながら、当サイトでは、各出品者が商品を適切な価格で出品するべきであると認識しておりますため、貴重なご意見として頂戴いたします。SM

CURRENT MESSAGE:
@AmazonHelp お答え、どうもありがとうございました。
出品者を確認の上、これからも利用させて頂きます。",
11359,Customer,AskPlayStation,Support inquiry,@AskPlayStation I’ll try it later,"CONVERSATION HISTORY:
Customer: @AskPlayStation I’m having hard time to change my PS4 profile cover. Is there another way to change it?
Agent: @118173 Strange! Are you changing it through the console or the app? What error message do you receive?
Customer: @AskPlayStation Through the console. There’s no error. I just don’t have a better option to change cover like I do with profile picture through the app.
Agent: @118173 Please try using the app and let us know the outcome.

CURRENT MESSAGE:
@AskPlayStation I’ll try it later",
11384,Customer,AskeBay,Support inquiry,@AskeBay Done,"CONVERSATION HISTORY:
Customer: @AskeBay its sayin I can only list up to £73 as I’ve listed the rest this month even tho it’s 45 mins into November and I haven’t listed yet
Agent: @118180 Hmm that is interesting - would you send us a DM with more information so I can look into that for you? ^BB

CURRENT MESSAGE:
@AskeBay Done",
11397,Customer,CoxHelp,Support inquiry,@CoxHelp how do you determine if there is an outage,"CONVERSATION HISTORY:
Customer: @CoxHelp eversource is fixing sequin st 06111 hoping Cox can restore service at 25 tomorrow poles going in tonight no tv or phone
Agent: @118183 know if your services are still down. (3) -Mary
Customer: @CoxHelp we do not have power yet eversource still working I think you will have to put in cable

CURRENT MESSAGE:
@CoxHelp how do you determine if there is an outage",
11404,Customer,AmazonHelp,Support inquiry,@AmazonHelp すごっ、チェック早いですねー😸大分前に買った商品ですし、返品の手続きもめんどいんで今回は良いでー,"CONVERSATION HISTORY:
Customer: そういえば、電熱ヒーターもどきをAmazonで買ってたな。寒くなったし試すか。(´ω｀)

あったー😹えっ、…入らない😿

いや、でもヒーター部分は使えるかも❕❗❕

…縫い糸がケーブル貫通しとるやないかーい😂

まあ、400円だから…またなんか探そっと😸

皆さんも防寒対策お気をつけください🙋 https://t.co/b7tvSIEeGm
Agent: @118184 ご迷惑をおかけしております。お届けした商品に問題があった場合、Amazonが発送する商品は返品・交換（可能な商品のみ）にて対応させていただいております。お手数ですが、リンクをご参照の上お手続きください。https://t.co/TYbxdUDknb TN

CURRENT MESSAGE:
@AmazonHelp すごっ、チェック早いですねー😸大分前に買った商品ですし、返品の手続きもめんどいんで今回は良いでーす🙋Amazonさん、どうもでーす😸",
11411,Customer,CoxHelp,Support inquiry,@CoxHelp Is there an ETA on where service will be restored? ,"CONVERSATION HISTORY:
Customer: @CoxHelp trying 2 watch the WS on my iPad-we have no power - NE storm- but it says I can only use my home WiFi. Is there a way to override?
Agent: @118185 Hi, there is not a way to override this setting. our tech are working thought the state to restore service   -Greg

CURRENT MESSAGE:
@CoxHelp Is there an ETA on where service will be restored? I’ve heard a lot of conflicting info. From 10pm 2nt to Friday. 🤦🏻‍♀️🤷🏻‍♀️",
11430,Customer,DropboxSupport,Support inquiry,@DropboxSupport thank you!,"CONVERSATION HISTORY:
Customer: Is there a way to view version history of a FOLDER? Only seeing options for file version history...@116029
Agent: @118192 ...if you need to restore your folder to a previous point in time, let us know so we can advise + assist. Thanks! 2/2
Customer: @DropboxSupport Thank you! Should I just DM you?
Agent: @118192 ...https://t.co/ZC23lPrJFT. Otherwise, DM us more details! 2/2

CURRENT MESSAGE:
@DropboxSupport thank you!",
11451,Customer,DropboxSupport,Support inquiry,"@DropboxSupport Desktop app on macOS.

Pattern seems to be: ","CONVERSATION HISTORY:
Customer: .@DropboxSupport Overwriting files w/ identical names would retain their Dropbox links. Now we get countless 404s from the same workflow. 😡
Agent: @118193 Hi there, links are connected to specific files so overwriting one would mean that the previous is deleted, therefore the link... 1/2
Customer: @DropboxSupport The exact same workflow used to function (more) reliably before, though…
Agent: @118193 Hey there, can you tell us if you’ve doing this using our web interface, or our desktop app? Thanks!

CURRENT MESSAGE:
@DropboxSupport Desktop app on macOS.

Pattern seems to be: overwrite file from within an app (incl. export as PDF, etc.) leaves link intact. However, /1",
11457,Customer,idea_cares,Support inquiry,"@idea_cares Thanks, I chose to opt for MNP","CONVERSATION HISTORY:
Customer: @116589 
Dear sir, 
I have been struggling to convert my idea postpaid to prepaid for more than a month. Can you please help?
Agent: @118194 we understand your concern has been discussed and communicated. Regards, Prashant

CURRENT MESSAGE:
@idea_cares Thanks, I chose to opt for MNP",
11470,Customer,DellCares,Support inquiry,@DellCares Warning ac cannot be determined,"CONVERSATION HISTORY:
Customer: @118197 my Inspiron 15 5000 series laptop battery dead after only 14 months.
What?
I bought a lemon.
Not happy.
Agent: @118196 reference please direct message the system service tag. How to locate the service tag (https://t.co/bar9GmymBS). ^VS (4/4)

CURRENT MESSAGE:
@DellCares Warning ac cannot be determined",
11481,Customer,AlaskaAir,Support inquiry,"@118200 @AlaskaAir Hi Paul! Yes, you sure can. Thank you!","CONVERSATION HISTORY:
Customer: I just registered for Alaska Airlines Bay To Breakers! https://t.co/bVauzh6gmA
Agent: @118200 Heck yea! #iRunAlaska -Kimball
Customer: @AlaskaAir Yeah I can add the bonus 3K later?

CURRENT MESSAGE:
@118200 @AlaskaAir Hi Paul! Yes, you sure can. Thank you!",
11496,Customer,AskAmex,Support inquiry,@AskAmex I do.  That’s where I looked to add it but couldn’t,"CONVERSATION HISTORY:
Customer: @AskAmex, How do I link my Delta Sky Miles # to my Amex card?
Agent: @118205 Hi Lisa. Which U.S. based card do you have? ^Clarissa
Customer: @AskAmex The Delta Sky Miles Platinum
Agent: @118205 Do you have access to your account online? You can also call 800-430-1000, 24/7. ^Clarissa

CURRENT MESSAGE:
@AskAmex I do.  That’s where I looked to add it but couldn’t figure it out",
11534,Customer,UPSHelp,Support inquiry,@UPSHelp I don’t need anything from you all. I’m currently i,"CONVERSATION HISTORY:
Customer: Omg @115817 is so trash!!!!
Agent: @118218 I'm sorry you feel this way! What is going on? Please DM your tracking number, address and phone number. ^MM https://t.co/wKJHDXWGRQ

CURRENT MESSAGE:
@UPSHelp I don’t need anything from you all. I’m currently impatiently waiting at a UPS hub. I’ve been here almost an hour. I’m pissed.",
11546,Customer,VirginAmerica,Support inquiry,@VirginAmerica I fly a lot so better get used to me! 👻,"CONVERSATION HISTORY:
Customer: .@VirginAmerica for the win as  @116450 fails. Maybe time for this life long United/Star Alliance member to make the switch #enough
Agent: @118221 Kimberly, you are always welcome to fly with us anytime you'd like 😉 -Sean
Customer: @VirginAmerica Best customer service! Such a relief after years of dealing with @116450.  In fact, booking another flight with you right now!!
Agent: @118221 I see a great friendship in our future! Happy Halloween 🎃 -Sean

CURRENT MESSAGE:
@VirginAmerica I fly a lot so better get used to me! 👻",
11561,Customer,Uber_Support,Support inquiry,"@Uber_Support thanks, however this is a link to the US Uber ","CONVERSATION HISTORY:
Customer: @Uber_Support I have been requested to provide my driving record and submit applications for Passenger Transport Licence Code both of which I have obtained. There are however, no links nor upload options neither online or on the app available to upload these documents. How do I?
Agent: @118227 Hi there! Please visit; https://t.co/6Wvjulm8iF for more info. Please let us know if you have any other questions or concerns.

CURRENT MESSAGE:
@Uber_Support thanks, however this is a link to the US Uber details. Is there somebody who can help for Australian drivers?",
11565,Customer,Uber_Support,Support inquiry,@Uber_Support and so your team member did connect with me an,"CONVERSATION HISTORY:
Customer: @Uber_Support I have moved recently from Delhi to Mumbai, India permanently. However, I keep getting SMS/email about offers in Delhi. How can I change that to Mumbai?
Agent: @118228 We'll be happy to take a closer look. Send us a note via https://t.co/zUe0dj6yoX so our team can connect.

CURRENT MESSAGE:
@Uber_Support and so your team member did connect with me and suggested I change city in my email subscription settings on my profile page and I sent him a screenshot of my profile page to show how I didn't have the email subscription settings button over there at all. Since then, no replies!!",
11572,Customer,AmazonHelp,Support inquiry,@AmazonHelp Creo ke no voy a seguir pagando amazon premium p,"CONVERSATION HISTORY:
Customer: Me ha tocado un inepto en @4496 keiere gestionar la recogida de mi pakete de @115821 se monta su ruta y yo como penelope a esperarle! 😤
Agent: @118229 Hola.¿Cuál es la fecha de entrega de tu pedido? ^JJ
Customer: @AmazonHelp Es una devolucion
Agent: @118229 Comprendo. ¿Ya entraste en contacto con el transportista? ^CR
Customer: @AmazonHelp Si, es correos y pedí ke viniesen a x el pakete pero me pedian ke me kedase o toda una mañana o toda una tarde en casa pero y mi trabajo??
Agent: @118229 Lamento los inconvenientes. Recomiendo reportar lo ocurrido a nuestro Servicio al Cliente: https://t.co/OjvUxwnzPe ^CR

CURRENT MESSAGE:
@AmazonHelp Creo ke no voy a seguir pagando amazon premium pork en cuanto a las devoluciones deja mucho k desear",
11575,Customer,AmazonHelp,Support inquiry,@AmazonHelp beleza 😢,"CONVERSATION HISTORY:
Customer: @117086 ei mim ajuda
Agent: @118230 Olá, Cassiel. Sem compartilhar informações pessoais ou da sua conta, me diga, como posso ajudar você? ^CR
Customer: @AmazonHelp enviei meu ebook para o premio Kindle às 22h de hoje. Porém, a ferramenta kdp fala q demora 72h pra publicar. Vou concorrer mesmo assim, certo?
Agent: @118230 Recomendo entrar em contato diretamente com o SAC da KDP, para eles conferirem o seu caso: https://t.co/iAtVDKIvAN ^CR

CURRENT MESSAGE:
@AmazonHelp beleza 😢",
11590,Customer,AmazonHelp,Support inquiry,@AmazonHelp But when will this get solved,"CONVERSATION HISTORY:
Customer: @115851 my Amazonid is __email__ is blocked since 3months please unblock it.
Agent: @118231 Hi, you should have received an email with an update over your account. We will not be check this for you. ^RW
Customer: @AmazonHelp Not received any email
Customer: @AmazonHelp Still not got any mail please solve my problem right now.
Agent: @118231 I'm afraid, we'll not be able to take any action on your account once it is put on hold. Request you to wait for the email. ^HD
Customer: @AmazonHelp Please do it fast
Agent: @118231 Further, we wouldn't be able to offer any additional insight/ info in this regard. Appreciate your understanding. (3/3) ^SV

CURRENT MESSAGE:
@AmazonHelp But when will this get solved",
11594,Customer,AmazonHelp,Support inquiry,@AmazonHelp Done that. Was told I would definitely have it b,"CONVERSATION HISTORY:
Customer: Bit of a piss take really now @115830 - was promised it by 9pm today. https://t.co/QKJ9a5DIki
Agent: @118232 Oh no! Let's talk about this in real time. Please call or chat with us here: https://t.co/wMcUf6lHpn ^BA

CURRENT MESSAGE:
@AmazonHelp Done that. Was told I would definitely have it by 9pm yesterday &amp; it's still not been delivered!!!!",
11603,Customer,AmazonHelp,Support inquiry,"@AmazonHelp Once again the answer is ""We'll send again and y","CONVERSATION HISTORY:
Customer: @amazonhelp My order 113-8951188-2020217 says ""Left in mailroom"" but my house doesn't have a mailroom and I've been home all day.
Agent: @118235 Oh no! Have you checked the mailbox? These steps may help locate the order: https://t.co/7jZ5OuoXoK. Keep us posted! ^BN
Customer: @AmazonHelp Not in the mailbox, not on the porch, not in my house, not at the neighbors. This was a Prime order, late/lost again.
Agent: @118235 I'm sorry those steps didn't help! Who was the carrier for this order? You can check here: https://t.co/Y5jpI9gRhE ^BL
Customer: @AmazonHelp Carrier: AMZL US, Tracking #: TBA516106123000
Agent: @118235 I'd like someone from my team to check into this. When you can, please drop your details here: https://t.co/jNvrqbIPwn ^BL

CURRENT MESSAGE:
@AmazonHelp Once again the answer is ""We'll send again and your Prime membership means nothing and so does 2-day shipping."" This happens TOO OFTEN.",
11610,Customer,AmazonHelp,Support inquiry,"@AmazonHelp いえいえ、Amazonさんこそとばっちりの迷惑かけられてお疲れ様ですm(__)m 

詐欺軍団は","CONVERSATION HISTORY:
Customer: アマゾンからショートメールで
有料サイト使用による未納料金が発生してる
的な詐欺ショートメール来た！アマゾン使ってない！！！ｗｗｗ
Agent: @118236 (*´-`).｡oO(ご存知かと思いますが、当サイトからのご請求ではございませんので、ご連絡されませんように。。。)
また、携帯大手3社をご利用の場合には、迷惑メール対策として、申告窓口を設置しています。今後受信しないためにも、各窓口へご申告ください。TY
Customer: @AmazonHelp お忙しい中、丁寧にありがとうございます。
申告窓口へ報告します。(｀_´)ゞ
Agent: @118236 お手数おかけしますが、よろしくお願いします。
最近、Amazonを騙るフィッシングが増えているようでございますので、ご注意くださいませ(*´︶`*) TY

CURRENT MESSAGE:
@AmazonHelp いえいえ、Amazonさんこそとばっちりの迷惑かけられてお疲れ様ですm(__)m 

詐欺軍団はあの手この手で迷惑極まりないですねヽ(`Д´)ﾉﾌﾟﾝﾌﾟﾝ",
11619,Customer,AmazonHelp,Support inquiry,@AmazonHelp Lol that's not my real name. But basically yeah ,"CONVERSATION HISTORY:
Customer: @AmazonHelp how do I inform your delivery drivers to just leave my package at my front door?
Agent: @118238 Hey, Hugh! Are you having trouble receiving a recent order? ^LA

CURRENT MESSAGE:
@AmazonHelp Lol that's not my real name. But basically yeah they won't just leave it at my front door. Tomorrow's the final attempt.",
11633,Customer,AppleSupport,Support inquiry,@AppleSupport Yes,"CONVERSATION HISTORY:
Customer: Since I updated my iPhone I can’t download apps now. Thanks @AppleSupport @115858  🙄🙄🙄
Agent: @118243 Are you on the latest iOS 11.1 version?

CURRENT MESSAGE:
@AppleSupport Yes",
11645,Customer,AppleSupport,Support inquiry,@AppleSupport @118244 So what has become of this issue? Many,"CONVERSATION HISTORY:
Customer: How do I get rid of this notification? @4305 @19762 @115858 @AppleSupport https://t.co/MF02cJYU5A
Agent: @118244 Let's see how we can help. Is that the message you see when trying to swipe the notification and get to the app?
Customer: @AppleSupport I get this message when I close the app. When I touch it I get into the app, but getting this when closing the app is annoying.
Agent: @118244 Is this coming up with any other apps when doing the same thing? Which iOS version is in Settings &gt; General &gt; About?
Customer: @AppleSupport It only happens when I close WhatsApp, doesn’t happen with any other app. I run iOS11.0.3 https://t.co/TraFhnSo3i
Agent: @118244 How are you closing the App? https://t.co/GDrqU22YpT
Customer: @AppleSupport Like this. Open the Multitasking screen, swiping up on the WhatsApp app to close it; as seen in the video. https://t.co/yeOErcAbIz
Agent: @118244 Meet us in DM with a screenshot of what shows in Settings &gt; Notifications &gt; WhatsApp, please. https://t.co/GDrqU22YpT

CURRENT MESSAGE:
@AppleSupport @118244 So what has become of this issue? Many users are still complaining about this? What is the explanation? What is the implication? What is the solution, if needed?",
11659,Customer,AppleSupport,Support inquiry,@AppleSupport Ios 11.1 software update needs to be fixed,"CONVERSATION HISTORY:
Customer: Fix my shit @AppleSupport
Agent: @118249 We're always ready to help, but we'll need more details to start. Reply by DM with which model is it and what's happening with it. https://t.co/GDrqU22YpT

CURRENT MESSAGE:
@AppleSupport Ios 11.1 software update needs to be fixed",
11666,Customer,AppleSupport,Support inquiry,@AppleSupport My backup was stored to my MacBook Pro which b,"CONVERSATION HISTORY:
Customer: Tried to update my phone to the new IOS system, and my phone died while 'charging' &amp; now I lost everything. Thanks @115858.
Agent: @118252 We'd like to work with you and look into this together. Do you have a previous backup to your iPhone on either iTunes or iCloud?

CURRENT MESSAGE:
@AppleSupport My backup was stored to my MacBook Pro which battery died 2 months ago.",
11697,Customer,Tesco,Support inquiry,@Tesco Was looking at the fresh whole turkey (£4 per kg) or ,"CONVERSATION HISTORY:
Customer: @Tesco just picked up your festive food brochure, won’t be ordering from you again this year as you only seem to do turkeys for footy teams
Agent: @118261 Hi Laura, we have a wide variety of sizes in store and online from sizes serving 3-4 people to 15-16 people.Hope this helps. Ty-Brian
Customer: @Tesco Can the 3-4 people size be preordered for xmas collection?
Agent: @118261 Hi Laura, was you looking to order in store or online? TY - Chris
Customer: @Tesco I can order the right size in Morrisons but would prefer to use yourselves!
Agent: @118261 Hi Laura. Thank you for contacting us. What store were you looking to purchase your turkey? Many thanks - Amanda
Customer: @Tesco It would be the Talbot Green extra, South Wales.
Agent: @118261 Hi Laura, sorry to be a pain, which turkey would you prefer from the magazine? Then we can look further into this :)Ty, Andy

CURRENT MESSAGE:
@Tesco Was looking at the fresh whole turkey (£4 per kg) or the finest British free range bronze (£7 per KG)",
11706,Customer,Delta,Support inquiry,@Delta Flight #0080,"CONVERSATION HISTORY:
Customer: Nothing like a delay to Boston on @Delta because someone didn’t get the right paperwork done out of maintenance. Hopefully we leave soon!
Agent: @118263 Oh no! My apologies for that delay. What flight number number you speaking of and I will be glad to take a look? *HRO

CURRENT MESSAGE:
@Delta Flight #0080",
11731,Customer,TMobileHelp,Support inquiry,@TMobileHelp @118272 Now I'll be phoneless for another day &,"CONVERSATION HISTORY:
Customer: Done with @115911 after this year... Might even cancel before the X comes out highly upset and disappointed with @118272 @TMobileHelp
Customer: @115911 @118272 @TMobileHelp I've been phoneless since Sat.... Had to wait until Tuesday to get A replacement phone and they send me A broken phone...
Agent: @118271 Oh no! Being phone less would ruin my weekend! Can you pls send me a DM https://t.co/dzjAJQ2bkx *SoRaYi
Customer: @TMobileHelp Yeah that's not even the bad part... @118272 sent me A phone but the sound doesn't work... They won't send me another until I send this 1.

CURRENT MESSAGE:
@TMobileHelp @118272 Now I'll be phoneless for another day &amp; A half.... I need my phone for GPS and other daily task...",
11782,Customer,ChipotleTweets,Support inquiry,@ChipotleTweets Already done!,"CONVERSATION HISTORY:
Customer: It was a happy Halloween until I encountered the RUDEST Chipotle manager in America...@ChipotleTweets Murray, UT location.
Agent: @118295 That's concerning – my apologies. Please tell us more so we can help: https://t.co/Ax7W1Dx3Y9 -Becky

CURRENT MESSAGE:
@ChipotleTweets Already done!",
11803,Customer,hulu_support,Support inquiry,@hulu_support iPad to tv thru USB connection,"CONVERSATION HISTORY:
Customer: @115940 watching the World Series on your app and there's no picture 😴😴😴!
Agent: @118305 That shouldn't be! Which device do you use? If you try a quick reboot of your device, is there any improvement after?

CURRENT MESSAGE:
@hulu_support iPad to tv thru USB connection",
11809,Customer,hulu_support,Support inquiry,@hulu_support Back on. Thanks!,"CONVERSATION HISTORY:
Customer: @hulu_support Keep getting “playback failure” trying to watch the #WorldSeries. Come on ya’ll..:
Agent: @118306 We wanted to reach out and apologize for the issues the other night. We experienced an outage, but it has now been resolved.
Customer: @hulu_support It’s happening again.
Agent: @118306 No issues to report on our end, currently. Is this on Xbox One? Any improvement after working through https://t.co/HXpLyTU79x?

CURRENT MESSAGE:
@hulu_support Back on. Thanks!",
11814,Customer,Ask_Spectrum,Support inquiry,@Ask_Spectrum No. You guys need to fix it. San Antonio 78201,"CONVERSATION HISTORY:
Customer: Who do you think is going to win Game 6 tonight? @118308 @117118 #LetsGoDodgers #EarnHistory #WorldSeries2017
Customer: @115955 @118308 @117118 Sure won't be your service
Agent: @118307 Hello, I do apologize for the internet issues. Could you please DM us an account number or telephone number? So we can assist you. -BA

CURRENT MESSAGE:
@Ask_Spectrum No. You guys need to fix it. San Antonio 78201. You guys have DM me before aand you do nothing that fixes it.",
11824,Customer,VerizonSupport,Support inquiry,"@VerizonSupport Yes, the SD feed is so blurry at times that ","CONVERSATION HISTORY:
Customer: @VerizonSupport yes, it affects all TVs but it doesn't impact commercials. It's a slight choppiness and blurriness during the game broadcast
Agent: @118164 Thank you, if commercials are not impacted it may be the broadcasters. Is the SD broadcast also having similar issues? ^JRA

CURRENT MESSAGE:
@VerizonSupport Yes, the SD feed is so blurry at times that it's hard to tell what's going on.",
11830,Customer,AskPlayStation,Support inquiry,@AskPlayStation Im following,"CONVERSATION HISTORY:
Customer: @AskPlayStation dm
Agent: @118311 Hi there, Glad to help! Please make sure you are following us, so we can assist you better via a Direct Message.

CURRENT MESSAGE:
@AskPlayStation Im following",
11836,Customer,AskPlayStation,Support inquiry,@AskPlayStation Done and done.,"CONVERSATION HISTORY:
Customer: Why does this keep happening @AskPlayStation? OW and the PS4 are both up to date. I can't risk placements with this ish. https://t.co/Y5ozFoBrsr
Agent: @118312  Here to assist! Troubleshooting steps for the error code CE-34878-0 are available here: https://t.co/W7AhTUulnd
Customer: @AskPlayStation Everything is appropriately updated and there is no camera. My #1 Orisa NA dreams are dying.
Agent: @118312 Please follow us via Twitter and let us know so we can send you a DM with further instructions. Thanks!

CURRENT MESSAGE:
@AskPlayStation Done and done.",
11885,Customer,MicrosoftHelps,Support inquiry,@MicrosoftHelps Hey - I'm not entirely sure; it sort of reso,"CONVERSATION HISTORY:
Customer: https://t.co/iLD1l6kRgL any idea why I'm seeing this @MicrosoftHelps? I'm also seeing inconsistent lag in Chrome and other apps.
Customer: @MicrosoftHelps I'm running Windows FCU 1709, and an Asus Prime X370-Pro motherboard. Let me know if you need any other info.
Agent: @118331 Hi. That's strange. Let's make sure that all your driver was updated. Here's how: https://t.co/paTrSXK1Xn. Update us.
Customer: @MicrosoftHelps Which drivers do you want me to check? My GPU is running Nvidia 388.00 (latest) and I've checked the System Firmware too.
Agent: @118331 Thank you for the info. Since the driver is already up-to-date. We suggest performing a clean boot: https://t.co/XbaHzIjbi4.
Customer: @MicrosoftHelps Hm, that's fixed it. I'll try selectively re-enabling things to see what it was.
Agent: @118331 Hello. Just doing a follow-up on your case. Are you still experiencing the issue?

CURRENT MESSAGE:
@MicrosoftHelps Hey - I'm not entirely sure; it sort of resolved itself. I suspect it might have been either a Windows or Nvidia update but I'm not sure 🤔",
11890,Customer,MicrosoftHelps,Support inquiry,@MicrosoftHelps Hi! Id like to clear a folder in my Programm,"CONVERSATION HISTORY:
Customer: @MicrosoftHelps How can i deactivate the Built in Administrator?
Agent: @118332 Hi! Let's investigate this. Which version of Windows are you using? What do you mean by built-in administrator?

CURRENT MESSAGE:
@MicrosoftHelps Hi! Id like to clear a folder in my Programm(x86) file, but everytime i get this message (In German). Oh,and i use Windows 10 Pro https://t.co/a7BEtXDiY1",
11895,Customer,MicrosoftHelps,Support inquiry,"@MicrosoftHelps Finally downloaded app but hangs on ""Just a ","CONVERSATION HISTORY:
Customer: @118334 At long last app downloaded, clicked Install, now hung on ""Just a moment..."". My net cnxn fine. U have server problems?
Agent: @118333 2/2 Store app or via Microsoft Store online?

CURRENT MESSAGE:
@MicrosoftHelps Finally downloaded app but hangs on ""Just a moment"" then times out.",
11909,Customer,MicrosoftHelps,Support inquiry,@MicrosoftHelps Says my information was not sufficient and s,"CONVERSATION HISTORY:
Customer: @MicrosoftHelps I can't reset my password and I can't talk to an agent as I need to log into my account please help
Agent: @118337 Let's work on this, Claire. Are you getting an error message when resetting your password? Send us a screenshot through DM.
Customer: @MicrosoftHelps Hi, I can't take a screen shot as it's the only place I'm logged in is there a way of someone telling me the password?
Agent: @118337 Thanks for the info. Let's try to reset your password using this link: https://t.co/JpnONEeZuA. Let us know how it goes. https://t.co/3qcAsLFkaY

CURRENT MESSAGE:
@MicrosoftHelps Says my information was not sufficient and submit a new form",
11918,Customer,AirbnbHelp,Support inquiry,@AirbnbHelp Thanks! Have sent you a DM!,"CONVERSATION HISTORY:
Customer: @118339 I just now returned from holiday &amp; want to leave positive review for a property, but app says it's too late, seems unfair on host
Agent: @118338 Hi there, we are here to help. Can you please DM us your email address? We would be able to locate your account and assist you. Thank you.

CURRENT MESSAGE:
@AirbnbHelp Thanks! Have sent you a DM!",
11925,Customer,idea_cares,Support inquiry,@idea_cares @116588 @116590 @118341 @15355  this is nothing ,"CONVERSATION HISTORY:
Customer: @116588 @116590 @118342 everyday getting threatening from  operator @116331 @118343 but now what??? https://t.co/LScx1QqfKF
Agent: @118340 We're awaiting for your response to resolve ur issue. Pls provide the same within next 24 hrs. Rgds, Idea Care
Customer: @idea_cares @116588 @116590 This decision given by supreme court of india. Already submitted many documents, done physical verification done. https://t.co/VHwewKPPGA
Agent: @118340 Sorry for the trouble. We would like to inform you that aadhaar linking is mandatory by government regulatory.
Rgds,
Darshan.

CURRENT MESSAGE:
@idea_cares @116588 @116590 @118341 @15355  this is nothing much them mentally physical harassment Indian Citizen. I think Government enjoy",
11935,Customer,JetBlue,Support inquiry,@JetBlue Terrific. Thanks for taking care of that. Strong cu,"CONVERSATION HISTORY:
Customer: Hey, @JetBlue. You change your departure time by 10 mins &amp; give my friends seats away. WTF?!!
Agent: @118344 Sorry to hear that, Patrick. Please have them reach out to   an airport crewmember for immediate assistance.
Customer: @JetBlue Not at airport. Flight is tomorrow. Pls fix this and guarantee them seats like they paid for.
Agent: @118344 We don't oversell our flights, so their seats are guaranteed. Please have them DM us their confirmation code. We'll take a look.
Customer: @JetBlue Ok. He just sent u DM w info. Pls help them out and guarantee seats together. Poor form to do that over a 10-min change in departure
Agent: @118344 Thanks! We'll see what we can do to help.

CURRENT MESSAGE:
@JetBlue Terrific. Thanks for taking care of that. Strong customer service, @JetBlue",
11952,Customer,AirAsiaSupport,Support inquiry,@AirAsiaSupport Thanks Anwar ..,"CONVERSATION HISTORY:
Customer: @AirAsiaSupport hi made a booking TK4YWC just now and made a typo in one of the passenger's names..  please help
Agent: @118349 what we can do for you =) Yana
Customer: @AirAsiaSupport Thanks yana.. booking number TK4YWC. Passenger name Ravishankar Parthasarathy (wrongly put as Ravishankar Parthasarathi) . DoB 7th July 1954
Agent: @118349 Hi There :) Name correction done! See you on board soon- Anwar

CURRENT MESSAGE:
@AirAsiaSupport Thanks Anwar ..",
11963,Customer,AskAmex,Support inquiry,@AskAmex no,"CONVERSATION HISTORY:
Customer: @AskAmex yo I need help with a gift card
Agent: @118350 Hi there, how may I help?
Customer: @AskAmex I tried adding the card to my PayPal and it said it was declined..just bought the card too. it's a prepaid
Agent: @118350 Was your purchase more than what you have available on the Card?

CURRENT MESSAGE:
@AskAmex no",
11982,Customer,AmazonHelp,Support inquiry,@AmazonHelp It's point less to actually fill this form.Since,"CONVERSATION HISTORY:
Customer: @AmazonHelp what the hell is going on?! Today's last day to deliver and still not shipped!!
Should I pledge that I won't ever order from u?!
Agent: @118356 I understand your concern, Nihal. Could you confirm if you've report this to our team using the link provided earlier? ^HD
Customer: @AmazonHelp Many times..Always got them saying well deliver it by deadline...I hate your service now
Agent: @118356 Sorry about the delay with the order. Please share your details here: https://t.co/GIJyeYqKE0 and we'll check this. ^KA

CURRENT MESSAGE:
@AmazonHelp It's point less to actually fill this form.Since you always give me those replies with I'll personally follow up and stuff..",
11992,Customer,AppleSupport,Support inquiry,@AppleSupport 11.1,"CONVERSATION HISTORY:
Customer: @115858 @AppleSupport your latest iOS update had made my phone slower and apps like iMessage are slow to open and load.  What’s up with this?
Agent: @118358 Hi. We are here to help. What is the specific iOS version that you have?

CURRENT MESSAGE:
@AppleSupport 11.1",
12000,Customer,AppleSupport,Support inquiry,@AppleSupport It’s happening in all my apps. I’m thinking th,"CONVERSATION HISTORY:
Customer: what’s up with the letter “i” man? pls fix. i’m annoyed. @115858 @AppleSupport
Agent: @118360 You've come to the right place. May we ask when you started to notice the situation?
Customer: @AppleSupport a couple of days ago. it’s been happening on a few of my friends’ phones as well.
Agent: @118360 Thank you for that info. Is this happening with all the apps or only a select few? https://t.co/GDrqU22YpT

CURRENT MESSAGE:
@AppleSupport It’s happening in all my apps. I’m thinking there’s a problem with the keyboard.",
12010,Customer,AppleSupport,Support inquiry,@AppleSupport So I sent you a DM and didn’t get a response. ,"CONVERSATION HISTORY:
Customer: @115858 so IOS 11 reduced avg battery life from 240 minutes to 96?? Seriously I would rather have my batter explode and get a new one...
Agent: @118362 We'd like to work with you. May we ask what type of iOS device you have? Let us know to get started.
Customer: @AppleSupport I app. the reply. Iphone 7+. Not finishing for an 8 or an X just fix the SW. I can’t go another week with the 7+
Agent: @118362 We're asking which version you're running as we released iOS 11.1 today. It may help address the issues you've been experiencing.
Customer: @AppleSupport No it doesn’t address.  Nothing even included about battery improvement on the SW release notes from what I can see.
Agent: @118362 We want to make sure your iPhone works the way you expect it to. Let's get paired up in DM to get started. https://t.co/GDrqU22YpT

CURRENT MESSAGE:
@AppleSupport So I sent you a DM and didn’t get a response. Are you actually willing to help or just trying to take it offline? Software upgrade was done",
12013,Customer,AppleSupport,Support inquiry,@118364 @118363 @AppleSupport @907 Who the hell got this kin,"CONVERSATION HISTORY:
Customer: Excuse me @115858 @AppleSupport:  when y’all gonna address the fact that some glitch is turning Is into hieroglyphics?!
Agent: @118363 We want your predictions to be accurate. Please DM us with the current version of iOS you have. https://t.co/GDrqU22YpT
Customer: @AppleSupport @118363 @AppleSupport me, @118361, and @907 are all having the same issue. Any fix?
Customer: @118364 @AppleSupport @118361 @907 Per Apple this is the fix... I’m not sure who they think has the time for all this.  They need to release and update &amp; stop playing https://t.co/fjqcdB68mM
Customer: @118363 @AppleSupport @118361 @907 Girl wtf?!?! Dis tew much 😰

CURRENT MESSAGE:
@118364 @118363 @AppleSupport @907 Who the hell got this kind of time 😂😂",
12023,Customer,AppleSupport,Support inquiry,@AppleSupport The only keyboard I️ have is whatever my iPhon,"CONVERSATION HISTORY:
Customer: @115858 why does my uppercase letter “I️” look so weird. Fix it please
Agent: @118366 We can help! What keyboards do you have added? Is this issue only occurring in messages, or in other applications as well?

CURRENT MESSAGE:
@AppleSupport The only keyboard I️ have is whatever my iPhone came with. It’s occurring in everything: messages, social media, emailing ect.",
12034,Customer,Uber_Support,Support inquiry,"@Uber_Support Right, I understand. What I don’t understand i","CONVERSATION HISTORY:
Customer: Just saw that my @115873 rating went down and I AM PISSED.
Agent: @118371 Find out more info about how are ratings determined here: https://t.co/kWptmPiR2h

CURRENT MESSAGE:
@Uber_Support Right, I understand. What I don’t understand is how my score went from a 5 to 4.82 after one trip when I didn’t do anything during my ride",
12076,Customer,SpotifyCares,Support inquiry,@SpotifyCares I'll check it out. Thank you,"CONVERSATION HISTORY:
Customer: Student? Get your fix of Premium. Play the songs you want, over and over. $5.99/mo. https://t.co/Mj07oJAmfY
Customer: @115888 My kids wanted premium but your student deals are only for college/ uni kids. Won't you consider the younger kids that are addicted to Spotify too?
Agent: @118383 2: You might be interested in Premium for Family. More info at https://t.co/KJ8ayuKPFM. Any questions, give us a shout 🙂 /KC

CURRENT MESSAGE:
@SpotifyCares I'll check it out. Thank you",
12117,Customer,British_Airways,Support inquiry,@British_Airways if your staff dont know how to do their job,"CONVERSATION HISTORY:
Customer: @British_Airways still no refund, your assistance comes every 12hrs &amp; no money since 17/10. Are you waiting for the problem to fix itself?
Agent: @118391 Hi Viviana, we have escalated this with our Refunds team today for you. They'll be in touch asap. ^Helen
Customer: @British_Airways @118393 @118391 I am still waiting 😒 https://t.co/7860yS2G9s
Agent: @118392 Hi Lara, we can't see the option to follow you, have you ever provided details for the funds you're waiting for? ^HP
Customer: @British_Airways This is what I was told and since then, no one contacted me asking about my email in order to provide further details. #refund https://t.co/7RoF4wNv9v
Agent: @118392 We're sorry you remain unhappy, Lara, but, as previously advised, we're not able to respond further to this matter. ^HP

CURRENT MESSAGE:
@British_Airways if your staff dont know how to do their job properly is not my problem",
12129,Customer,TMobileHelp,Support inquiry,@TMobileHelp It's not an individual account problem. People ,"CONVERSATION HISTORY:
Customer: . @115911 LTE in College Park, MD is messed up. Changing network mode to 4G as a workaround. You guys got a damaged tower?
Agent: @118394 🤔 Hmm, let's take a look at what's going on. Send us a DM. *KananiB

CURRENT MESSAGE:
@TMobileHelp It's not an individual account problem. People around me are experiencing same issue. I'm just letting u guys know. LTE is slowed to a crawl",
12143,Customer,TMobileHelp,Support inquiry,@TMobileHelp @118396 Gotta love bots. :),"CONVERSATION HISTORY:
Customer: Feels like a part of my life is missing with @118190 being down 😞 https://t.co/nN8ODqz7W1
Customer: @118398 @118190 It's working for me at this very moment.
Customer: @118396 @118398 Happy to hear that. Welcome back.
Customer: @118190 @118398 Now, we just have to sort @115911's crappy service in Canada. 😉
Agent: @118396 Happy to help if you need us, Mike! Just shoot us a DM and we'll assist with whatever you need *ErikS
Customer: @TMobileHelp I need you guys to stop ripping me off when living outside of the US.
Agent: @118396 We'd love to make sure you are on the best possible plan for your needs! Please DM me here: https://t.co/gAmFrAsnx1 *PatrickUllmann
Customer: @TMobileHelp I've been through this with you guys before, and you guys said you can't do anything else for me.
Agent: @118396 I understand! The good news is we are always here for you! *PatrickUllmann

CURRENT MESSAGE:
@TMobileHelp @118396 Gotta love bots. :)",
12154,Customer,AmericanAir,Support inquiry,@AmericanAir Done,"CONVERSATION HISTORY:
Customer: Can’t believe @AmericanAir used to be my favorite airline, it only takes one time to leave a bad taste in my mouth smh
Agent: @118402 We're sorry that this has been your experience, is there some way we can help?
Customer: @AmericanAir According to reservations when I spoke with them they said it was nothing that they could do smh
Agent: @118402 If we can take a look, then please DM your record locator and details.

CURRENT MESSAGE:
@AmericanAir Done",
12171,Customer,AmericanAir,Support inquiry,@AmericanAir @116462 I include them on my tweets. They don't,"CONVERSATION HISTORY:
Customer: EP on @AmericanAir who continues to not be able to do work. ""Great is what you want to be?"" Sorry, missed by a long shot.
Agent: @118406 We'll make sure to let our team know about this. Our friends @116462 can also take a look.

CURRENT MESSAGE:
@AmericanAir @116462 I include them on my tweets. They don't respond. You need to dump @116462. They are reflecting badly on @AmericanAir",
12187,Customer,UPSHelp,Support inquiry,@UPSHelp I sent you a DM. A service was still paid for but n,"CONVERSATION HISTORY:
Customer: @115817 3 out of 3 deliveries this week have missed their delivery date. One was 2 day air and one was shipped from 10 Miles away. Completely unacceptable
Agent: @118411 I apologize for any frustration caused! We are working to deliver packages as quickly as possible. Please use the link to DM your tracking number and delivery address if you have any questions. ^MM https://t.co/wKJHDXWGRQ

CURRENT MESSAGE:
@UPSHelp I sent you a DM. A service was still paid for but not provided. Even though you are working to deliver as quickly as possible this is deceptive.",
12198,Customer,ChipotleTweets,Support inquiry,@ChipotleTweets How are you going help? Are you going to com,"CONVERSATION HISTORY:
Customer: Ever time I eat @ChipotleTweets I’m reminded why I don’t eat there #plasticrice
Agent: @118279 That doesn't sound good. Please tell us more here: https://t.co/Ax7W1Dx3Y9 -Becky

CURRENT MESSAGE:
@ChipotleTweets How are you going help? Are you going to come cook this 🍚",
12219,Customer,airtel_care,Support inquiry,"@airtel_care Hi,the above is not an Airtel Kenya number.^Jam","CONVERSATION HISTORY:
Customer: @airtel_care @118424 @116329 @118425 @118422 @80275 @80276 @117128 #MAKEMYSUBSCRIPTIONVALID #08124876140
Customer: @118423 @airtel_care kindly assist ^Jamo
Customer: @118422 @118423 @airtel_care Hello...kindly improve your network in vihiga county
Agent: @118421 @118422 Hello @118422, kindly assist with the stated complaint. Thank you.

CURRENT MESSAGE:
@airtel_care Hi,the above is not an Airtel Kenya number.^Jamo",
12222,Customer,airtel_care,Support inquiry,"@airtel_care i don't have airtel nobr again,bt U can call me","CONVERSATION HISTORY:
Customer: @airtel_care airtel is very funi, how can u be asking me to do welcome brk for #1200 , seriously dat bad of your netwrk,
Agent: @118426 Hello @118426, please be informed that SIM swap is free. However, you will be requested to pay for the SIM card. Kindly provide a mobile number we can reach you on for verbal communication. Thank you. ^ANopo

CURRENT MESSAGE:
@airtel_care i don't have airtel nobr again,bt U can call me on +2347036263955, plz i need to do D swap, am fedup of buyin new sim&amp;new nobr",
12231,Customer,ChaseSupport,Support inquiry,@ChaseSupport And what about payments *not happening* - that,"CONVERSATION HISTORY:
Customer: @ChaseSupport wow major issues w/new website. Paid CC, but I'm still told it's not paid. So I ended up paying it twice. AMEX figured this out 2 yrs ago, and even your own old site used to say Pmt owed: 0 as soon as you paid. I want to run from you!
Customer: @ChaseSupport also what's up with not letting me know you're about to log me out? 

Also, what's up with me having to click to get to a sign-in screen.... The fewer clicks the better, why did you make it MORE clicks, seriously?!!! I can do nothing on the site w/o sign in!
Customer: @ChaseSupport Also, what's up with not being able to submit feedback at the site? I'm given a phone number to call to leave feedback. Are you kidding?!!! I have to call a human past midnight &amp; deal w/wait times &amp; explain 5x before they get it? I can't type it out? It's 2017!
Agent: @118428 Hello, prior to being automatically logged off, a pop-up window will appear and ask if you want to stay logged on or log off. Also, you can visit this link https://t.co/vmskuwbnlQ to submit your feedback online. However, we filed a complaint on your behalf. ^RL

CURRENT MESSAGE:
@ChaseSupport And what about payments *not happening* - that has to be able to show earlier? I can't make a $3K payment &amp; 15min later still says unpaid?!",
12246,Customer,hulu_support,Support inquiry,"@hulu_support No, sorry, I’m not doing that. The World Serie","CONVERSATION HISTORY:
Customer: Pretty neat how @115940’s ‘live’ stream of the ballgame is two batters behind Twitter. 😑
Agent: @118434 We can let our team know you'd like to see it minimized. Due to the nature of streaming, there is a slight delay from cable.
Customer: @hulu_support Of course I want it minimized. It’s five minutes behind.  Don’t call it live if Twitter can spoil the result, you know?
Agent: @118434 Typically, the delay is less than that. Does this improve after working through: https://t.co/HXpLyTU79x? Is it hardwired?
Customer: @hulu_support It’s not my setup. Hulu just chugs at the most random moments. https://t.co/XtReKr5cSB
Agent: @118434 Your speeds look great, so let us know the device in use. For now, try rebooting your device &amp; modem/router for 1-2 mins.

CURRENT MESSAGE:
@hulu_support No, sorry, I’m not doing that. The World Series is on. Your app just keeps unilaterally stopping the stream. The issue is not my modem.",
12254,Customer,hulu_support,Support inquiry,@hulu_support Will provide info. BTW entire show is present ,"CONVERSATION HISTORY:
Customer: @hulu_support livetv only had half of danc w/ stars recorded and had commercials which shouldn’t. What’s up?
Agent: @118435 Since DVR content is recorded from the live feed, there will be ads present (https://t.co/srJXx4YRno). How long is the recording?
Customer: @hulu_support On live tv DVR, ~63 minutes. At Hulu online 85 via browser w/ no ads. This is first week with DVR ads and they are no-skip ads.
Agent: @118435 Gotcha! We'd like to gather a few additional details regarding this. When you have a chance, reach out: https://t.co/6YdK7bvQN7.

CURRENT MESSAGE:
@hulu_support Will provide info. BTW entire show is present this AM and commercials are gone.",
12269,Customer,sprintcare,Support inquiry,"@sprintcare Im sorry, but it has been 40 days, and the servi","CONVERSATION HISTORY:
Customer: You are the worst cellphone company in PUERTO RICO @115714 https://t.co/8VyagspYV0
Agent: @118439 Hi there! What makes you feel this way? -RL
Customer: @sprintcare You're the worst, period.
Agent: @118439 That's not the way we want you to feel. We keep working hard to restore the service completely in the island. -JT

CURRENT MESSAGE:
@sprintcare Im sorry, but it has been 40 days, and the service in Puerto Rico is worst thsn ever. I can't even communicate with my family well.",
12281,Customer,Ask_Spectrum,Support inquiry,@Ask_Spectrum Thank you!,"CONVERSATION HISTORY:
Customer: do i need to have seen Purge 1 to enjoy Purge 2?
Customer: @118441 define enjoy, when talking about that series.
Customer: @118442 lol... understand

told you netflix options were garbage. this is spectrum's on demand which is 🚮 too
Agent: @118441 Hello, If you are having any issues with On Demand, please send me a DM and I will be glad to assist you. -STS
Customer: @Ask_Spectrum just the free movie options, sorry. thanks for checking in 😬
Agent: @118441 No problem. If you do need anything or have any questions please reach out to us. -STS

CURRENT MESSAGE:
@Ask_Spectrum Thank you!",
12284,Customer,Ask_Spectrum,Support inquiry,@Ask_Spectrum Peace,"CONVERSATION HISTORY:
Customer: @115955 called your customer service. Was a waste of time, did not help
Agent: @118443 My apologies for any frustration. Is there anything I may be able to help with? ^AP .

CURRENT MESSAGE:
@Ask_Spectrum Peace",
12288,Customer,Ask_Spectrum,Support inquiry,"@Ask_Spectrum It came back on. Now, can you just leave it on","CONVERSATION HISTORY:
Customer: @Ask_Spectrum can your internet service stop sucking for maybe 20 minutes? Thanks in advance.
Agent: @118444 I apologize for the inconvenience. I will be glad to assist you. Can you DM me your Name and acct # or phone #? -JB
Customer: @Ask_Spectrum No, can you just turn the internet back on and make the sucking stop?
Agent: @118444 I will be glad to take a look at this for you. If you change your mind we are here 24/7 -JB

CURRENT MESSAGE:
@Ask_Spectrum It came back on. Now, can you just leave it on and stop turning it off? Is there a switch there that you guys just fiddle with?",
12299,Customer,Ask_Spectrum,Support inquiry,@Ask_Spectrum @115955 @ask_spectrum Maybe my payment just wo,"CONVERSATION HISTORY:
Customer: @115955 why is your customer service so pathetic? Still waiting on my ""appointment"" that was from 6:00-7:00 pm
Customer: @115955 @115955 I can assure you technician 26480 is not at my house even though  he texted 1.5 hours ago he was OTW
Agent: @118445 I certainly apologize for any inconvenience Alison. Has anyone been able to look into this matter for you, or did... https://t.co/IonKnAnfaT

CURRENT MESSAGE:
@Ask_Spectrum @115955 @ask_spectrum Maybe my payment just won't show up this month ~ I'm sure I would get a call then.",
12303,Customer,Ask_Spectrum,Support inquiry,@Ask_Spectrum I can’t access my account number because im pa,"CONVERSATION HISTORY:
Customer: @Ask_Spectrum is there an internet outage in 91604?
Agent: @118446 I do apologize for the inconvenience and I will be happy to help. Can you DM me your account number? -JP
Agent: @118446 I do apologize for the inconvenience and I will be happy to help. Can you DM me your account number? -JP

CURRENT MESSAGE:
@Ask_Spectrum I can’t access my account number because im paperless and can’t get on the internet to access it.",
12318,Customer,VerizonSupport,Support inquiry,@VerizonSupport Feed for the World Series has been extremely,"CONVERSATION HISTORY:
Customer: Is anyone else getting a choppy feed for the World Series game?
Customer: @115725
Agent: @118452 Good evening, what can we do for you today? ^RMD

CURRENT MESSAGE:
@VerizonSupport Feed for the World Series has been extremely choppy all game, please help",
12326,Customer,AskPlayStation,Support inquiry,@AskPlayStation Thanks,"CONVERSATION HISTORY:
Customer: @AskPlayStation @117353 I bought Fortnite on the primary account, Now my sister wants to play it but can't play it on her account
Agent: @118455 Sorry to hear that, Please try activating the system as primary under both accounts, More details: https://t.co/1ujqlIfdag
Customer: @AskPlayStation Can't you only have one primary account per console?
Agent: @118455 Hi there, You can activate the system under this 2 accounts and set it  as the primary device under each account.
Customer: @AskPlayStation I activated both as primary and the other account still can't play it
Agent: @118455 Please restore licenses and try again. Steps here: https://t.co/WATnmgS37Z
Customer: @AskPlayStation Still isn't letting the other account play
Agent: @118455 Where are you located? Which country did you select to setup your account? Please provide us more details.
Customer: @AskPlayStation North America, NY more specifically. Both accounts were also set up in NY
Agent: @118455 We have sent you a Direct Message via Twitter with further instructions.

CURRENT MESSAGE:
@AskPlayStation Thanks",
12345,Customer,ChaseSupport,Support inquiry,@ChaseSupport This is only 200$ coupon. I had a mailer which,"CONVERSATION HISTORY:
Customer: @ChaseSupport Was looking to avail my coupon for 300$ for opening chase account But the bank was ill staffed and my account opening postponed to tomorrow. My coupon expires today. Plz help
Agent: @118458 Hi, you may request another coupon. Please click on the following link https://t.co/C8ty82AEkz to request a coupon. ^JR

CURRENT MESSAGE:
@ChaseSupport This is only 200$ coupon. I had a mailer which gave 300$ for checking account.",
12369,Customer,DropboxSupport,Support inquiry,@DropboxSupport Thank u support team heads up to all iOS use,"CONVERSATION HISTORY:
Customer: @DropboxSupport are you guys still having log in issues? Via desktop and Xbox dvr website?!
Agent: @118466 Hey there, it all looks good on our end. Are you still experiencing this issue? Let us know. Thanks!
Customer: @DropboxSupport Yes I am! I’m located in Hawaii. Everytime I try to log in via laptop cell phone it just returns me back to the log in page! Help me😩
Agent: @118466 ...that aspect out, and then contact the ISP/phone provider for more assistance on this matter. 2/2

CURRENT MESSAGE:
@DropboxSupport Thank u support team heads up to all iOS users: be sure cookies allowed are turned off 🤗😬 thanks again!",
12379,Customer,XboxSupport,Support inquiry,@XboxSupport That is frustrating advice...it's not that I wa,"CONVERSATION HISTORY:
Customer: @XboxSupport Can you please confirm whether the ""Xbox Select"" voice command was removed, or if this is temporary? https://t.co/rTs4zYNiVS
Agent: @118467 Hi there! Can you test if this still works with the Cortana commands?  ^BL
Customer: @XboxSupport Cortana recognizes it, but it doesn't work the same way. Specifically, I can't use it in some apps, such as Crunchyroll. Home &amp; Store work.
Agent: @118467 Correct, some of the voice commands have been removed or switched to Cortana commans. ^CO
Customer: @XboxSupport Please pass on my disappointment. We used ""Xbox Select"" daily. The Cortana version lacks app functionality, and Cortana commands are slower.
Agent: @118467 If that is something you would like to see change, you can let your voice be heard here: https://t.co/xzPtJXQjgy  ^RR

CURRENT MESSAGE:
@XboxSupport That is frustrating advice...it's not that I want to see it change, I just want functionality back that I've had since Day One 2013!!",
12388,Customer,idea_cares,Support inquiry,@idea_cares What is the time line to resolve a issue. If you,"CONVERSATION HISTORY:
Customer: @116331 I am sufferer even after paying bills on 6th Oct while last date of payment is 20th Oct.
Customer: @116331 what happned still waited for concrete reply.
Customer: @116331 What you are bear. You simply deactivate my services and activated the same after repayment of bills. Tell me what you bear.
Agent: @118469 We are working on this to get it resolved at the earliest. Please bear with us for some time. Rgds, Amit

CURRENT MESSAGE:
@idea_cares What is the time line to resolve a issue. If you are working on it then why your company deactivate my both the number.",
12407,Customer,AlaskaAir,Support inquiry,"@AlaskaAir 4 weeks?! An AA flight, that I took 6 wks ago, to","CONVERSATION HISTORY:
Customer: @AlaskaAir how long should it take for miles to credit to my account from flights on virgin america? Been 3.5 weeks now.
Customer: @AlaskaAir can I please get a response? I don’t think I’ve ever had to wait close to 8 hours before I got a response in the past.
Agent: @118472 The process is currently take up to 4 weeks for VX flights to credit on your AS mileage plan. -Sean

CURRENT MESSAGE:
@AlaskaAir 4 weeks?! An AA flight, that I took 6 wks ago, took 5 days. Ridiculous. I’ll add this to my list of reasons I’m not retaining MVP status.",
12424,Customer,AzureSupport,Support inquiry,"@AzureSupport Thanks. If it helps, the specific use case is ","CONVERSATION HISTORY:
Customer: @AzureSupport hi! Azure AD has a limit under which it’s free. What happens if an org has two directories each under limit but together over?
Agent: @118479 Great question! We are looking into this and will have a response soon. ^MM

CURRENT MESSAGE:
@AzureSupport Thanks. If it helps, the specific use case is a corporate directory, then a separate directory for external customers.",
12434,Customer,AirAsiaSupport,Support inquiry,@AirAsiaSupport What i meant is that..usually the staff will,"CONVERSATION HISTORY:
Customer: Hi, @AirAsiaSupport how to retrieve baggage tag no? apparently the staff at the counter forgot to attach my baggage tag barcode at my tix
Agent: @118481 Hi Nadia, may we have the booking number to check? -Miza
Customer: @AirAsiaSupport it's 👌 as my bag had also safely touchdown at the airport. But in future, is such things happened, what should I do? In case of lost bag
Agent: @118481 As the team will not accept baggage that is not properly tagged. Thank you and have a great day  -Ed

CURRENT MESSAGE:
@AirAsiaSupport What i meant is that..usually the staff will stick one of the barcode label from the baggage tag on to the pax tix. That barcode label",
12450,Customer,AirAsiaSupport,Support inquiry,@AirAsiaSupport Oh...... so you have changed for me? Confuse,"CONVERSATION HISTORY:
Customer: @AirAsiaSupport - I would like to get quote on change to booking ref IJUG2D. Can u help?
Agent: @118484 Dear Ian, there are no charges since the booking has been rescheduled. Please provide us your preferred time and date . Refer&gt;
Customer: @AirAsiaSupport Departure date and time remain same
Agent: @118484 May we know did you mean you want to depart at 22nd Nov?  Thanks-Emir
Customer: @AirAsiaSupport No. Departure from HCM should be on Friday 24 Nov
Agent: @118484 &gt;&gt;to applicable fees. Thanks. -Floi

CURRENT MESSAGE:
@AirAsiaSupport Oh...... so you have changed for me? Confused now but assume so. Please send updated schedule with HCM departure now on 24 Nov. Thanks",
12459,Customer,AskAmex,Support inquiry,@AskAmex I have already called twice with no explanation. Th,"CONVERSATION HISTORY:
Customer: @AskAmex new delta biz plat card canceled with no explanation after 1 week of use. Never happens with chase, ever.
Agent: @118486 Hi Brian. For immediate assistance, pls contact us at the Customer Service number on the back of your Card. Thank you. ^B

CURRENT MESSAGE:
@AskAmex I have already called twice with no explanation. They say I canceled, someone took over acct, or something missing. Again, never @116016",
12467,Customer,CenturyLinkHelp,Support inquiry,@CenturyLinkHelp No it really started working as soon as you,"CONVERSATION HISTORY:
Customer: Life sucks without Netflix... thanks @116072
Agent: @118487 I apologize for the lack of internet. If you'd like to DM with your account number, I can take a look for you. -Scott
Customer: @CenturyLinkHelp Scott you fixed it. You saved the day!
Agent: @118487 Unless...that was sarcasm... -Scott

CURRENT MESSAGE:
@CenturyLinkHelp No it really started working as soon as you tweeted me.",
12496,Customer,AmazonHelp,Support inquiry,@AmazonHelp Thanks.,"CONVERSATION HISTORY:
Customer: @115821 WTF MAN. YALL LET SOME RANDO CHANGE MY EMAIL TO MY ACCOUNT AND NOW I CANT LOG IN. FIX IT!!!!!
Agent: @118498 I'm so sorry about that, Alexis. When you can, please reach us here so we can better assist: https://t.co/hApLpMlfHN ^BL
Customer: @AmazonHelp I already emailed y’all.
Agent: @118498 I'm sorry about the link. For a faster response, contact us by phone here: https://t.co/jzvkhdlrK5 without signing in. ^BE
Customer: @AmazonHelp Is that a 24 hr line
Agent: @118498 Yes. Our main customer service line is open 24 hours a day. ^LJ

CURRENT MESSAGE:
@AmazonHelp Thanks.",
12505,Customer,AmazonHelp,Support inquiry,@AmazonHelp Nah. Just answer my question please.,"CONVERSATION HISTORY:
Customer: @AmazonHelp How do I disable notifications indicated by the bell icon in upper left corner of iOS Kindle app?
Agent: @118501 We'd like to help in real-time! When you have a free moment, please reach out to us here: https://t.co/hApLpMlfHN ^HM

CURRENT MESSAGE:
@AmazonHelp Nah. Just answer my question please.",
12549,Customer,AmazonHelp,Support inquiry,@AmazonHelp Ur customer care is disconnecting my call by say,"CONVERSATION HISTORY:
Customer: Changed your mind about something you bought? Have no fear. Replace products with ease on Amazon. https://t.co/mESIpKkCpK
Customer: @115850 Please do not purchase anything from Amazon ad we are filling case in consumer court for such unfair practices. Amazon.in please respond
Customer: @115850 Please revert whether you would be able to recalculate the gesture amount, revert at the earliest to settle this out of court for all mishap
Agent: @118505 We're working on your concern. We'll reach out to you soon and update. ^RI
Customer: @AmazonHelp Can you please update over this quickly
Agent: @118505 We've sent a correspondence to your registered email address, request you to check the same. ^SH
Customer: @AmazonHelp Message from Rahul from Social Media team.
Upon checking your order I see that issue is being handled by Executive Customer Relations team.
Agent: @118505 As requested, please respond on the requested email and our specialist team will reach out to you. ^HK
Customer: @AmazonHelp I have replied dozen of times first check then reply. So silly
Agent: @118505 Thanks for writing back to us. Our specialist team will contact you with an update on your issue soon. Please wait. ^ZH
Customer: @AmazonHelp @118505 You people cheaters mentally harass innocent customers you be pulled to cyber crime cell trying to get bank details blocking cod
Customer: @118506 @AmazonHelp Amazon has lost its credibility by buying cheap products from other portals like ebay and selling over their platform. Really cheap
Agent: @118505 you with an update at the earliest. (2/2)^AU
Customer: @AmazonHelp Please reply with necessary resolution...
Agent: @118505 email ID. Kindly check it here: https://t.co/8DAc10S7ww. 2/2 ^RS
Customer: @AmazonHelp Nobody has called till now, why are you sending fake replies
Agent: @118505 Sorry for the stretch. Please reply to the email you've received from our Social media team and we'll get back. ^KA
Customer: @AmazonHelp I have replied to it many and still have not received any response, sending you a legal notification for closing this fraud business
Agent: @118505 Sorry for the trouble you've had. Kindly reply to the email you've received from our team &amp; we'll look into this further.^MM
Customer: @AmazonHelp I have checked all my mails and had received your last mail on 29th stating you will receive an update in next 24 hrs. No revert received
Agent: @118505 I do understand, however, please revert to the same email so that we can get this sorted. ^HN
Customer: @AmazonHelp I have replied Sir, try and understand the gratitude of this event. You are exposing yourself in bad light
Agent: @118505 Apologies, thank you for replying to the email. We'll get back on this soon. Appreciate your patience. ^BS
Customer: @AmazonHelp 24 hrs tat was given on written mail on 29th Oct to receive a call but no response since last 60 hrs.Hence we say quality of Amazon has gone
Agent: @118505 If you had replied to the email, you must've received a correspondence from us, Darshan. Please check. ^HD
Customer: @AmazonHelp Uff, I am continuously trying to tell you that I have already replied and a 24 hr tat for receiving call was given which​ U have failed on
Agent: @118505 If you've already replied to the email sent by our team. I'm sure our team will reach out to you soon with an update. ^VM
Customer: @AmazonHelp Rather than wasting time here can you please check with your team &amp; confirm whether they have responded. Use basic communication skills Sir
Agent: @118505 We're currently working on your issue, we'll contact you soon. Keep an eye on your mailbox. ^ZH

CURRENT MESSAGE:
@AmazonHelp Ur customer care is disconnecting my call by saying that we would not be able to give you any further I sight over this issue.Please explain",
12569,Customer,AppleSupport,Support inquiry,@AppleSupport 11,"CONVERSATION HISTORY:
Customer: @115858 what’s up with my “I️” being replaced with some bs in my messages? Makes me want to throw the whole phone away.
Agent: @118508 Let us help you get this sorted out. Can you tell us which iOS version you are currently using please?

CURRENT MESSAGE:
@AppleSupport 11",
12577,Customer,AppleSupport,Support inquiry,@AppleSupport If I️ type letter “eye” it does this. I️,"CONVERSATION HISTORY:
Customer: Please, @115858, fix the keyboard bug that changes letter “I️” to other characters
Agent: @118510 We'd love to help! Which version of iOS are you using? Which keyboards do you have installed?

CURRENT MESSAGE:
@AppleSupport If I️ type letter “eye” it does this. I️",
12581,Customer,AppleSupport,Support inquiry,@AppleSupport 11.0,"CONVERSATION HISTORY:
Customer: @AppleSupport why does I️ keep showing up as symbols?
Agent: @118511 We'd like to see what we can do to assist. What iOS version are you running?

CURRENT MESSAGE:
@AppleSupport 11.0",
12594,Customer,AppleSupport,Support inquiry,@AppleSupport iPhone 7 Plus,"CONVERSATION HISTORY:
Customer: @115858 what in the world is this: A ? When I️ type I...you messing with my money 🙄😒 can’t send any emails from my phone!
Customer: @115858 @115858 you see?!!!!! I️ &lt;—- that’s a bug...please fix 😒
Agent: @118515 Thanks for contacting. We understand wanting your device to work correctly. Could you please tell us which iOS version you're on?

CURRENT MESSAGE:
@AppleSupport iPhone 7 Plus",
12599,Customer,AppleSupport,Support inquiry,@AppleSupport Here is the problem https://t.co/tLi3hxIfJI,"CONVERSATION HISTORY:
Customer: @115858 @AppleSupport APPLE WHY IS MY “I️’s” coming out as question marked boxes &amp; pounds ?! Fix it jeezus
Agent: @118517 Hi. We are here to help. What version of iOS do you have?

CURRENT MESSAGE:
@AppleSupport Here is the problem https://t.co/tLi3hxIfJI",
12608,Customer,AppleSupport,Support inquiry,@AppleSupport Yayz 11.1 and just 2 English and emoji,"CONVERSATION HISTORY:
Customer: Eye can’t type the letter eye without it changing to a?  @AppleSupport ... yes I️ reset the keyboard https://t.co/tfr6EIPPPX
Agent: @118520 We'd love to help! Which version of iOS are you currently updated to? What Keyboards do you have installed?

CURRENT MESSAGE:
@AppleSupport Yayz 11.1 and just 2 English and emoji",
12612,Customer,AppleSupport,Support inquiry,@AppleSupport thanks! the 11.0.3 that came out the other day,"CONVERSATION HISTORY:
Customer: @115858 @AppleSupport sooooooo any plans to fix all these bugs from the software updates for the iPhone 7??
Agent: @118521 We're here to help. What iOS version are you on?

CURRENT MESSAGE:
@AppleSupport thanks! the 11.0.3 that came out the other day",
12621,Customer,Uber_Support,Support inquiry,@Uber_Support I did but can you provide the items I asked ab,"CONVERSATION HISTORY:
Customer: @Uber_Support  can you guys make the list of things that stop you from becoming a driver public? It's  suspect that it can't be found simply
Agent: @118525 We're here to help! Please write in at https://t.co/FF2YGTGjuA and we'll be happy to look into it for you!

CURRENT MESSAGE:
@Uber_Support I did but can you provide the items I asked about? The document spelling out what you can't have is not able to readily found.",
12637,Customer,Tesco,Support inquiry,@Tesco I’ve binned all of the packaging now!,"CONVERSATION HISTORY:
Customer: Thank you @Tesco for the half a tin of dog food! 😳 https://t.co/0JNQlfdAna
Customer: @Tesco I think someone forgot the gravy!!
Agent: @118530 Lastly, are you happy for me to pass your details on to our supplier in case they wish to contact you?

TY - Brian

3/3

CURRENT MESSAGE:
@Tesco I’ve binned all of the packaging now!",
12642,Customer,Tesco,Support inquiry,"@Tesco Ps, she still enjoyed having her groceries delivered!","CONVERSATION HISTORY:
Customer: @Tesco, mums 1st online grocery shop:wanted frozen carrots, but got frozen broccoli &amp; cauliflower instead! Not even close but we did giggle😂
Agent: @118531 That is 100% not right Kaz, if you DM me the full name, address &amp; email address on the account I will have it refunded for you :) TY - Mike

CURRENT MESSAGE:
@Tesco Ps, she still enjoyed having her groceries delivered! Excellent service indeed! Cheers!",
12650,Customer,comcastcares,Support inquiry,@comcastcares Thanks anyways.  Just fixed it!   Got it worki,"CONVERSATION HISTORY:
Customer: @ComcastCares
#mobile_Care. My remote suddenly doesn’t work.  I changed the batteries with new ones and still not working
Agent: @118534 I see that you've recently posted about your Comcast remote, DM your account # so I can look into this &amp; speak privately. ~DB

CURRENT MESSAGE:
@comcastcares Thanks anyways.  Just fixed it!   Got it working.",
12656,Customer,comcastcares,Support inquiry,@comcastcares __credit_card__,"CONVERSATION HISTORY:
Customer: @ComcastCares
#mobile_Care you m having issues with my service
Agent: @118536 I see that you've recently posted about your Comcast services, DM your account # so I can look into this &amp; speak privately. ~DB

CURRENT MESSAGE:
@comcastcares __credit_card__",
12681,Customer,GreggsOfficial,Support inquiry,@118543 @GreggsOfficial When I asked for gluten free they ha,"CONVERSATION HISTORY:
Customer: @GreggsOfficial who ate all the pies? Not me, I'm vegan and you don't have any vegan pies!
Customer: @118547 @118548 @GreggsOfficial Not good is it 🙄 why don’t you make #vegan pies &amp; increase your customers? 👍🏻
Agent: @118543 It's not part our plans right now but never say never!
Customer: @GreggsOfficial Sounds like this company needs to modernise &amp; reinvent itself for new dietary requirements 👍🏻👍🏻

CURRENT MESSAGE:
@118543 @GreggsOfficial When I asked for gluten free they had nothing.",
12711,Customer,ChipotleTweets,Support inquiry,@ChipotleTweets can u make the line shorter,"CONVERSATION HISTORY:
Customer: goin 2 get a $3 burrito @ChipotleTweets YEAH halloween
Agent: @118561 Boorito is the best part of Halloween – see you soon. -Becky

CURRENT MESSAGE:
@ChipotleTweets can u make the line shorter",
12726,Customer,ChipotleTweets,Support inquiry,"@ChipotleTweets Beavercreek, OH Zink rd","CONVERSATION HISTORY:
Customer: @ChipotleTweets why is there literally one person working and like 6 people just standing around....
Agent: @118567 That shouldn't be happening. Which location are you at? I'd like to follow up. -Becky

CURRENT MESSAGE:
@ChipotleTweets Beavercreek, OH Zink rd",
12733,Customer,LondonMidland,Support inquiry,@LondonMidland 11.00 am. It was only 10 mins late,"CONVERSATION HISTORY:
Customer: Thanks @LondonMidland We’ve now missed our connection to London Euston 😠🚊
Agent: @118568 Hello Andrew sorry to hear this what journey are you making?
Customer: @LondonMidland Wolverhampton to Bham New Street
Agent: @118568 What time service did you catch? 
If one of our trains is delayed you are entitled to delay repay on the ticket purchased if you reach your end destination more than 30 minutes late as a result
https://t.co/uPQ5ChfSU4

CURRENT MESSAGE:
@LondonMidland 11.00 am. It was only 10 mins late",
12740,Customer,ChipotleTweets,Support inquiry,@ChipotleTweets done,"CONVERSATION HISTORY:
Customer: aye.. i found a fingernail clipping in my burrito @ChipotleTweets ... i'm good on y'all
Agent: @118571 That's very concerning. Please tell us more so we can investigate: https://t.co/Ax7W1Dx3Y9 -Becky

CURRENT MESSAGE:
@ChipotleTweets done",
12757,Customer,SouthwestAir,Support inquiry,@118576 @SouthwestAir Still waiting on my contact too! Guess,"CONVERSATION HISTORY:
Customer: Seems like every time I fly w @SouthwestAir there's an issue. This time they lost my bag w no explanation..
Agent: @118576 We're so sorry to hear this. Did you file a baggage report with our Agents at the airport? ^MA
Customer: @SouthwestAir Yes, just very inconvenient. All my work stuff is in there and I have to be in tomorrow. Thought I could relax tonight. Guess not

CURRENT MESSAGE:
@118576 @SouthwestAir Still waiting on my contact too! Guess today was “mix up the bags” day. I though it was Halloween",
12779,Customer,hulu_support,Support inquiry,@hulu_support While we're at it-on AppleTV how about swiping,"CONVERSATION HISTORY:
Customer: @hulu_support When watching a live program, but not caught up to the live stream, how do I go to live without fast forwarding forever?
Agent: @118584 Hey there. Which device are you on? If Apple TV, try pausing and then swiping right to quickly FF to the live point
Customer: @hulu_support yup, AppleTV. ¡Gracias!
Agent: @118584 No problem! We'll also share the interest in seeing a ""Jump to live"" feature re-added with our dev team!

CURRENT MESSAGE:
@hulu_support While we're at it-on AppleTV how about swiping up during live TV, the last few channels watched be available there? #thanks",
12782,Customer,hulu_support,Support inquiry,"@hulu_support Independence, MO. Thank you","CONVERSATION HISTORY:
Customer: @115940 does Hulu live not get NBC or something? I’m just trying to watch @862 🙄
Agent: @118585 We do our best to offer it live where possible. Is it listed when you visit: https://t.co/rjjbP5u0Fj and enter the billing zip?
Customer: @hulu_support Will it eventually be offered in my area, if it doesn’t already?
Agent: @118585 We can definitely put in a request for you, Karina. Please let us know your city and state when you have the time.

CURRENT MESSAGE:
@hulu_support Independence, MO. Thank you",
12790,Customer,hulu_support,Support inquiry,@hulu_support Thank you for the list. I didn’t think about u,"CONVERSATION HISTORY:
Customer: @hulu_support hey. Just upgraded to the live tv subscription but my 3rd gen Apple TV won’t do live....or am I wrong?
Agent: @118587 Sadly, Live TV isn't supported on that generation of Apple TV. You should be able to access it through: https://t.co/S7I5SNUS3g.

CURRENT MESSAGE:
@hulu_support Thank you for the list. I didn’t think about using my Xbox.",
12807,Customer,Ask_Spectrum,Support inquiry,@Ask_Spectrum 20 Garfield street Saco .Your Answer will be S,"CONVERSATION HISTORY:
Customer: @Ask_Spectrum Do you have any idea when service in the Saco, Maine area will be restored? 04072? Thanks!
Customer: @118591 @Ask_Spectrum #Spectrum Saco Maine 04072 #Spectrum is the worst Internet provider Ever !!!!! https://t.co/bHq0jZn0HJ
Agent: @118590 Hello, I do apologize for the internet issues. Could you please DM us an account number or telephone number? So we can assist you. -BA

CURRENT MESSAGE:
@Ask_Spectrum 20 Garfield street Saco .Your Answer will be Sorry we will send a tech to fix it ,then it will take you 12 days to do it",
12812,Customer,AskPayPal,Support inquiry,@AskPayPal Done!,"CONVERSATION HISTORY:
Customer: My friend requested a payment. I paid and they were charged a fee. Is there anyway we can revert it? @115993 @AskPayPal
Agent: @118592 We are sorry to hear this is happening. In order for us to help get this resolved, please send us a DM with your ... https://t.co/uHPYUDqQCR

CURRENT MESSAGE:
@AskPayPal Done!",
12817,Customer,VerizonSupport,Support inquiry,@VerizonSupport Thanks for quick response. All LEDs on route,"CONVERSATION HISTORY:
Customer: @VerizonSupport any service disruptions in 10036? Router has had no internet for past hour or so.
Agent: @118594 Not that we are aware of at this time. Is the internet light currently lit on your router? If so, what color is it?
^HSB

CURRENT MESSAGE:
@VerizonSupport Thanks for quick response. All LEDs on router were green but no internet. Router DHCP was fine just no outside. Router reset resolved!",
12823,Customer,VerizonSupport,Support inquiry,"@VerizonSupport i sent it in a DM, its too long for a tweet ","CONVERSATION HISTORY:
Customer: @VerizonSupport can you guys stop throttling my internet? i pay for some fast ass internet i shouldnt be getting buffering issues every5secs
Agent: @118596 Sorry to hear about the trouble as we do not throttle. Is this happening on both wired and wireless connections?  ^JRA
Customer: @VerizonSupport yes its happening to both
Agent: @118596 Could you run a speed test from a wired connection at https://t.co/DN3OQWzpgc and post the results please. ^RMD
Customer: @VerizonSupport https://t.co/5THN1Dv2Do
Agent: @118596 What speeds are you getting wired and wireless?
^NHP
Customer: @VerizonSupport 83.85 download 94.99 upload on wired. 61.81 download 54.82 upload wireless
Agent: @118596 Are these close to the speeds in your package?
^JAY
Customer: @VerizonSupport i get 100/100 mbps but what i dont understand is why everything keeps buffering like i get less than a Mb
Agent: @118596 What site are you accessing that you see buffering with? Have you had a chance to run tracerts to verify the issue? ^JRA
Customer: @VerizonSupport youtube, twitch are the main sites i have trouble with. wpuld you like me to post results of the tracerts from these two websites?
Agent: @118596 Yes, Please post so we can review the results. ^NHP

CURRENT MESSAGE:
@VerizonSupport i sent it in a DM, its too long for a tweet :)",
12846,Customer,AskPlayStation,Support inquiry,@AskPlayStation Apple TV 4K at the moment. Not using others,"CONVERSATION HISTORY:
Customer: PSVUE is lagging out tonight. Keeps freezing, rewinding itself, etc. and no, it’s not my internet. Making it really hard to watch WS Game
Agent: @118601 We are happy to help! What devices do you use for PlayStation Vue and are they all being affected?

CURRENT MESSAGE:
@AskPlayStation Apple TV 4K at the moment. Not using others",
12856,Customer,MicrosoftHelps,Support inquiry,@MicrosoftHelps Windows 10,"CONVERSATION HISTORY:
Customer: @116230  please help me out I’m having trouble
Customer: @118602 Hi, there. We're happy to help! Can you tell us more about what you're experiencing?
Customer: @116230  https://t.co/F6bCW3QbNT
Agent: @118602 Hi. Let's take a look at this. Which Windows version are you using? Have you made any changes prior to the issue?

CURRENT MESSAGE:
@MicrosoftHelps Windows 10",
12863,Customer,MicrosoftHelps,Support inquiry,@MicrosoftHelps The store never gave me an error message.  I,"CONVERSATION HISTORY:
Customer: @MicrosoftHelps Your automated phone support system really needs a ""just let me talk to an actual person NOW"" option.
Customer: @MicrosoftHelps (2/?) Long story short, tried to buy a new Win10 key through the store, got charged, but store just gave a ""try again"" button and ...
Customer: @MicrosoftHelps (3/3) ... Windows didn't activate. Clicked ""try again"", and now the store is just sitting there with the ""thinking/working"" animation.
Agent: @118603 Hello there! Let's sort this out. Can you send us a screenshot of the exact error message that you received?

CURRENT MESSAGE:
@MicrosoftHelps The store never gave me an error message.  It's STILL sitting there ""thinking/working"" after 2 hours.",
12871,Customer,MicrosoftHelps,Support inquiry,@MicrosoftHelps Thanks. Do you have any other suggestion?,"CONVERSATION HISTORY:
Customer: @MicrosoftHelps I'm having trouble signing in. I tried to reset my password via text to my phone but I didn't receive any text. Any help?
Agent: @118604 Hi, Yuyut. On what account or device are you trying to sign in?
Customer: @MicrosoftHelps Would you mind if we discuss this matter via email instead?
Agent: @118604 2/2  Click ""Ask a Question"" on the upper right corner. Thank you.

CURRENT MESSAGE:
@MicrosoftHelps Thanks. Do you have any other suggestion?",
12875,Customer,MicrosoftHelps,Support inquiry,"@MicrosoftHelps Yes, I am using wifi. Date and time are corr","CONVERSATION HISTORY:
Customer: @MicrosoftHelps Microsoft Minesweeper game from Microsoft Store can't be installed on phone. It says error 0x803FB005.
Agent: @118605 Hi, Yudhi. Let's sort this out. Are you using Wi-Fi? Can you check your phone's date and time? Have you tried any troubleshooting?

CURRENT MESSAGE:
@MicrosoftHelps Yes, I am using wifi. Date and time are correct. Only this game can't be download Mobile Store. Other apps are fine.",
12888,Customer,MicrosoftHelps,Support inquiry,@MicrosoftHelps am in a different time zone and seems like y,"CONVERSATION HISTORY:
Customer: @MicrosoftHelps hi! ever since I updated my windows 10 recently...the screen saver settings have been altered!
Customer: @MicrosoftHelps the screen saver cannot be stopped whenever I touch the mouse or any of the keys of the keyboard as it used to before...
Customer: @MicrosoftHelps i have to switch it off (to sleep) then back on to log on...kindly help!
Agent: @118606 Hi, Alice! Let's work on this together. Can you send us a screenshot or video, so we can easily figure it out?
Customer: @MicrosoftHelps here is the video...its showing my PC on screen saver...but does not respond whenever i touch any keys or mouse pad...i have to switch off.. https://t.co/8B9WsrzmoI
Customer: @MicrosoftHelps so as to log back on. kindly help!
Agent: @118606 Hello, Alice. Just doing a follow-up on your case. Are you still experiencing the issue?
Customer: @MicrosoftHelps apparently yes, i did the dism scan, but kept on giving me the error message of couldn't find the source files...
Agent: @118606 No worries, Alice. Our technical team will further assist you with this. You can reach them on this link: https://t.co/kWTy40Cj8w.

CURRENT MESSAGE:
@MicrosoftHelps am in a different time zone and seems like you will come online at 4pm EAT. (in the next 30 minutes)",
12916,Customer,AskAmex,Support inquiry,@AskAmex Yes I'm looking for the may 27 bayou fest in New Or,"CONVERSATION HISTORY:
Customer: @AskAmex how do I get discounted tickets from Ticketmaster
Agent: @118620 Hi Jennifer, thx for tweeting us. Are you looking for a specific Amex sponsored event? ^Naomi

CURRENT MESSAGE:
@AskAmex Yes I'm looking for the may 27 bayou fest in New Orleans",
12936,Customer,TacoBellTeam,Support inquiry,"@TacoBellTeam Pinole, California.","CONVERSATION HISTORY:
Customer: @TacoBellTeam I asked no tomatoes on anything and they left them on.
Agent: @118630 Oh no. Where did this happen?

CURRENT MESSAGE:
@TacoBellTeam Pinole, California.",
12940,Customer,TacoBellTeam,Support inquiry,"@TacoBellTeam Glassboro, NJ","CONVERSATION HISTORY:
Customer: Nothing like waiting 30+ minutes for @118625 getting home and realizing your order is completely wrong!
Agent: @118631 That's too long. Where did this happen?

CURRENT MESSAGE:
@TacoBellTeam Glassboro, NJ",
12974,Customer,TacoBellTeam,Support inquiry,"@TacoBellTeam 9008 Holly Rd, Grand Blanc, MI 48439
Its a rec","CONVERSATION HISTORY:
Customer: Im so tired of .@118625 giving me chicken burritos with literally a half a bite of chicken in them. Rude.
Agent: @118647 Oh no. Where did you get this?

CURRENT MESSAGE:
@TacoBellTeam 9008 Holly Rd, Grand Blanc, MI 48439
Its a recurring issue :(",
12978,Customer,TacoBellTeam,Support inquiry,@TacoBellTeam Mooresville NC. Our entire order was full of s,"CONVERSATION HISTORY:
Customer: @118625 How in the heck am I supposed to eat this? 😡 https://t.co/jfL8Xiy8qG
Agent: @118648 Oh no. Where did you get this?

CURRENT MESSAGE:
@TacoBellTeam Mooresville NC. Our entire order was full of stale shells and hard tortillas. :(",
12982,Customer,TacoBellTeam,Support inquiry,"@TacoBellTeam Racine, WI🙁","CONVERSATION HISTORY:
Customer: So decided to get a potato LOADED griller at Taco Bell today... wtf is this there was like 4 potatoes... it’s 97% tortilla😂😅 @118625 https://t.co/UKWLA25UOx
Agent: @118649 Oh no. Where did you get this?

CURRENT MESSAGE:
@TacoBellTeam Racine, WI🙁",
12989,Customer,TacoBellTeam,Support inquiry,@TacoBellTeam It’s always the same. Things will never change,"CONVERSATION HISTORY:
Customer: @TacoBellTeam ordered 3 breakfast tacos. WTF would you give reg. Soft tacos instead. It’s not even time to serve those yet?
Agent: @118651 Let's make up. DM us.

CURRENT MESSAGE:
@TacoBellTeam It’s always the same. Things will never change. I always end up lonely late at night with someone else’s tacos 😭 I thought you loved me.",
12999,Customer,TacoBellTeam,Support inquiry,@TacoBellTeam Also said location did NOT apologize in any wa,"CONVERSATION HISTORY:
Customer: Dear @118625 get your shit together. I'm stuck in drive thru for over 20 minutes and only 5 cars in front of me.
Agent: @118656 That's not cool. Where did this happen?
Customer: @TacoBellTeam Dixie highway near Williams lake in Waterford Michigan. Same location I tweeted at you that shorted me on nacho cheese I PAID for. https://t.co/mmVPazergu

CURRENT MESSAGE:
@TacoBellTeam Also said location did NOT apologize in any way for the wait. I've been given cinnamon twists at other locations for saying that long",
13010,Customer,TacoBellTeam,Support inquiry,"@TacoBellTeam The store in Lehigh Acres, Florida off Lee blv","CONVERSATION HISTORY:
Customer: What in gods name is this....!! @118625 I ordered 2 soft tacos w/ extra cheese. Where's the lettuce?? #really ? https://t.co/SkMrYYblUN
Agent: @118660 This isn't okay. Where did you get this?

CURRENT MESSAGE:
@TacoBellTeam The store in Lehigh Acres, Florida off Lee blvd. near walmart",
13026,Customer,TacoBellTeam,Support inquiry,"@TacoBellTeam Bozeman, Montana","CONVERSATION HISTORY:
Customer: Something seems wrong here @118625 https://t.co/LeVSugRnKe
Agent: @118666 That's not cool. Where did you get this?

CURRENT MESSAGE:
@TacoBellTeam Bozeman, Montana",
13037,Customer,TacoBellTeam,Support inquiry,"@TacoBellTeam Taco Bell on Alexis in toledo Ohio, I want fre","CONVERSATION HISTORY:
Customer: @118625  yo how y’all run out of ground beef ?
Agent: @118670 That's not cool. Where did this happen?

CURRENT MESSAGE:
@TacoBellTeam Taco Bell on Alexis in toledo Ohio, I want free tacos. 👯👯",
13062,Customer,TacoBellTeam,Support inquiry,@TacoBellTeam Thank you my Xbox one x will be delivered  tom,"CONVERSATION HISTORY:
Customer: The world’s most powerful console is almost here.
Reserve your #XboxOneX today, play it November 7: https://t.co/0N3SSXAIu0 #FeelTruePower https://t.co/4qRd43TTFC
Customer: @115786 Do you know when the winners of the @118625 Xbox One X will receive their systems. Thanks #FeelTruePower
Agent: @118674 Prizes will ship to verified winners the week of 10/30-11/3. Winners will receive a tracking number via email when it's on the way.
Customer: @TacoBellTeam @118674 I'm not able to see my tracking number who can I call or speak to to get my tracking number
Agent: @118673 We can help. DM us.
Customer: @TacoBellTeam Sorry just got my tracking number
Agent: @118673 Awesome. Thanks for the update.

CURRENT MESSAGE:
@TacoBellTeam Thank you my Xbox one x will be delivered  tommrow",
13065,Customer,TacoBellTeam,Support inquiry,@TacoBellTeam At the store on palo verde and Stearns in Long,"CONVERSATION HISTORY:
Customer: @TacoBellTeam went through the drive through in Long Beach and they forgot my husbands quesarito 😢
Agent: @118675 Oh no. Where did this happen?

CURRENT MESSAGE:
@TacoBellTeam At the store on palo verde and Stearns in Long Beach",
13077,Customer,TacoBellTeam,Support inquiry,@TacoBellTeam Mossbluff Louisiana,"CONVERSATION HISTORY:
Customer: @118625 needs to step up their game! Where is my meat and why is nothing I ordered right?! https://t.co/XvayO2JJvA
Agent: @118680 This isn't okay. Where did you get this?

CURRENT MESSAGE:
@TacoBellTeam Mossbluff Louisiana",
13095,Customer,TacoBellTeam,Support inquiry,"@TacoBellTeam Webb City, MO. It's cool. I'll be back. Tacobe","CONVERSATION HISTORY:
Customer: Someon at @118625 needs to reevaluate their definition of ""soft taco"" https://t.co/OODRtoqQJe
Agent: @118688 We hear you. Where did you get this?

CURRENT MESSAGE:
@TacoBellTeam Webb City, MO. It's cool. I'll be back. Tacobell is life",
13108,Customer,TacoBellTeam,Support inquiry,@TacoBellTeam This was in Roseville Michigan. Not a knock on,"CONVERSATION HISTORY:
Customer: @118693 how are you open serving just fries, drinks and dessert?! Why be open 24hrs then? Line @TacoBellTeam down the road https://t.co/ngzz3cO0Su
Agent: @118692 That's not cool. Where did this happen?

CURRENT MESSAGE:
@TacoBellTeam This was in Roseville Michigan. Not a knock on the Bell, just glad you guys were there serving actual food Late night. #forthmeal",
13118,Customer,TacoBellTeam,Support inquiry,@TacoBellTeam I appreciate you. ✊🏼,"CONVERSATION HISTORY:
Customer: Step up your game lol. This is bullshit. @118625 https://t.co/yO7ZasHbZZ
Agent: @118696 Oh no. Where did you get this?
Customer: @TacoBellTeam 8390 NW Expressway
Oklahoma City, OK  73162
United States 📍
Agent: @118696 Thanks. We're on it.

CURRENT MESSAGE:
@TacoBellTeam I appreciate you. ✊🏼",
13177,Customer,AmazonHelp,Support inquiry,@AmazonHelp É o livro Os arquivos secretos do homem morcego.,"CONVERSATION HISTORY:
Customer: Meu bebê chegou. Obrigado @117086 💙 https://t.co/I3fqrg94Fb
Agent: @118707 Que notícia boa, Luiz! Fiquei curioso... O que contém esse pacote? 🤔 ^CR https://t.co/DtVI16kHN1

CURRENT MESSAGE:
@AmazonHelp É o livro Os arquivos secretos do homem morcego. Simplesmente magnífico",
13180,Customer,AmazonHelp,Support inquiry,"@AmazonHelp yes spoke w/ customer service, still canceling m","CONVERSATION HISTORY:
Customer: y'all gotta get rid of AMZL and try again @115821
Agent: @118708 I'm very sorry to hear that, J! Have you had trouble with a recent order/delivery? ^HM

CURRENT MESSAGE:
@AmazonHelp yes spoke w/ customer service, still canceling my prime though since it does literally nothing apparently",
13186,Customer,AmazonHelp,Support inquiry,"@AmazonHelp Yes, butvthey lied. Told me carrier and said the","CONVERSATION HISTORY:
Customer: .@115821 support is sure going down hill. 6 hours later and still no call and I'm a Prime member
Customer: @115821 WTF! Called them again and again, the call was dropped after 5 seconds of talking to someone. This is my 4th call for product NOT delivered
Agent: @118709 Was any information provided to you in the phone conversation? Who was the carrier as listed here:  https://t.co/Y5jpI9gRhE ^CH

CURRENT MESSAGE:
@AmazonHelp Yes, butvthey lied. Told me carrier and said they would contact and call me back. The never called. I hsdvto make 2 additional calls",
13197,Customer,AppleSupport,Support inquiry,@AppleSupport Sent,"CONVERSATION HISTORY:
Customer: Écran d’iPhone cassé. Impossible à connecter sur iTunes ... des astuces svp ? @AppleSupport
Agent: @118713 We offer support via Twitter in English. Contact us for help in your preferred language here: https://t.co/IBIY3vMgPj
Customer: @AppleSupport My screen is broken and I’d like to connect in iTunes in order to save my data. How can I do ? iTunes request to unlock my device ...
Customer: @AppleSupport Connect to*
Agent: @118713 We understand how tough that is. Please send us a DM to let us know if you have a recent backup in iCloud, or iTunes. https://t.co/GDrqU22YpT

CURRENT MESSAGE:
@AppleSupport Sent",
13208,Customer,AppleSupport,Support inquiry,@AppleSupport It gets stuck sideways and it will go up to pr,"CONVERSATION HISTORY:
Customer: Annnnnnd @115858 releases the best update yet!!!!! 70 new emojis!?! Fuck yes. But fix my iMessage first. Kthanks.
Agent: @118716 We're glad you're excited about the emojis! Let us help with iMessage. What's going on?

CURRENT MESSAGE:
@AppleSupport It gets stuck sideways and it will go up to previous messages and not show me the latest until I close the app and reopen.",
13218,Customer,AppleSupport,Support inquiry,@AppleSupport Thanks fixed!!,"CONVERSATION HISTORY:
Customer: @118721 @AppleSupport my iPhone is not syncing and stuck on 'Copying diagnostic information'? 6s, latest version iOS and iTunes.
Customer: @118720 @118721 @AppleSupport Been having same issue
Agent: @118719 We want to help. DM us details on the iOS version you have and which iTunes version. We'll work with you there. https://t.co/GDrqU2kzhr

CURRENT MESSAGE:
@AppleSupport Thanks fixed!!",
13238,Customer,Tesco,Support inquiry,Why bother @Tesco I've reported many in Colchester &amp; you,"CONVERSATION HISTORY:
Customer: Even more #PavementParking by another inconsiderate selfish @Tesco driver in Colchester. https://t.co/qYUC4FRp7k
Agent: @118731 Can you please let me know the time and address of where this happened? I can ensure it is addressed. TY - Chris 2/2

CURRENT MESSAGE:
Why bother @Tesco I've reported many in Colchester &amp; your company really DGAF &amp; it continues. Want it stopped then deal with the depot.",
13272,Customer,Delta,Support inquiry,@Delta Thank you!,"CONVERSATION HISTORY:
Customer: @Delta hi. I've just received a skymiles card from Amex. How can I check my skymiles account using the number on the card?
Agent: @118735 Hi Bruno, you can put this number online at https://t.co/lVlOjYwO0A and access your account. *AMS
Customer: @Delta But a password is requested
Agent: @118735 From here it should have you fill in your address and prompt you to set up security questions and a password.  *TJW

CURRENT MESSAGE:
@Delta Thank you!",
13291,Customer,TMobileHelp,Support inquiry,"@TMobileHelp Then go fix my issue, *ErikaHoleman","CONVERSATION HISTORY:
Customer: Happy Monday. Not. Another reminder of a 1-bar life with @115911. Yuck.
Agent: @118741 Let us change thatm. DM us, let's see what's going on there. *JoanO
Customer: @TMobileHelp Check my account. You will see my ongoing calls and tickets.
Agent: @118741 Thank you so much for reaching out can you send us a DM so we can check things out. *AaronB
Customer: @TMobileHelp You have been CHECKING THINGS OUT since March 2017, @115911 !
Agent: @118741 That's definitely a long time- we want #Resolution! Send a DM My way: https://t.co/jGtdfLsVbg *ErikaHoleman
Customer: @TMobileHelp @115911 Auto-posted and reposted responses? Not nice!  THIS HAS BEEN A LONG TIME. What are you doing to do, @115911 ?
Agent: @118741 We're all individual reps here on T-Force ready to get a DM from you so we can work together on things! *ErikaHoleman

CURRENT MESSAGE:
@TMobileHelp Then go fix my issue, *ErikaHoleman",
13304,Customer,AmericanAir,Support inquiry,@AmericanAir Sent DM. Still no commitment to better staff tr,"CONVERSATION HISTORY:
Customer: @AmericanAir Flght attndnt gives me, US born citizen, English lesson. AA said will record my complaint in system. Do better - train your staff! #stockreplies #microaggression
Agent: @118743 Gate information is shared on the website. Just input your flight number here: https://t.co/hSJ3SkyGEd.
Customer: @AmericanAir Problem is when you check the website compulsively and it’s not updated!
Agent: @118743 We understand that's important to update info quickly and we appreciate your feedback on this.
Customer: @AmericanAir Comment doesn’t address problematic comment made by flight attendant.
Agent: @118743 Please DM your record locator. We'd like to share this feedback with the Flight Service leadership team.

CURRENT MESSAGE:
@AmericanAir Sent DM. Still no commitment to better staff training and improve web alert function. Sad this is one of our leading airlines. Might be better off with JAL, CX, etc.",
13314,Customer,AmericanAir,Support inquiry,@AmericanAir She says she can't wait to get her wings ❤️,"CONVERSATION HISTORY:
Customer: I was 8 when I told them I'd be a pilot
American Airlines has the prettiest planes
Halloween 2017 @118746 @118747 @118748 https://t.co/xEjDA9aEY3
Customer: @118746 @118747 @118748 We even managed to find a real @AmericanAir lapel pin! She was disappointed we couldn't get AA wings though! https://t.co/4Ench23Pkn
Agent: @118745 She looks like a future pilot to us! We can't wait to have her in the captain's chair.

CURRENT MESSAGE:
@AmericanAir She says she can't wait to get her wings ❤️",
13326,Customer,VerizonSupport,Support inquiry,@VerizonSupport It appears everything is fine now.... this h,"CONVERSATION HISTORY:
Customer: Starting to wonder about @115722 ... getting 1/3 my speed again...
Agent: @118754 Let's get you up to speed! Are you getting the speed issue on wired or wireless connections? ^DDD
Customer: @VerizonSupport Definite wireless. My Xbox is wired, and video constantly slows and has to cache. So I think that too
Agent: @118754 Thank you and sorry to hear about the trouble. With no other active devices post your wired results from https://t.co/nvgWR6fWrr so we have a benchmark to work with. ^JRA
Customer: @VerizonSupport It’s a little higher now https://t.co/Lg4MzEaYY2
Agent: @118754 Those wireless speeds look good. What do you get wired with no other active devices? ^JRA

CURRENT MESSAGE:
@VerizonSupport It appears everything is fine now.... this happens a lot, randomly",
13360,Customer,ChipotleTweets,Support inquiry,@ChipotleTweets Any word from your team?,"CONVERSATION HISTORY:
Customer: Throwback to last night when our @ChipotleTweets order name was “Plz add salad dressing” and they didn’t add salad dressing.
Agent: @118764 I'm sorry about that. Where did you visit? -Jen
Customer: @ChipotleTweets Lutherville, MD!
Agent: @118764 I'll follow up with our team. -Jen

CURRENT MESSAGE:
@ChipotleTweets Any word from your team?",
13366,Customer,ChipotleTweets,Support inquiry,@ChipotleTweets no but would it have made a difference if I ,"CONVERSATION HISTORY:
Customer: @ChipotleTweets went to chipotle to get $3 bowls and got charged regular price even though my sis was wearing a costume right next to me ??
Agent: @118766 Were you in a costume, as well? -Becky

CURRENT MESSAGE:
@ChipotleTweets no but would it have made a difference if I gave my sister the money and she paid instead?",
13370,Customer,ChipotleTweets,Support inquiry,@ChipotleTweets You need signs then. Like the ones for lemon,"CONVERSATION HISTORY:
Customer: @ChipotleTweets thanks for the boorito. Why don’t your stores have knives?
Agent: @118767 We should have them available – just ask a cashier. -Becky

CURRENT MESSAGE:
@ChipotleTweets You need signs then. Like the ones for lemons now they are behind the counter. Why is it ""food safe"" for forks but not spoons and knives?",
13395,Customer,SouthwestAir,Support inquiry,@SouthwestAir Thank you for the link - applied &amp; approve,"CONVERSATION HISTORY:
Customer: @SouthwestAir as a CA resident how do I apply for your credit card and companion pass special??? Thank you!!
Agent: @118778 Hi, Crystal! If you're looking to be a new Rapid Reward cardholder, you can apply here: https://t.co/AlOkr7fFaM. ^TL

CURRENT MESSAGE:
@SouthwestAir Thank you for the link - applied &amp; approved. Score!",
13404,Customer,hulu_support,Support inquiry,@hulu_support Love Hulu. Just wish I could watch late at nig,"CONVERSATION HISTORY:
Customer: Really don’t like the New HULU upgrades. Says my list is empty 90% of the time, and doesn’t show what is one the 90% of the time. @115940 https://t.co/2UHz8Gr12K
Agent: @118781 Oh no! If powering off your device and modem/router doesn't help, please contact us via phone or chat: https://t.co/6YdK7bvQN7.
Customer: @hulu_support Now it won’t even buffer all the way. I can’t find out what the shows on my list are, because nothing will load. I’ll call tomorrow.
Agent: @118781 Hey there! We're just circling back to make sure you're all set. If you need anything further, we're always just a tweet away! 💚

CURRENT MESSAGE:
@hulu_support Love Hulu. Just wish I could watch late at night in bed. I’m impressed that you thought to follow up with me. Thank you.",
13418,Customer,hulu_support,Support inquiry,"@hulu_support i have tried everything! Once again,its a Fite","CONVERSATION HISTORY:
Customer: @hulu_support seriously https://t.co/UDvQEM3QoI to watch the World Series live and this is the BS I have been dealing with!! https://t.co/yUmxUvDwU0
Agent: @118784 No issues to report on our end but we're here to help out. Have you tried: https://t.co/HXpLyTU79x? What device is this on?

CURRENT MESSAGE:
@hulu_support i have tried everything! Once again,its a Fitestick!no issues with @116602 or @115821 now i am locked out of 9th inning👎puke https://t.co/jOlgtTj3D7",
13444,Customer,Ask_Spectrum,Support inquiry,@Ask_Spectrum A dm with what? I don’t have questions. I have,"CONVERSATION HISTORY:
Customer: Who do y’all have for internet and cable. Cause im done with @115955’s shady billing bullshit.
Agent: @118792 Hello, If you have questions about your account or your bill, I will be happy to assist. Please send me a DM with... https://t.co/FGf1uIIH6P

CURRENT MESSAGE:
@Ask_Spectrum A dm with what? I don’t have questions. I have issues with how the company sneaks extra fees on my account.",
13460,Customer,AmazonHelp,Support inquiry,@AmazonHelp Schnippig ist sie auch noch? Wird ja immer inter,"CONVERSATION HISTORY:
Customer: ""Alexa, häng die Wäsche auf"" ?! 🤔
#Amazon #Ariel #AmazonEcho https://t.co/Cav3Pli81W
Agent: @118798 😃... das wäre toll! Soweit ist sie aber noch nicht. Wird eher in die Richtung ""Hey, deine Wäsche ist fertig! Zack zack, aufhängen!"" gehen. ^TG

CURRENT MESSAGE:
@AmazonHelp Schnippig ist sie auch noch? Wird ja immer interessanter 😅",
13463,Customer,AskPlayStation,Support inquiry,@AskPlayStation Funny thing is I couldn't see my friend onli,"CONVERSATION HISTORY:
Customer: @AskPlayStation quick question guys.. would you know why I am suddenly appearing online when I am in offline mode in Destiny 2?
Agent: @118799 Sorry to hear that! Disconnect your router and console from the power source for 3 minutes, reconnect them and try again.
Customer: @AskPlayStation OK I'll give it a try
Agent: @118799 Great! Keep us posted.

CURRENT MESSAGE:
@AskPlayStation Funny thing is I couldn't see my friend online who I asked. So yeah... don't know if it's a server issue or something else.",
13469,Customer,AskPlayStation,Support inquiry,@AskPlayStation When you go to CN you get nothing but one sh,"CONVERSATION HISTORY:
Customer: @AskPlayStation exactly the same problem. https://t.co/bIrhjoiMWZ
Agent: @118800 Hi. We are unable to access external links. Provide us with more details of this issue in order to assist you better.

CURRENT MESSAGE:
@AskPlayStation When you go to CN you get nothing but one show and not a live option.",
13474,Customer,Morrisons,Support inquiry,@Morrisons That was Maldon store. Very helpful and friendly ,"CONVERSATION HISTORY:
Customer: Thanks to @morrisons for letting us bag pack today. £310 towards our boat fund. Well done to scouts cubs and beavers for their efforts.
#iScout
Agent: @118801 Hi there, that's great well done!! :) Please let me know which store this was and I'll pass on your feedback :) - Kirsty

CURRENT MESSAGE:
@Morrisons That was Maldon store. Very helpful and friendly people on the tills. @118802 say  #thankyou",
13478,Customer,ChaseSupport,Support inquiry,"Where is my checks, @116016? Is it really so complicated?  @","CONVERSATION HISTORY:
Customer: What @116016 uses 2 send checkbooks? Mules? Service dogs? 15 workdays later and nothing. Fee? Checked! Fee 4 spare 1s? Checked @ChaseSupport
Agent: @118803 I’d like to take a closer look at this for you. Could you please DM your name &amp; zip code? ^JG https://t.co/znUu1VJn9r
Customer: @ChaseSupport follow me so I can DM
Agent: @118803 Please feel free to use the link provided to DM us. ^JG https://t.co/znUu1VJn9r

CURRENT MESSAGE:
Where is my checks, @116016? Is it really so complicated?  @ChaseSupport",
13490,Customer,CoxHelp,Support inquiry,@CoxHelp I see that you have experience in surviving horror ,"CONVERSATION HISTORY:
Customer: Could you survive a horror movie?
Test your survival skills with our Halloween movie collection #nowplaying On Demand! 💀🍿 https://t.co/qn7edGnSHE
Customer: @116021 Knock knock
Agent: @118807  Please let us know if you need assistance.  -Brenda

CURRENT MESSAGE:
@CoxHelp I see that you have experience in surviving horror movies. Well, jokes on you. I survived the emoji movie, the most terrifying movie ever.",
13496,Customer,AskeBay,Support inquiry,@AskeBay It isn’t. Same with website. Went to https://t.co/G,"CONVERSATION HISTORY:
Customer: @115937 your HOng Kong mobile site and app sucks. I don’t read Chinese yet there isn’t an obvious place to change language #badux
Agent: @118809 The app should generally match the language on your device O/S settings. Please let us know if that isn't lining up.  ^CM

CURRENT MESSAGE:
@AskeBay It isn’t. Same with website. Went to https://t.co/GfXfk1tNgw. When I try to put my address it defaults to https://t.co/9kO3ccHVyJ which is in Chinese.",
13503,Customer,XboxSupport,Support inquiry,@XboxSupport Dont solution nothing follow same,"CONVERSATION HISTORY:
Customer: @XboxSupport  solución porfa no puedo acceder a la tienda https://t.co/pJ5mDpYavX
Agent: @118811 We're happy to help, but we're an English Support Channel. If you'd like to continue support in English let us know.
 ^RR

CURRENT MESSAGE:
@XboxSupport Dont solution nothing follow same",
13556,Customer,O2,Support inquiry,"@O2 Ok, following.","CONVERSATION HISTORY:
Customer: @O2 Why does the o2 Priority app want to read the contents of USB storage?
Agent: @118824 Hi Jack, can you please send us a screen shot of where it shows this and we'll take a look?
Customer: @O2 https://t.co/H82QINGiWH
Agent: @118824 Hi Jack, can you send us across the handset make and model you're using and the software version you're running please? Thanks.
Customer: @O2 This is on my LG Nexus 5 running Android 6.0.1. My Oneplus 2 says the same thing. The app version is 2.12.0 as shown in the screenshot.
Agent: @118824 Great thanks.
Customer: @O2 Any progress on this?
Agent: @118824 No update right now Jack but we'll be back in touch as quickly as we can.
Customer: @O2 It shouldn't take over a week to give a justification for an app permission. That information should be in the app description.
Agent: @118824 Thanks for your patience. The permission was required for crash reporting purposes. This will be removed in the next app update.
Customer: @O2 The o2 Priority app again wants new permissions with no explanation. This time it's run at startup and draw over other apps. Please explain.
Agent: @118824 🤔 We're not sure what you mean Jack. Please DM us screenshots of what you're seeing. https://t.co/X6jjaZO883
Customer: @O2 For some reason the add photo button wasn't working in the DM, so I'll send it here. https://t.co/x44np1anXf
Agent: @118824 When the Priority App is updated permissions change, you can turn them off in Settings &gt; Applications &gt; Priority App. #O2Guru
Customer: @O2 Neither of those permissions can be disabled. Also, 'permissions change when updated' doesn't explain why the permissions are needed.
Agent: @118824 For full and optimum use of the App these permissions are recommended. If you're unhappy you can disable them as above 😃#O2Guru
Customer: @O2 But why? They weren't before. Also, no, those particular permissions can not be disabled.
Agent: @118824 So just to clarify what phone were you using before this one? #O2Guru
Customer: @O2 I see this on both my OnePlus 2 and my LG Nexus 5. Both are running Android 6.0.1. Though Android permissions aren't device specific.
Agent: @118824 If the permissions cannot be disabled, they must be required to run the Priority app as efficiently as possible #O2Guru
Customer: @O2 Again though, why? They weren't in the previous version and there's nothing in the what's new section that correlates to the new permissions
Agent: @118824 Can you please follow us Jack, so we can send you some info? #O2Guru

CURRENT MESSAGE:
@O2 Ok, following.",
13567,Customer,AmazonHelp,Support inquiry,@AmazonHelp https://t.co/saX0kAZVCW!,"CONVERSATION HISTORY:
Customer: @115821 it’s not nice to upset a kid (my daughter) on Halloween waitin’ for her dress it was prime and extra paid and you guys failed her !
Agent: @118829 I'm sorry for the delay in delivery. Could you let us know from which website did you make the purchase? ^RW

CURRENT MESSAGE:
@AmazonHelp https://t.co/saX0kAZVCW!",
13580,Customer,AppleSupport,Support inquiry,@AppleSupport Ohh got 11.2 beta 1 😸 https://t.co/iObpTCjQkp,"CONVERSATION HISTORY:
Customer: @115858 @AppleSupport buggie spotted https://t.co/uiuCiaj3Pl
Agent: @118833 Let's work this out! Have you been able to update to iOS 11.1? If not, use the steps here: https://t.co/80YRnjDFDk

CURRENT MESSAGE:
@AppleSupport Ohh got 11.2 beta 1 😸 https://t.co/iObpTCjQkp",
13601,Customer,Uber_Support,Support inquiry,@Uber_Support ...and then lunge toward the person they're pi,"CONVERSATION HISTORY:
Customer: Hey @AskLyft and @Uber_Support your drivers are absolutely terrible around cyclists and pedestrians - plz provide training! #vulnerable
Agent: @118841 We can take a look! Send us a note via https://t.co/fS660rQ8NQ so our team can get in touch.
Customer: @Uber_Support I'm not a member. I just want your drivers to be more cognizant of what's going on around them. Instead they just stare at their phones 1/2

CURRENT MESSAGE:
@Uber_Support ...and then lunge toward the person they're picking up without paying attention to what's going on around them. v dangerous. 2/2",
13610,Customer,Delta,Support inquiry,@Delta Yes. I need some help/exception for a reservation. Ca,"CONVERSATION HISTORY:
Customer: @Delta got hung up on after 49 min wait for a supervisor. What gives?
Agent: @118843 Sorry to hear that happened, Asher. Let us know if we can assist via Twitter.  *ALA

CURRENT MESSAGE:
@Delta Yes. I need some help/exception for a reservation. Can I pm you the info?",
13614,Customer,Delta,Support inquiry,@Delta It was on a flight from ATL to NXA arrived at 3:55 lo,"CONVERSATION HISTORY:
Customer: @Delta big thanks to your employee finding my left on plane @118845 headphones &amp; holding until my return #greatcustomerservice
Agent: @118844 So great to hear that you were reunited with your headphones! *ALA

CURRENT MESSAGE:
@Delta It was on a flight from ATL to NXA arrived at 3:55 local. FYI. Go thank them. I will when I get there",
13617,Customer,Delta,Support inquiry,@Delta We are now finally about to take off flight 2576 only,"CONVERSATION HISTORY:
Customer: @Delta an hour delay from Detroit to Phoenix because of a computer issue that was no closer to being resolved while we boarded is not cool
Agent: @118846 Oh no, I'm sorry Dan for any inconvenience. Our goal is to have safe and on time service. *TBT

CURRENT MESSAGE:
@Delta We are now finally about to take off flight 2576 only 2 and a half hours later. Is there anything you can do to make this right?",
13632,Customer,comcastcares,Support inquiry,@comcastcares Not at the community center - we'll be back at,"CONVERSATION HISTORY:
Customer: Sorry team, our Wifi is still down due to ongoing problems with @116136 @115900 - Disappointing but we'll keep you posted.
Agent: @118848 Hello, I apologize about the interruption and I can further investigate this. Please DM me the full name and address on the account. -ADW
Customer: @comcastcares The DC Center for the LGBT Community
2000 14th Street NW Suite 105
Washington DC 20009
Agent: @118848 Can you please delete the public post including your information and send it to me in a DM? -ADW
Customer: @comcastcares It's been 5 days of no wifi and thousands of dollars in staff time lost.  I'll delete post when wifi works - and will tweet daily till fixed
Agent: @118848 We advise deleting only the tweet that has your address. We would need it to be sent in a DM so we can pull up the account pricatley. -DC
Customer: @comcastcares I've sent it in a DM - I just need our wifi to work - please do something -
Agent: @118848 It will take about 15 min to reset. Is it ok to do this now? -DC

CURRENT MESSAGE:
@comcastcares Not at the community center - we'll be back at 11:00 AM EST Tomorrow",
13643,Customer,TMobileHelp,Support inquiry,"@TMobileHelp Thanks Jay, have a great night!","CONVERSATION HISTORY:
Customer: @TMobileHelp Can I buy an iPhone X outright in store on Friday?
Agent: @118852 Hey Patrick I'm happy to let you know that you are able to buy the iPhone X in our stores beginning Friday. We ex... https://t.co/0FZGAF7Bwr
Customer: @TMobileHelp Thanks!p, great support! Is that call to reserve a phone or to check stock levels?
Agent: @118852 To check stock levels store's usually aren't able to reserve you a phone but doesn't hurt to ask them. *JayMartinez

CURRENT MESSAGE:
@TMobileHelp Thanks Jay, have a great night!",
13667,Customer,ChipotleTweets,Support inquiry,"@ChipotleTweets the one on Ponce De Leon in Atlanta, Ga","CONVERSATION HISTORY:
Customer: When you dress up to go to @ChipotleTweets and they turn you away at 9:40 😭😤
Agent: @118862 That shouldn't happen – my apologies. Which location did you visit? I'd like to follow up. -Becky

CURRENT MESSAGE:
@ChipotleTweets the one on Ponce De Leon in Atlanta, Ga",
13696,Customer,hulu_support,Support inquiry,@hulu_support Thanks I'll give it a shot,"CONVERSATION HISTORY:
Customer: @115940 live streaming has been unwatchable for the last few weeks. On demand shows stream fine but live tv just buffers on every device.
Agent: @118874 In general, Live TV requires a stronger connection in comparison to on-demand. Have you tried these: https://t.co/LTFQvSm97a?
Customer: @hulu_support Thanks for the quick reply but that link goes to a dead page? I'm getting 110mbps down so don't think it's a connection issue...
Agent: @118874 Oops sorry, looks like an s went missing! Try out: https://t.co/HXpLyTU79x instead. No issues reported from our end currently

CURRENT MESSAGE:
@hulu_support Thanks I'll give it a shot",
13711,Customer,AskPayPal,Support inquiry,@AskPayPal Thanks! :),"CONVERSATION HISTORY:
Customer: @AskPayPal how can I contact you by email or inbox about an issue with my account?
Agent: @118879 Hey there! Please send us an email at __email__! :) ^HYC

CURRENT MESSAGE:
@AskPayPal Thanks! :)",
13715,Customer,VerizonSupport,Support inquiry,@VerizonSupport But when I do a speed test this is the ping ,"CONVERSATION HISTORY:
Customer: @VerizonSupport I have 100/100 internet package and my upload and DL speeds are fine, but my ping is 200 for some reason. Any help?
Agent: @118880 Oh no, is this with all websites? Do you happen to have tracerts for us to review? ^JRA
Customer: @VerizonSupport Yes, it's with all websites and it's in games too. Tried restarting router but didnt work. How do I show you tracerts?
Agent: @118880 Would you be able to take a screenshot and then tweet us the picture?
^HSB

CURRENT MESSAGE:
@VerizonSupport But when I do a speed test this is the ping https://t.co/5cQIGKmss0",
13737,Customer,VerizonSupport,Support inquiry,@VerizonSupport HDTV +xBox +Fios connection. Ive experienced,"CONVERSATION HISTORY:
Customer: @115722 &amp; @116602: Im watching a top show (@118134 👍)&amp; yall r providing less than SD quality 👎. Sort it out. I pay you both.
Agent: @118881 That is no fun. What device are you watching the show on? Are other devices having internet trouble in the home?
^HSB

CURRENT MESSAGE:
@VerizonSupport HDTV +xBox +Fios connection. Ive experienced this issue for yrs. It always looks like the throttling issue to me. Eg https://t.co/BkhlnNfSfu",
13748,Customer,AskPlayStation,Support inquiry,@AskPlayStation Already filled out one of those,"CONVERSATION HISTORY:
Customer: @AskPlayStation bought a new PS4 and can't activate it no matter why I try to do
Agent: @118883 Sorry for the inconvenience. Do you see any kind of error message or error code?
Customer: @AskPlayStation No it says another system is activated and no matter what I try or anyone I've talked to has tried I can't get it back into my account
Agent: @118883  Did you try to deactivate it via PC? Steps here: https://t.co/BZwY1dGjre
Customer: @AskPlayStation Yeah I've tried everything. Nothing.
Agent: @118883 Please open the link sent previously and search for a deactivation form, please fill it to request the deactivation.

CURRENT MESSAGE:
@AskPlayStation Already filled out one of those",
13753,Customer,AskTarget,Support inquiry,@AskTarget The iPad is what I was looking to purchase.  The ,"CONVERSATION HISTORY:
Customer: @AskTarget I'm trying to make a purchase with my redcard but the discount doesn't come thru.  Can you help me?
Agent: @118885 There are only select items which were included with the early access sale. Which item were you trying to purchase? We'll check if it was included in the REDcard early access sale. Thanks for reaching out.

CURRENT MESSAGE:
@AskTarget The iPad is what I was looking to purchase.  The ad is very misleading as to what items were included in the early access sale.",
13763,Customer,AdobeCare,Support inquiry,"@AdobeCare Hey Madison how you doin? Good, me too. How I rec","CONVERSATION HISTORY:
Customer: Lightroom fucking me over but at least I tried https://t.co/p3x9DAl8sr
Agent: @118888 Hi, we’re sorry about this- can you let us know more about what’s happening? We’re here to help! ^Madison

CURRENT MESSAGE:
@AdobeCare Hey Madison how you doin? Good, me too. How I recolor things? And the right panel when I click develop keeps disappearing on me....",
13769,Customer,MicrosoftHelps,Support inquiry,@MicrosoftHelps I tried to chat &amp; email support but both,"CONVERSATION HISTORY:
Customer: @MicrosoftHelps I've had ongoing account access issues w/ my Microsoft acc. All troubleshooting ask me to log in first but I can't. Ideas?
Agent: @118889 We got your back, Kyle. Just to clarify, are you getting any error messages when signing into your Microsoft account?

CURRENT MESSAGE:
@MicrosoftHelps I tried to chat &amp; email support but both ask you to log in first, which I can't do. Really, really frustrating so thanks for helping!",
13794,Customer,MicrosoftHelps,Support inquiry,@MicrosoftHelps That link just gives me gibberish: 2a0 TQo0~,"CONVERSATION HISTORY:
Customer: @MicrosoftHelps Brand new Acer Spin 1 running Windows 10, using 56k dialup modem; unknown process constantly churning modem hogging bandw.
Agent: @118890 Hi. We're here to help. For us to assist you further, could you tell us more details about the issue?
Customer: @MicrosoftHelps What kind of details do you need? From Friday afternoon when I first opened dialup PPP, massive data churning.
Agent: @118890 Let's dig further into your concern. Just to clarify, were there any recent changes prior to this issue? Any error message?
Customer: @MicrosoftHelps When modem data flood stops for awhile, TELNET responds immediately, and all other net appls run normal dialup speed.
Agent: @118890 May we know what troubleshooting steps have you done so far?
Customer: @MicrosoftHelps I.e. Task Manager claims no process is using even 1% of available net bandwidth, contrary to fact.
Agent: @118890 Did you modify your modem? Have you tried contacting your Internet Service Provider?
Customer: @MicrosoftHelps No, didn't modify modem. No, didn't ask dialup provider about problem with Windows 10.
Agent: @118890 We highly suggest you to contact your Internet service provider. If you need assistance, we're just a tweet away.
Customer: @MicrosoftHelps What can my dialup service provider do to stop Windows 10 from flooding connection?
Agent: @118890 1/2 Your Internet Service Provider can check if they have another customer experiencing the same issue that you have with Windows https://t.co/3qcAsLFkaY
Customer: @MicrosoftHelps Has any other Windows 10 user noticed massive data when first connecting to net?
Agent: @118890 In that case, kindly contact our Answer Desk support for more in-depth troubleshooting on this link: https://t.co/yMM7mSfwLF.

CURRENT MESSAGE:
@MicrosoftHelps That link just gives me gibberish: 2a0 TQo0~_­&amp;6Eci/P'(BsM!%j5L@ZnTa,&amp;NER&lt;umd&gt;o=RSzw^m9H&lt;vcd&gt;:r{A^PhmX$9Y)",
13799,Customer,XboxSupport,Support inquiry,@XboxSupport So even though i purchased it years ago for the,"CONVERSATION HISTORY:
Customer: @116549 im having issues trying to play Minecraft Xbox One Edition when i already own Minecraft
Agent: @118891 Hello! You would need to purchase the Xbox One version of the game to be able to play it.   ^RR

CURRENT MESSAGE:
@XboxSupport So even though i purchased it years ago for the 360, i have to rebuy it again?",
13805,Customer,AirAsiaSupport,Support inquiry,"@AirAsiaSupport Same value, how?? I bookd 7A, windw seat, bt","CONVERSATION HISTORY:
Customer: @1238 @115802 @AirAsiaSupport @118894 thanks to delayed flights, spend vacation time at airport. #bummer no help from staff
Agent: @118893 Apologize for the inconvenience caused. May we know your booking number please ? Thank you- Mariya
Customer: @AirAsiaSupport QMWUQD
we are 2 travellers and weren't even given seats we booked and paid for online
Agent: @118893 &gt;&gt;  seat on the same value and row. Thank you - Fam

CURRENT MESSAGE:
@AirAsiaSupport Same value, how?? I bookd 7A, windw seat, bt were gvn middle &amp; aisle. Bookd window 4 a reason! My rtnrn flight is in 2hrs, xpct an upgrade",
13897,Customer,AmazonHelp,Support inquiry,@AmazonHelp nice game ha. first fool the customer then exten,"CONVERSATION HISTORY:
Customer: @118919 Please monitor your customer care dept. Its like fighting a war. https://t.co/PFcZRszNVU
Agent: @118918 a document with the details as mentioned in the email for us to help you. Appreciate your understanding. (2/2) ^ZH
Customer: @AmazonHelp @115851 @115821 If iball declines my request, I cannot threaten @79087 into providing one.
Agent: @118918 without a service denial letter. Kindly try visiting your nearest service center to report it and keep us posted. 2/2 ^AB
Customer: @AmazonHelp I have visited multiple times. why would a sc change uts policy to meet ur unreasonable demands? this issue is ongoing since 1.5 months.
Agent: @118918 If the manufacturer refuses to honor warranty on a device, you shall receive a service denial letter for the same. ^HK
Customer: @AmazonHelp why are you removimg @79087 from your tweets? I have official email from @79087 they dont care , they did not sell this product.
Agent: @118918 I get your concern.We wouldn't be able to work on the issue until we receive a service denial letter from the manufacturer.^NS
Customer: @AmazonHelp so basically you are stealing money from small customers. @115851 count your money, its growing. THIEVES.
Agent: @118918 Apologies for the inconvenience with policy constraint. We'll be able to assist you once service denial letter is received.^GS
Customer: @AmazonHelp yeah and i will get it after i murder service center owner. I would rather throw this product in dumpster and let wll india know abt u cheat
Agent: @118918 Kindly share your details here: https://t.co/GIJyeYqKE0 and I'll contact you with an update on this. ^GS
Customer: @AmazonHelp all emails already shared with earlier tweet. https://t.co/2sVFZ4iG9Q
Agent: @118918 Kindly share your details in the link given earlier and we'll be sure to help you in getting this issue resolved. ^ZH
Customer: @AmazonHelp done.
Agent: @118918 Thank you for letting us know, we'll get back to you soon with an update. ^BS
Customer: @AmazonHelp so after wasting more than 1.5 month, now you are telling me the product is out of warranty. i had gone to iball 1.5 months back .
Agent: @118918 Apologies for the experience, Vijay. Please reply to the email sent by our team. We'll help you with alternatives. ^SV

CURRENT MESSAGE:
@AmazonHelp nice game ha. first fool the customer then extend the issue until warranty expires and then you are free. cheating enterprises amazon",
13911,Customer,AmazonHelp,Support inquiry,@AmazonHelp Update ??? What your internal investigation repo,"CONVERSATION HISTORY:
Customer: @115850 What is this ?? Is this the way you treat your customers?? Seriously, I want an answer from you https://t.co/Ze72vu29Hk
Agent: @118924 don't provide your order details, as we consider it to be personal information. Our Twitter page is public. 4/4​ ^EM
Customer: @AmazonHelp So what have you decided my dear @115850 @115821 ?? By this time you should've known the entire issue.I'm expecting a response from you
Agent: @118924 We have received your details. We are working on it and will get back to you with an update at the earliest. ^HR

CURRENT MESSAGE:
@AmazonHelp Update ??? What your internal investigation repors tell you ??",
13919,Customer,AmazonHelp,Support inquiry,@AmazonHelp Got emails with discount on future order and one,"CONVERSATION HISTORY:
Customer: @117634 I ordered the Oasis, my order status showed it was to be delivered today and it did not come. Very disappointed.
Agent: @118925 Oh no, Kathleen! We want to help. Is there an updated delivery date showing here: https://t.co/Y5jpI9gRhE ^LA
Customer: @AmazonHelp Worse part, customer support thought it was coming today too, which I reached out at 4:30 pm
Agent: @118925 I'm sorry for the inconvenience. When you reached out to us, what options or insight did we provide? ^GM
Customer: @AmazonHelp I talked on the phone to someone who offered 10 percent off but that isn't on the account yet.  Still don't know delivery date.
Agent: @118925 Which carrier was assigned to deliver your package today? ^TN
Customer: @AmazonHelp It doesn't say.  It shows it hasn't shipped yet.
Agent: @118925 Did we ask you to wait a certain date before we could offer alternative options? ^EZ
Customer: @AmazonHelp Nothing on my order on your web site.
Agent: @118925 Late order usually arrive the next business day. If your order hasn't arrived by 8:00 PM tomorrow, please let us know. ^LR

CURRENT MESSAGE:
@AmazonHelp Got emails with discount on future order and one with a new ship date of Thursday. Not holding my breath.",
13938,Customer,AppleSupport,Support inquiry,@AppleSupport Nvm got thanks mate,"CONVERSATION HISTORY:
Customer: it’s been doing this for two days... cmon @AppleSupport https://t.co/SVOOZiTXli
Agent: @118929 We're anxious for you to have access to your downloads. Have you had a chance to restart the iPhone? If not, let's do that now.
Customer: @AppleSupport Before I got your reply, I stopped the downloads and tried again. I got this.. (image) restarting made no difference. https://t.co/oBHRi4UjXu

CURRENT MESSAGE:
@AppleSupport Nvm got thanks mate",
13942,Customer,AppleSupport,Support inquiry,@AppleSupport Sent to same group of contacts (one is non iPh,"CONVERSATION HISTORY:
Customer: @AppleSupport super frustrating trying to send a pano but sending photo works just fine?? Am I doing something wrong? #iOS11 👎 https://t.co/WGgmrsf9jD
Agent: @118930 You've come to the right place. We're eager to help. Is this happening with SMS (non-iPhone) contacts as well?

CURRENT MESSAGE:
@AppleSupport Sent to same group of contacts (one is non iPhone user) worked with photo didn’t work with pano",
13949,Customer,AppleSupport,Support inquiry,@AppleSupport Thank you so much for your help.,"CONVERSATION HISTORY:
Customer: @AppleSupport I have updated my WatchOS but cannot stream the radio on LTE  (@115911) . Wi Fi (both tethered and direct from watch) works
Agent: @118932 You're in the right place for help. Let us know in a DM if the issue started randomly or since you first setup the Watch. https://t.co/GDrqU22YpT

CURRENT MESSAGE:
@AppleSupport Thank you so much for your help.",
13965,Customer,Uber_Support,Support inquiry,"@Uber_Support Don’t bother , I’ve made my decision. Thank yo","CONVERSATION HISTORY:
Customer: @115873? It advertised as $12 and some change . It charged $17 and change ... What’s with that?
Agent: @118940 Can you please provide additional details so we can follow up? Thanks!
Customer: @Uber_Support Gave him a $20 bill to cash tip him and he drove off without giving change
Agent: @118940 Can you please DM us specific details of your concern so that we can properly follow up.
Customer: @Uber_Support Thought I made it explicit. Paid twice for my trip . Dude took off with my cash . No more cash tips . Your drivers lose
Agent: @118940 To best address your concern, please visit https://t.co/z8NNR56eyf and 'Sign in to get help' to send us a note.

CURRENT MESSAGE:
@Uber_Support Don’t bother , I’ve made my decision. Thank you",
13972,Customer,Uber_Support,Support inquiry,@Uber_Support My boyfriend doesn’t refer anyone . He automat,"CONVERSATION HISTORY:
Customer: @Uber_Support why do I never receive promos !!!!!!!!
Agent: @118941 Hi, Brittany. You can always share your referral code with friends so you can rack up free rides when they sign up!

CURRENT MESSAGE:
@Uber_Support My boyfriend doesn’t refer anyone . He automatically gets them applied to his account .....",
13980,Customer,Uber_Support,Support inquiry,@Uber_Support Hey - your greenlight rep at Metairie @115714 ,"CONVERSATION HISTORY:
Customer: Q: Is an @115877 car decal needed to start delivering / earning?
Agent: @118944 Here to help. Send us a note at https://t.co/jjOMGmmMC9 so our team can connect.

CURRENT MESSAGE:
@Uber_Support Hey - your greenlight rep at Metairie @115714 store had me waiting almost an hour only to not be available. No decal, no information.",
14000,Customer,Delta,Support inquiry,@Delta We did. They told us they would bring it up but it co,"CONVERSATION HISTORY:
Customer: Missed our @Delta connection in ATL to SEA due to delay. Ran to the gate &amp; watched the attendant shut it on us. They wouldn't let us on. 😭
Agent: @118949 ...the doors are closed, they can't be opened. *ABN 2/2
Customer: @Delta I understand. The delay was medical. We were patient. No ones fault. Just feel bad that you guys are having to hotel us for the night. :/
Agent: @118949 Make the best of things, Kelly. Enjoy your extra night! *ABN
Customer: @Delta Currently waiting on Delta Baggage Claim floor in Atl waiting for our bags to be brought up. Has been an hour. Can you help us get them? 😬❤️
Agent: @118949 Please reach out to someone from our baggage service team for info on your baggage. *ABN

CURRENT MESSAGE:
@Delta We did. They told us they would bring it up but it could take up to three hours! We had already been through the ringer today. 😭 TY!",
14004,Customer,Delta,Support inquiry,@Delta Regional and global. I but right now I am more worrie,"CONVERSATION HISTORY:
Customer: @Delta is it possible that my upgrade coupons have disappeared from my online profile? It says I have none, but  I should have a ton
Agent: @118950 Hello, Benjamin. What type of upgrade certificates are you referring to? *HDG

CURRENT MESSAGE:
@Delta Regional and global. I but right now I am more worried about my global ones.. I got 4 last year and only used 2.. but somehow they are gone",
14022,Customer,AmazonHelp,Support inquiry,"@AmazonHelp I wonder, will UR uber boss #BenHartman get copi","CONVERSATION HISTORY:
Customer: @117093 supervisor Jennifer just hung up on me after refusing 2 provide protocol 4 handling the GreenInsulatedCarriers AF delivers in.  downtown Condos need 2 understand how 2 work w/this new service R small front halls R not designed 4 this service. Was hoping 2 collaborate
Agent: @118951 I'm sorry for the poor experience! Can you please tell us more about the problem you're experiencing with tote pick-up? ^WT
Customer: @AmazonHelp We have 2 work 2gether to accommodate UR new service.  I simply need 2 know how exactly U instruct AF customers re disposition of the large green insulated carriers.  Not a difficult question--need the written instrux.
Agent: @118951 I would like to have a team member look into getting the totes picked up for you! Please add your details here: https://t.co/MoFmdEXzbY so we can help out with this! Keep us updated on the status! ^FR
Customer: @AmazonHelp Don't be silly.  Read the Tweet!  I NEED 2 KNOW HOW U INSTRUCT CUSTOMERS.

What is the plan?  We've tenants who think they've the rite 2 store empty AF totes in the common area presumably awaiting PickUp 10+ days is 10 days longer that the small front hall common area can handle.
Agent: @118951 Please provide your information in the link FR provided and we'll have a team member look into this personally and reach out to you. I'm sorry for any inconvenience. ^HS
Customer: @AmazonHelp Please simply answer my question.  I am not an AmazonFresh customer, just a condominium unit owner inconvenienced by UR customers  &amp;trying 2 figure out how we can all accommodate one another.  Y R U making this so complicated? Direct message me with UR contact info.
Agent: @118951 We'll ask customers to leave their totes out for pickup. However, they shouldn't be left for 10 or more days awaiting pickup. For security, we're unable to DM personal details. Once we receive your information at the link we've referenced, we can help sort this. ^RA
Customer: @AmazonHelp Who's security?  UR asking 4 MY personal details.  Surely U have company phone #s that aren't ""personal.""  This is absurd. I'm TRYING 2 work w/U people. Y do U make it so hard?  May I be referred to a mgr who isn't afraid 2 speak w/an intelligent, reasonable woman 2 work out sols
Agent: @118951 We cannot accommodate this request via Twitter. Please send us your details using the link provided by FR. ^GR

CURRENT MESSAGE:
@AmazonHelp I wonder, will UR uber boss #BenHartman get copied on this thread?  Gotta say, I'm not a customer at the moment, only impacted by UR customers. This customer service experience greatly disinclines me 2 even consider #AmazonFresh.  Maybe Mr. Hartman could change my mind.  I dunno.",
14041,Customer,ChipotleTweets,Support inquiry,@ChipotleTweets No luck...iOS 11.1 your app updated yesterda,"CONVERSATION HISTORY:
Customer: @ChipotleTweets Your last app update for iOS broke the app. No connection error keeps showing up. 

#CmonMan
Agent: @118959 Can you try unintalling and reinstalling? -Jen

CURRENT MESSAGE:
@ChipotleTweets No luck...iOS 11.1 your app updated yesterday https://t.co/CtPIPm8wk4",
14087,Customer,SouthwestAir,Support inquiry,@SouthwestAir I’ve checked all the dates in December and Jan,"CONVERSATION HISTORY:
Customer: @SouthwestAir are there no longer MSP-MKE nonstop flights?
Agent: @118978 Hey, there. We still offer that route, but it may not be on a preferred travel date! Apologies for any inconvenience. ^SL

CURRENT MESSAGE:
@SouthwestAir I’ve checked all the dates in December and January and February. Are there dates available in those months,",
14101,Customer,SouthwestAir,Support inquiry,@SouthwestAir Just trying to view my trips and access my acc,"CONVERSATION HISTORY:
Customer: Is anyone else having trouble with the @SouthwestAir app not connecting?
Agent: @118982 Hey there, Jared! What are you trying to do on the app? ^JT

CURRENT MESSAGE:
@SouthwestAir Just trying to view my trips and access my account. Everything looks ok with my phone connection. https://t.co/32L48UxWUE",
14109,Customer,hulu_support,Support inquiry,@hulu_support I would like the whole series available.,"CONVERSATION HISTORY:
Customer: @115940 Do you have the writes to post all 1.225 episodes of #DarkShadows fans to watch with membership?
Agent: @118984 Hi, Travis! We have the rights to offer select eps at a time. We'll share your interest in seeing more added in the future.

CURRENT MESSAGE:
@hulu_support I would like the whole series available.",
14115,Customer,hulu_support,Support inquiry,@hulu_support I am using an Amazon fire box.,"CONVERSATION HISTORY:
Customer: @115940 are there any issues with the live stream service?
Agent: @118986 No news on any outages from our end currently. Let us know what device you're using and try out: https://t.co/HXpLyTU79x.

CURRENT MESSAGE:
@hulu_support I am using an Amazon fire box.",
14123,Customer,hulu_support,Support inquiry,"@hulu_support Nope. No more issues, this was 2 days ago.","CONVERSATION HISTORY:
Customer: @hulu_support Y'all need to upgrade your servers or something. The world series is lagging and skipping every second. Absolutely ridiculous.
Customer: @hulu_support It even shows how many times it's been stopping. https://t.co/kUaMaJRGKc
Customer: @hulu_support Really? https://t.co/IZfuRarmYt
Agent: @118987 Sorry for the trouble and delay! Are your speeds meeting our reqs: https://t.co/8x1k3V3gxT? What device are you using to stream?
Customer: @hulu_support It was casted from my mobile. It was a huge problem for a lot of people at the time.
Agent: @118987 We'd be more than happy to assist if there are any ongoing issues, Stephen. We investigated any earlier prior issues on our end.

CURRENT MESSAGE:
@hulu_support Nope. No more issues, this was 2 days ago.",
14127,Customer,hulu_support,Support inquiry,@hulu_support Can you fix via DM?,"CONVERSATION HISTORY:
Customer: I have been on hold for about 20 minutes on the phone, and going on 10 in chat. Please help! @hulu_support
Agent: @118988 Apologies for the delay, Kyle! Did you still need some assistance? For real-time assistance, call/chat should be available now. ✅

CURRENT MESSAGE:
@hulu_support Can you fix via DM?",
14135,Customer,Ask_Spectrum,Support inquiry,@Ask_Spectrum I don't have it on me right now,"CONVERSATION HISTORY:
Customer: @115955 I have a log of my speed tests and you are lying to your customers??? This is a joke!!!
Agent: @118992 I do apologize for the inconvenience and I will be happy to help. Can you DM me your account number? -JP

CURRENT MESSAGE:
@Ask_Spectrum I don't have it on me right now",
14148,Customer,VerizonSupport,Support inquiry,@VerizonSupport Wow! Real shame that our current provider ha,"CONVERSATION HISTORY:
Customer: Missing the World Series because of the internet we paid for! Sad! Gigabits not gigabitting. @115900 https://t.co/ajw6D2W2cZ
Customer: @118994 @115900 Unfair!
Customer: @118995 @115900 BOOOOOOOOOOOOOOOOOOOO! Respond or we’re out. Heard Verizon is fire.
Agent: @118994 Let us know if we can be of assistance. ^RMD
Customer: @VerizonSupport I really appreciate you reaching out RMD. Looking for fast internet that isn’t throttled. Cc: @115900
Agent: @118994 Sounds like you are looking for us! Please check here for availability: https://t.co/92BXUCallW 
^HSB

CURRENT MESSAGE:
@VerizonSupport Wow! Real shame that our current provider has no answer to why we are experiencing bad signal but their competitor is responding. @115900",
14152,Customer,VerizonSupport,Support inquiry,"@VerizonSupport Thanks #Verizon; it isn’t #FiOS, it’s the #F","CONVERSATION HISTORY:
Customer: No sound on #FXNow? 150 mbps with #FiOS isn’t the issue. Please fix this?!  It’s the #AHSCult #Halloween finale. 🎃👻 #FX #Fail @928
Agent: @118996 Oh no, is this impacting both SD and HD feeds on all your TVs? ^JRA

CURRENT MESSAGE:
@VerizonSupport Thanks #Verizon; it isn’t #FiOS, it’s the #FXNow app. There is no sound on the live TV after trying 30 minutes.😢 @4857 @928",
14162,Customer,VerizonSupport,Support inquiry,@VerizonSupport Yes. Thank you,"CONVERSATION HISTORY:
Customer: @VerizonSupport still waiting on that call back from 30 hours ago.
Agent: @118997 Hello Greg, Is this in reference to your home or wireless account?
^NHP
Customer: @VerizonSupport Home. Fios tv
Agent: @118997 Oh no! How may we assist? 
^BAB
Customer: @VerizonSupport The guide and info has not been working on my DVR box for a few days.
Agent: @118997 Please reboot the router and then reboot the set top box. 
^BAB

CURRENT MESSAGE:
@VerizonSupport Yes. Thank you",
14173,Customer,VerizonSupport,Support inquiry,@VerizonSupport Oh by the way...1 hour and 17 minutes now on,"CONVERSATION HISTORY:
Customer: @VerizonSupport 59 minutes on hold and counting with 2 days of no internet and cable...#whatiscomcastsnumber?
Agent: @119003 Good evening, let's take a look. Has this issue been reported prior to today? ^RMD

CURRENT MESSAGE:
@VerizonSupport Oh by the way...1 hour and 17 minutes now on hold",
14177,Customer,AskPlayStation,Support inquiry,@AskPlayStation Thanks,"CONVERSATION HISTORY:
Customer: @AskPlayStation is psn down? Can’t log in. Error: CE-38703-1
Agent: @119004 Hi Marcelino. Please follow the steps in the next link to fix the error code CE-38703-1: https://t.co/gQ4he85D4X

CURRENT MESSAGE:
@AskPlayStation Thanks",
14194,Customer,CoxHelp,Support inquiry,@CoxHelp How do I contact you on here,"CONVERSATION HISTORY:
Customer: @116021 is absolute trash. I’m so tired of them harassing my parents for money but never taking it. their bill is up to $800. FRICKIN HOW 😡
Agent: @119011 review their account. We want to help in any way we can. (2)  -Mary

CURRENT MESSAGE:
@CoxHelp How do I contact you on here",
14210,Customer,AskeBay,Support inquiry,@AskeBay waste of time  you know that and so do 👁️,"CONVERSATION HISTORY:
Customer: @AskeBay must be the busiest account on twitter  if only they could stop the fraud - and this contact page is a joke https://t.co/PdG3cMrGC8
Agent: @119013 If you need help or need to report anything to us, we’re happy to help here! Just DM us the details! ^LL https://t.co/KlP3BGeZjr

CURRENT MESSAGE:
@AskeBay waste of time  you know that and so do 👁️",
14229,Customer,XboxSupport,Support inquiry,@XboxSupport Dude no I don’t need to file for anything I did,"CONVERSATION HISTORY:
Customer: @XboxSupport you have lost me as a customer I’m tired of being banned for things I didn’t even do, “market place theft”
Customer: @XboxSupport I have no card in the account was on four times in the last two weeks, this is horrible I’ve been a customr since 05 check my account again
Agent: @119020 We are a separate team from Enforcement, so we can't speculate on that. 1/2 ^JA
Agent: @119020 We'd recommend applying for a case review here: https://t.co/U1yn6tkAAG 2/2  ^JA

CURRENT MESSAGE:
@XboxSupport Dude no I don’t need to file for anything I didn’t do anything send this to the case review team I’m not gonna have more of my time wasted",
14240,Customer,VirginAtlantic,Support inquiry,"@VirginAtlantic Thank you for this, it seems to be working n","CONVERSATION HISTORY:
Customer: @VirginAtlantic received notification of tomorrow's flight (now delta) but can't check in as reservation is not found, can you pls help?
Agent: @119022 Hey Cosette, no worries. What's your booking with us and I'll see if I can track it down for you ^E
Customer: @VirginAtlantic Thanks E, it is EMG9UU flying tomorrow from JFK
Agent: @119022 Thanks so much, please give booking ref RJV48Z a try on DL's website 😀 ^E
Customer: @VirginAtlantic Unfortunately Delta website doesn't recognise that either 😬
Agent: @119022 I've just tried it myself and it's allowed me access to your booking and then separately to online check in. Have you entered the first....
Agent: @119022 ....and last name into the website as it appears on the reservation? ^E

CURRENT MESSAGE:
@VirginAtlantic Thank you for this, it seems to be working now 👌🏻",
14270,Customer,YahooCare,Support inquiry,@YahooCare Thanks.&amp; May your day be filled with giggles&,"CONVERSATION HISTORY:
Customer: Anyone else having issues with their @42 email when they try to sign in via @119033.  Seems they've made changes.  Can't log-in.
Customer: @119032 @42 @119033 yes, been trying all day to access emails.
Agent: @119031 Hi Terri-Lyn Please DM/Follow us with the Yahoo ID, best contact email and a description of the issue if you still need help!
Customer: @YahooCare Hi, I appreciate your offer,yet,I'm going to contact my internet supplier,since that's who supplies my email. have a great eve//day
Agent: @119031 No worries at all, and if you need us to provide you with their contact information, please DM/Follow us and we'll be happy to help.
Customer: @YahooCare thanks very much😊it seems to be working well today. smiles TLC
Agent: @119031 Thanks for letting us know! Have yourself a fantastic day!

CURRENT MESSAGE:
@YahooCare Thanks.&amp; May your day be filled with giggles&amp;kindness.=Tripping the light Fantastic 😊",
14276,Customer,GloCare,Support inquiry,@GloCare Mashafa Road Mpape Abuja 09058689953.i have written,"CONVERSATION HISTORY:
Customer: @GloCare Glo please improve on your network even here in Abuja there are many places that need a mast your network is so so bad
Agent: @119034 We apologize for any inconvenience. Kindly provide your phone number, exact location, device type and error response so we can progress UO.

CURRENT MESSAGE:
@GloCare Mashafa Road Mpape Abuja 09058689953.i have written and your people have come to the area and reported back yet you keep apologising action",
14281,Customer,AmazonHelp,Support inquiry,@AmazonHelp Thank you - done.,"CONVERSATION HISTORY:
Customer: Placed order today, said delivery would be Wed but just received email saying it'll be Thurs now? I'm a prime customer @AmazonHelp. Unhappy!
Agent: @119036 I'm so sorry for the frustration! What was the date given in the original confirmation e-mail: https://t.co/SsPOz2ryIS? ^DG
Customer: @AmazonHelp Today; 1st November. Or I wouldn't have ordered. I needed them to arrive at mums today so she can bring to me urgently in hospital tonight.
Agent: @119036 I can understand your frustration. Please reach out to us here to go over available options: https://t.co/ju0HEJTlrg ^CL

CURRENT MESSAGE:
@AmazonHelp Thank you - done.",
14287,Customer,AmazonHelp,Support inquiry,@AmazonHelp I found out that when I subbed to a channel on T,"CONVERSATION HISTORY:
Customer: I'm absolutely mad right now that @119038 has said nothing about how @115821 Pay has charged me multiple times on subscriptions.
Customer: @119038 @115821 If it isn't clear yet, I WANT MY MONEY BACK. I NEVER AUTHORIZED THE LAST 4 TRANSACTIONS THAT WERE MADE. WTF.
Agent: @119037 I'm sorry you were charged unexpectedly! Please reach out to Amazon Pay for available options here: https://t.co/jiY13BA3fb  ^JP

CURRENT MESSAGE:
@AmazonHelp I found out that when I subbed to a channel on Twitch using Amazon pay it moved ALL my subscriptions to Amazon Pay. A heads up would be nice",
14294,Customer,AmazonHelp,Support inquiry,@AmazonHelp How do I speak with a manager who actually can a,"CONVERSATION HISTORY:
Customer: @115821 logistics doing a laughably terrible job of delivering my package. Anyone else noticing a serious dip in customer service?
Agent: @119041 I'm sorry about this experience! Have we missed our initial delivery date promised in Your Orders: https://t.co/Y5jpI9gRhE ^EB
Customer: @AmazonHelp Yes. You definitely missed my delivery date. Twice. Also your call center staff seems to have no understanding of how mail delivery works.
Agent: @119041 I certainly understand your frustration! Who was the carrier for these orders? Please check here: https://t.co/Y5jpI9gRhE ^BE

CURRENT MESSAGE:
@AmazonHelp How do I speak with a manager who actually can answer questions about Amazon (AMZL US) logistics not from a call center script?",
14308,Customer,AppleSupport,Support inquiry,@AppleSupport And this is on both iMessages and SMS. Texts w,"CONVERSATION HISTORY:
Customer: @AppleSupport MMS bug on iOS 11.1. MMS won’t send on iPhone 6S.
Agent: @119044 We'd like to look into what's going on with your MMS. What happens when you try to send? Do you get an error?

CURRENT MESSAGE:
@AppleSupport And this is on both iMessages and SMS. Texts without images work fine. And I just migrated from a old iPhone to a new one!",
14319,Customer,AppleSupport,Support inquiry,"@AppleSupport Just deleted and reinstalled the app, but it d","CONVERSATION HISTORY:
Customer: @AppleSupport My Calendar app doesn’t work at all after iOS 11.1, can’t see other months and it just shuts down, I have an IPhone SE
Agent: @119048 We want to help you. Are there any troubleshooting steps you tried on your own? We want to make sure we don't repeat any steps.

CURRENT MESSAGE:
@AppleSupport Just deleted and reinstalled the app, but it doesn’t make any difference",
14376,Customer,Tesco,Support inquiry,@Tesco  https://t.co/Clt1RR3U5P,"CONVERSATION HISTORY:
Customer: @Tesco whole chicken from Tesco for a family meal.  I can safely say none of us will ever eat chicken again. Riddled with 2 inch worms 🤢🤢🤢
Customer: @Tesco Hundreds of worms about 1 - 2 inches long with a black stripe through them.
Absolutely disgusting
Agent: @119070 Can you also DM with some details so I can log this internally too? Your name, address, postcode, barcode, supplier code and batch code. 3/4

CURRENT MESSAGE:
@Tesco  https://t.co/Clt1RR3U5P",
14390,Customer,Tesco,Support inquiry,"@Tesco Typo, but please don't tell off Oxford!","CONVERSATION HISTORY:
Customer: @Tesco hi!
I was just in your Cowley Road petrol station branch, and found expired ham *with the date obscured* by sticking the reduced price label over the date area on front of back, rather than over the barcode area on the reverse.

I reported it to the staff there after
Customer: @Tesco Peeling it off to check (I was in the queue when I realised, had thought it would make a nice lunch!).

Also let them know there were multiple similar packs in the fridge.
Customer: @Tesco My lunch break is not long enough to peel and check the lot, nor should it have to be.

I've reported or handed in expired food there multiple times, around 12.30-1pm

Unfortunately there aren't a lot of places to grab lunch around here - and a branch of Tesco *ought* to be safe!
Agent: @119072 Can you DM us your full name and address please? I can log it anonymously though if you'd prefer. Thanks - Paige 2/2 https://t.co/py5Z991Bme
Customer: @Tesco Anon is fine for this one, thanks.
Agent: @119072 Hi there, to enable me to record your feedback. Can you confirm you are referring to Oxford, Cowley Road, OX4 1UT Metro store? TY - Joanne
Customer: @Tesco Omg, no! Cowley near Uxbridge, not Cowley, Uxbridge... It's a petrol station one.

Address in pic. . https://t.co/PnvUUaWxtR

CURRENT MESSAGE:
@Tesco Typo, but please don't tell off Oxford!",
14400,Customer,Delta,Support inquiry,@Delta DCA to LIT today.,"CONVERSATION HISTORY:
Customer: Honestly trying to figure out the benefits of having #Gold status with @Delta. Can't even get on a later flight... #SMH
Agent: @119076 Hi, Tina. Let us check on availability. What flight do you prefer? *ALA
Customer: @Delta 1:35PM
Agent: @119076 Going from where to where? *AMR

CURRENT MESSAGE:
@Delta DCA to LIT today.",
14442,Customer,ChipotleTweets,Support inquiry,"@ChipotleTweets Your location in Laurel, MD at 14354 Baltimo","CONVERSATION HISTORY:
Customer: @ChipotleTweets Always love getting my 🌯 on Halloween, but got charged extra for Guac! 😬 Help?
Agent: @119086 That shouldn't have happened. Where did you visit? -Jen

CURRENT MESSAGE:
@ChipotleTweets Your location in Laurel, MD at 14354 Baltimore Ave. I still have the receipt",
14469,Customer,ChipotleTweets,Support inquiry,"@ChipotleTweets Nice try Jen, wrong sport though 🤦🏻‍♂️","CONVERSATION HISTORY:
Customer: Snagged a $3 burrito from @ChipotleTweets thanks to my sweet @912 costume https://t.co/z0ePICJwgh
Agent: @119097 Slidin' into home with a tasty bowl. -Jen

CURRENT MESSAGE:
@ChipotleTweets Nice try Jen, wrong sport though 🤦🏻‍♂️",
14500,Customer,hulu_support,Support inquiry,"@hulu_support I need to catch up on Naruto, My Hero Academia","CONVERSATION HISTORY:
Customer: @115940 @hulu_support Why is your anime selection devoid of dubs or incomplete? Please add more.
Agent: @119108 Hi! Streaming rights vary from show to show but we'd be happy to share your request. Any particular shows you'd  like more of?

CURRENT MESSAGE:
@hulu_support I need to catch up on Naruto, My Hero Academia, Dragon ball Super and lots more.

Thank you",
14519,Customer,sprintcare,Support inquiry,@sprintcare The only thing that would help would be to re-do,"CONVERSATION HISTORY:
Customer: What the actual fuck, @115714? https://t.co/btka5wGjID
Customer: @115714 ""You keep using that word, 'special characters.'""
Agent: @119111 We do apologize that you are having issues with your password. We would be happy to help if needed!

CURRENT MESSAGE:
@sprintcare The only thing that would help would be to re-do this horrible user interface. Happy to talk to your UI folks if that would help.",
14557,Customer,AskPlayStation,Support inquiry,@AskPlayStation Awesome sauce. Thanks!,"CONVERSATION HISTORY:
Customer: @117014 @AskPlayStation @115758 I found a spelling error lol https://t.co/qtRCqdfs4k
Agent: @119119 Thank you for your report, we will escalate it to the correct department.

CURRENT MESSAGE:
@AskPlayStation Awesome sauce. Thanks!",
14581,Customer,AdobeCare,Support inquiry,"@AdobeCare Hi Raj, it’s Acrobat Standard 2017, have to use k","CONVERSATION HISTORY:
Customer: @115777 Just installed Acrobat 2017 Classic and cant work out why Rotate PDF isn’t on the primary toolbar - very upset and quite angry
Agent: @119127 Please confirm the product from Adobe that you are using. ^Raj

CURRENT MESSAGE:
@AdobeCare Hi Raj, it’s Acrobat Standard 2017, have to use keyboard shortcut, our staff are not happy that the buttons gone on the main ribbon.",
14600,Customer,ATVIAssist,Support inquiry,@ATVIAssist I am continuing to have the same problem as seen,"CONVERSATION HISTORY:
Customer: @115758 trying to play der eisendrache while its free but am getting this whenever i try to play. please help https://t.co/1yPyrKWHcH
Agent: @119129 Good afternoon, you can only play the free map in the public match playlist. ^JP
Customer: @ATVIAssist i am trying to play in the public match playlist, still wants me to buy dlc to play it
Agent: @119129 Can you provide a video of this? ^JP
Customer: @ATVIAssist  https://t.co/3nCx1ywqom
Agent: @119129 Did you download the recent title update for the free DLC zombies map? ^JP
Customer: @ATVIAssist ps. yesterday I got into a lobby for der eisendrache, but didn't actually start a match. today however, i'm getting the purchase prompt
Agent: @119129 Hello there. Sorry for the late response. I am just checking if you still in need assistance. Please let me know. ^RN

CURRENT MESSAGE:
@ATVIAssist I am continuing to have the same problem as seen in my prior gif. Have yet to be able to play Der Eisendrache. it wants me to dwnld map pack",
14607,Customer,ATVIAssist,Support inquiry,@ATVIAssist Just sent you a direct message with code informa,"CONVERSATION HISTORY:
Customer: @ATVIAssist I am trying to redeem my pre-order code at https://t.co/no8zT0YVWO and get a 504 gateway time-out several times of trying. HELP!
Agent: @119130 Hey King, there is an issue with our redemption site - hang on to your code, things should be cleared up soon! ^NM
Customer: @ATVIAssist Tells me code has been redeemed - possibly because I attempted it several times thinking it was my connection or is it applied already?
Agent: @119130 the code that you are redeeming typed out! Thanks ^KO https://t.co/c9WoAfwenP

CURRENT MESSAGE:
@ATVIAssist Just sent you a direct message with code information.",
14616,Customer,AirbnbHelp,Support inquiry,@AirbnbHelp Thank you! I will be back to you tomorrow.,"CONVERSATION HISTORY:
Customer: A2 I believe there is an issue at @AirBnBHelp #CustServ. Agents appear to have very limited ability to compensate for errors @115783 causes. https://t.co/d2E2GNDOSU
Customer: @119132 Hi Linda, please send us a DM with more details regarding this issue and we can investigate further. Best.
Customer: @115783 I can't DM you because you are not following me. I'm getting ready to go to a Halloween party so this may get delayed. TY for your tweet!
Agent: @119132 You can send us a DM from here. Whenever you have time, Linda. https://t.co/WCQEFGIlXC

CURRENT MESSAGE:
@AirbnbHelp Thank you! I will be back to you tomorrow.",
14621,Customer,XboxSupport,Support inquiry,@XboxSupport I'll keep you posted. If this problem has been ,"CONVERSATION HISTORY:
Customer: Hey @XboxSupport - Saw #KotOR available for download on Marketplace on my Xbox 360, 3.8GB. $9.99 and it's ""Corrupt"" - Any fix? Many w/ issue
Agent: @119134 redownload. This can also mean that your connection is weak and experiencing packet loss.  2 ^CO
Customer: @XboxSupport My connection, to provide context. https://t.co/hlGP7m9HTx
Agent: @119134 Thanks for that picture. Let's go ahead and initiate the download from the web martketplace: https://t.co/CTA3SOigCA ^CO
Customer: @XboxSupport Even signed in under my account, that link wants me to purchase the game again.
Customer: @XboxSupport Now I have been told it's in my download queue using the web marketplace. Deleted another corrupted attempt and trying again...
Agent: @119134 Keep us updated. If you still see issues, let's try another power cycle of your console and router, and try again. ^CO

CURRENT MESSAGE:
@XboxSupport I'll keep you posted. If this problem has been popping up for multiple people on the 360, could the file we're all downloading be corrupt?",
14655,Customer,AirAsiaSupport,Support inquiry,@AirAsiaSupport Thank you! Much appreciated 🙏🏽,"CONVERSATION HISTORY:
Customer: @AirAsiaSupport  You have changed our flight times - we cannot travel at the new time you have changed the flight to!
Customer: @AirAsiaSupport Your email says that we can amend the flight times FREE OF CHARGE but you’re still charging us when we try to amend on the app.
Customer: @AirAsiaSupport This is incredibly frustrating and you need to resolve this ASAP.
Agent: @119141 Hi Teya , Could you provide us the booking number for further checking. We will advise you accordingly. Thanks - Khairul
Customer: @AirAsiaSupport The booking number is KMIBYW.
Agent: @119141 provide us your preferred time and we will have it sorted for you =) Yana
Customer: @AirAsiaSupport Thank you so much. We would like to fly on an early flight which arrives in Hat Yai before 11am. The 07:50 flight would be suitable.
Agent: @119141 We have forwarded this to the team and you will receive the revised itinerary once done ya Teya =) Yana

CURRENT MESSAGE:
@AirAsiaSupport Thank you! Much appreciated 🙏🏽",
14691,Customer,AskLyft,Support inquiry,@AskLyft i've filed a complaint numerous times,"CONVERSATION HISTORY:
Customer: @983 @984 Delayed on #muni yet again; giving up on transit &amp; time to perm switch to @115879 for commuting #OnlyOnMuni #NJudah
Agent: @119156 Hey there. Can you please send us a DM with the phone number associated with your account? :) https://t.co/SXpdictw1A
Customer: @AskLyft @119156 hi you've yet to refund me for the ride where the driver took me to the wrong location and grabbed my arm
Agent: @119155 Please report this to our Critical Response Line by tapping the pink 'Call Me' button at https://t.co/93jojKlTCK.

CURRENT MESSAGE:
@AskLyft i've filed a complaint numerous times",
14709,Customer,ArbysCares,Support inquiry,@ArbysCares I already tried that last time. I will not go ba,"CONVERSATION HISTORY:
Customer: Here is proof!! Do not go to @119158 unless you plan on waiting at least 20 mins for way over priced food https://t.co/5l2it7B4Yv
Agent: @119163 Sorry to hear that, Tiffany. Please e-mail us more details about your visit to __email__ &amp; we will address.

CURRENT MESSAGE:
@ArbysCares I already tried that last time. I will not go back, and I have advised others I know to avoid it as well.",
14741,Customer,ArbysCares,Support inquiry,@ArbysCares Thanks. Will get with you asap.,"CONVERSATION HISTORY:
Customer: @119158 Said their point of sale system would not accept Arby's gift cards? How can that be? Thanks. https://t.co/CZbd1r0AiC
Agent: @119177 We apologize, Glen. Please email us more details about your visit to __email__ &amp; we will make it right.

CURRENT MESSAGE:
@ArbysCares Thanks. Will get with you asap.",
14751,Customer,ArbysCares,Support inquiry,@ArbysCares I have responded via email. the ball is in your ,"CONVERSATION HISTORY:
Customer: A complaint about this was sent to @119158 23 days ago. 8 reasons for bad service. No reply. Guess they no longer want our business. https://t.co/nGN4ZTgiJI
Agent: @119181 We apologize. Please email us more details about your visit to __email__ &amp; we will make it right.

CURRENT MESSAGE:
@ArbysCares I have responded via email. the ball is in your court. Do something with it.",
14771,Customer,ArbysCares,Support inquiry,@ArbysCares in kent ohio,"CONVERSATION HISTORY:
Customer: I went to @119158 and they were out of roast beef!! &amp; No more chocolate lava cakes??? How does one run out of roast beef ""for the hour""?????!!!
Agent: @119189 Sorry to hear that. Which restaurant did you visit?

CURRENT MESSAGE:
@ArbysCares in kent ohio",
14776,Customer,ArbysCares,Support inquiry,"@ArbysCares Toledo, OH on Talmadge. Usually they are so on p","CONVERSATION HISTORY:
Customer: Dang it @119158. The mozz sticks were 🔥 but my cookie was overcooked and crispy 😭 #almosttheperfectmunchiemeal
Agent: @119190 Sorry about that. Which restaurant did you visit?

CURRENT MESSAGE:
@ArbysCares Toledo, OH on Talmadge. Usually they are so on point!",
14788,Customer,ArbysCares,Support inquiry,@ArbysCares Store 673. We waited in the drive through line f,"CONVERSATION HISTORY:
Customer: @119158 HOW can you be out of roast beef??! What happened to “we’ve got the meat!” You ain’t got it in myrtle Beach. 😑
Agent: @119194 Thank you for bringing this to our attention. Which restaurant location in Myrtle Beach did you visit? https://t.co/Ta9ZX4Pc0A

CURRENT MESSAGE:
@ArbysCares Store 673. We waited in the drive through line for at least 10 minutes before we had to ask the car behind us to move so we could back out.",
14826,Customer,ArbysCares,Support inquiry,"@ArbysCares The Arby's on wickersham Rd , highway 370 , nebr","CONVERSATION HISTORY:
Customer: Ugh, thanks @119158 for the clump of curly fries... Good thing I had a hammer and chisel 2 eat them ..  #fail https://t.co/QBVbilgz3W
Agent: @119207 We apologize. Which restaurant location did you visit?

CURRENT MESSAGE:
@ArbysCares The Arby's on wickersham Rd , highway 370 , nebraska",
14831,Customer,UPSHelp,Support inquiry,@UPSHelp  https://t.co/PTCxhQLZ7R,"CONVERSATION HISTORY:
Customer: @UPSHelp Packages delayed - two day shipping ordered days ago. No reason? Specialty orders for animal food (we’re out) and Tgivs needs. What gives? This is awful service.
Agent: @119208 I am sorry to hear this. Please provide your tracking number via a DM. We'd be more than happy to take a look into this for you. ^KD https://t.co/wKJHDXWGRQ

CURRENT MESSAGE:
@UPSHelp  https://t.co/PTCxhQLZ7R",
14834,Customer,ArbysCares,Support inquiry,@ArbysCares Sooo....I emailed and still nothing. Reason?? I’,"CONVERSATION HISTORY:
Customer: @119158 Sooo....I know y’all are all about the meats...but WHERE IS THE BREAD?!? #AWOLBread https://t.co/I4RxFF1zdE
Agent: @119209 Please e-mail our Guest Support team more details to __email__ &amp; we will make it right.

CURRENT MESSAGE:
@ArbysCares Sooo....I emailed and still nothing. Reason?? I’ve waited several weeks at this point.",
14838,Customer,AppleSupport,Support inquiry,"@AppleSupport Thanks! Re-installing MacOS right now, gonna s","CONVERSATION HISTORY:
Customer: @AppleSupport iOS 11 is draining the battery on my iPhone 7 twice as fast as iOS 10. Help!
Agent: @119210 We'd like to gather some more information for better troubleshooting. Can you DM us the country you are located in? https://t.co/GDrqU22YpT
Customer: @AppleSupport Help! My computer has been like this since yesterday &amp; I need it. I don’t know what to do. https://t.co/zq8C4Vt7Fn
Agent: @119210 Use the link below to send us a Direct Message. We’ll meet you there, and we can work towards a resolution together. https://t.co/GDrqU22YpT

CURRENT MESSAGE:
@AppleSupport Thanks! Re-installing MacOS right now, gonna see if that works.",
14851,Customer,AmazonHelp,Support inquiry,@AmazonHelp ありがとうございました,"CONVERSATION HISTORY:
Customer: 03-6635-1381
Amazonの有料動画未納発生
のメールきたら注意して
架空請求だから

検索して良かったわ。あぶねえ。
Agent: @119213 (*´-`).｡oO(ご存知かと思いますが、当サイトからのご請求ではございませんので、ご連絡されませんように。。)
また、携帯大手3社をご利用の場合には、迷惑メール対策として、申告窓口を設置しています。今後受信しないためにも、各窓口へご申告ください。TY

CURRENT MESSAGE:
@AmazonHelp ありがとうございました",
14855,Customer,AmazonHelp,Support inquiry,@AmazonHelp no body inform me. once u return that parcel. pl,"CONVERSATION HISTORY:
Customer: @115821 407-8406190-7752345. i want refund amount -1399/- amazon seller was lying. amazon custamare care side also.
Agent: @119214 Please don't provide your order details, we consider it to be personal information. Our page is visible to the public. ^SC

CURRENT MESSAGE:
@AmazonHelp no body inform me. once u return that parcel. please send the tracking id or parcel details. but after 10days i call amazon custamare care",
14862,Customer,AppleSupport,Support inquiry,@AppleSupport Still same thing smh,"CONVERSATION HISTORY:
Customer: @AppleSupport my phone was acting up. I then restarted it and now all it does is stay on the apple logo when I turn it on. Wtf
Agent: @119216 We’ve got your back. Let us know if the steps in this article help with your iPhone: https://t.co/8MvHMFZ83h

CURRENT MESSAGE:
@AppleSupport Still same thing smh",
14882,Customer,Uber_Support,Support inquiry,@Uber_Support Yes and they were absolutely NO help.That is w,"CONVERSATION HISTORY:
Customer: @Uber_Support Ur in app support refuses to acknowledge promise made by phone CS rep for refund. U used to have stellar CS. Now the worst.
Agent: @119222 We're here to help! Send us a DM with your account email address and we'll be in touch.
Customer: @Uber_Support I just did thanks
Agent: @119222 Our team has recently responded via email. Please reply there if you have additional questions!

CURRENT MESSAGE:
@Uber_Support Yes and they were absolutely NO help.That is why I came to twitter! U said u are here to help and yet keep passing the buck. No CS loyalty",
14908,Customer,Tesco,Support inquiry,@Tesco yes and with lots of stuff missing! I’ve emailed your,"CONVERSATION HISTORY:
Customer: @Tesco must be dishing my grocery shop out to trick or treaters since they’re an hour late already 🙄😩
Agent: @119231 Sorry Beverley, did you receive your order? - Ceri

CURRENT MESSAGE:
@Tesco yes and with lots of stuff missing! I’ve emailed your customer services",
14920,Customer,Tesco,Support inquiry,@Tesco Thanks. Your web team.should seriously think about in,"CONVERSATION HISTORY:
Customer: @tesco you don't require users to validate their email address they're entering for tescodirect . receiving someone elses order/account info
Customer: @Tesco Nothing to stop me doing a password reset and getting someone else's personal information if I was that way inclined.
Agent: @119233 Hi Dave, I'm unsure why you'd be sent someone else's details, this is something we take very seriously and I'm sorry this has happened 1/2
Customer: @Tesco Because the other customer used the wrong email address and wasn't made to validate it
Agent: @119233 Hi Dave, thank you for you for the info, I've now replied to your DM. Thanks - David

CURRENT MESSAGE:
@Tesco Thanks. Your web team.should seriously think about introducing some email address validation on sign up, most other companies do!",
14924,Customer,Tesco,Support inquiry,"@Tesco Its the Rock Shandy, so same brand, different flavour","CONVERSATION HISTORY:
Customer: Hi @Tesco I live in Newcastle, wheres my nearest store with an Irksh section? Man needs his Club Rock Shandy
Agent: @119234 Hi Tom, can you confirm this is the item you're looking for? https://t.co/yK4zrlFHm4. Thanks - Peter

CURRENT MESSAGE:
@Tesco Its the Rock Shandy, so same brand, different flavour. Or even cans of the orange &amp; lemon would do! Ps, your site has a typo",
14930,Customer,Delta,Support inquiry,@Delta i missed you,"CONVERSATION HISTORY:
Customer: happy halloween @Delta
Agent: @119236 Same to you!  *HDG
Customer: @Delta babe its been so long im glad i finally hear back from you

CURRENT MESSAGE:
@Delta i missed you",
14936,Customer,Delta,Support inquiry,@Delta EK callled an hour ago and did not have any informati,"CONVERSATION HISTORY:
Customer: I’m missing my bag. Tag 8006080773 on DL0140 MSP to CDG and DL8461/AF0192 to BLR, but was rebooked on EK072. What to do? @delta
Agent: @119238 Oh no, please file a lost baggage claim with EK, they will start the search for you. *TBT
Customer: @Delta Already done.
Agent: @119238 They will keep you updated on the location of the bag. *TBT

CURRENT MESSAGE:
@Delta EK callled an hour ago and did not have any information of the whereabouts of my bag, but still searching hopefully",
14960,Customer,AmericanAir,Support inquiry,@AmericanAir Ok.,"CONVERSATION HISTORY:
Customer: Hey hey hey! ⚾️ #WorldSeries @AmericanAir https://t.co/LeV38WtFPZ
Agent: @119245 That's probably the best way to watch the #WorldSeries in our Club. #Cheers
Customer: @AmericanAir Hi there! Since I have your attention, could you tell corporate for me that Pilar and Jaimie atAdmirals Club T2 SFO are AMAZING. Thanks!
Agent: @119245 We're more than happy to do that, Myra. Please DM your record locator and we'll share your awesome kudos. #AATeam
Customer: @AmericanAir Could I just dm you my ticket? Lol.
Agent: @119245 You can DM your ticket number, record locator or full name and origin city.

CURRENT MESSAGE:
@AmericanAir Ok.",
14971,Customer,British_Airways,Support inquiry,@British_Airways 4 days late. I was assured it was going to ,"CONVERSATION HISTORY:
Customer: @British_Airways Impossible to get hold of staff. Was left 4 days on business trip without my bag, poor customer service.
Agent: @119247 Please accept my apologies for your delayed bag and the service you received, Freddy. Have you now been reunited with your bag? ^Davina

CURRENT MESSAGE:
@British_Airways 4 days late. I was assured it was going to be put on 1 of 3 other flights from London to Chicago that day, as was travelling to Wisconsin.",
14979,Customer,ChipotleTweets,Support inquiry,@ChipotleTweets Thank you ❤️ I’ll name her Jen after you,"CONVERSATION HISTORY:
Customer: Lowkey having baby fever 🤔
Customer: Update: I feel pregnant lmao with a food baby... @ChipotleTweets hooked it up tonight 😓
Agent: @119249 Congrats on the literal burrito in the oven. -Jen

CURRENT MESSAGE:
@ChipotleTweets Thank you ❤️ I’ll name her Jen after you",
14987,Customer,ChipotleTweets,Support inquiry,@ChipotleTweets Omg thank you so much it was a much needed b,"CONVERSATION HISTORY:
Customer: I went to get a boorito at @ChipotleTweets &amp; wen thy asked wat my costume was I said I was a poor grad student so thy gave me the discount 😇
Agent: @119252 Aw! I know that feeling. Thanks for stopping by. -Jen

CURRENT MESSAGE:
@ChipotleTweets Omg thank you so much it was a much needed boorito",
15014,Customer,SouthwestAir,Support inquiry,@SouthwestAir Sorry. You said to DM that information. Will d,"CONVERSATION HISTORY:
Customer: @SouthwestAir I heard a wonderful and heart-warming story from my @115873 passenger yesterday about the airline helping her after breaking her foot. It doesn't surprise me. Southwest is a great company.
Agent: @119261 We love taking care of our Passengers, Thomas. Thanks for sharing the love. ^MR
Customer: @SouthwestAir Sure thing. I'm a busy man, but I try to promote Southwest whenever I can. When my @115873 passengers moan about other airlines, I always enquire why they didn't book with SWA.
Agent: @119261 Ha, you're right! We don't offer flights on 3rd party sites. We really appreciate you being an advocate for us. Please DM your Rapid Rewards # for some extra love. ^MR
Customer: @SouthwestAir I don't have a rapid rewards number, unfortunately.
Agent: @119261 No worries! You can enroll here: https://t.co/AdziQzHbDF. ^MR

CURRENT MESSAGE:
@SouthwestAir Sorry. You said to DM that information. Will do so now....",
15019,Customer,SouthwestAir,Support inquiry,@SouthwestAir 🍻,"CONVERSATION HISTORY:
Customer: @SouthwestAir fail. Pilots seat won't adjust and he discovers this 2mins before departure so we now wait 1hr for repair. #preFlightFail
Agent: @119263 Sorry Baruch, but Safety comes first. We appreciate your patience. ^LB
Customer: @SouthwestAir True true it's just been a long day and wish they would have found earlier. On the bright side flight attendants are AWESOME &amp; gate agent =🌟
Agent: @119263 Glad to hear it. Enjoy your free drink onboard! ^LB

CURRENT MESSAGE:
@SouthwestAir 🍻",
15035,Customer,SouthwestAir,Support inquiry,@119270 @SouthwestAir They’re the BEST hands down!,"CONVERSATION HISTORY:
Customer: Can we just reiterate how much we ❤️ flying @SouthwestAir ? That becomes more clear any time we have to fly with someone else #SWhasourheart
Agent: @119269 We could listen to your kind words all day! We hope to have you onboard with us again soon. ^SL
Customer: @SouthwestAir @119269 @SouthwestAir is our FAVORITE! We love flying SWA!

CURRENT MESSAGE:
@119270 @SouthwestAir They’re the BEST hands down!",
15044,Customer,SouthwestAir,Support inquiry,@SouthwestAir Thank you! https://t.co/POZKbN7DfG,"CONVERSATION HISTORY:
Customer: @SouthwestAir, can you hook me up with your reimbursement policy for lost bags? Ours didn't make it to our final destination. https://t.co/XZZmTM0Pip
Agent: @119272 Oh no! So sorry to hear that. Please file an incident report with our Agents in the Baggage Office. They will be your best resource. ^SL
Customer: @SouthwestAir Already done :) Is there a website link for reference? No lie, Imma need a bra and undies minimum if they aren't here tomorrow.
Agent: @119272 We understand. For any necessities, we recommend holding onto receipts for reimbursement consideration. ^SL

CURRENT MESSAGE:
@SouthwestAir Thank you! https://t.co/POZKbN7DfG",
15049,Customer,hulu_support,Support inquiry,@hulu_support Ok thanks! I have resolved to shut off Autopla,"CONVERSATION HISTORY:
Customer: @hulu_support LOOK what is next on my HULU😠 Why??? There HAS GOT to be a WAY TO BLOCK #HollyOaks &amp; #Corinthian Street from my autoplay HELP! https://t.co/dsjbgqLZki
Agent: @119274 Sorry for the delay! There's not a way to block certain shows. but try deleting it from your history: https://t.co/MifRwBYsGF

CURRENT MESSAGE:
@hulu_support Ok thanks! I have resolved to shut off Autoplay..we really should have an option to autoplay a lineup of our shows on our Watchlist",
15054,Customer,hulu_support,Support inquiry,"@hulu_support And so far, only my one show has been affected","CONVERSATION HISTORY:
Customer: @hulu_support hi! I've been having this error code towards the end of my videos and no matter what seems to do, it doesn't work
Agent: @119276 Hey there! Which device do you use &amp; what error code are you seeing? Are both shows and movies affected?
Customer: @hulu_support My phone and not so much the code but more like it's been happening frequently.

CURRENT MESSAGE:
@hulu_support And so far, only my one show has been affected.",
15070,Customer,hulu_support,Support inquiry,"@hulu_support Plugged into ethernet, but download is 40 Mbps","CONVERSATION HISTORY:
Customer: Thanks @115940... Not only can't I watch the World Series, but I also have to listen to my wife saying, ""I told you not to cancel cable.""
Customer: @119279 @115940 agree...down again
Customer: @119280 @115940 Unfortunately, it doesn't seem ready for live sports. I'm buffering again tonight, too.
Agent: @119279 Sorry to hear that! We're here to see how we can assist with this. Does it continue after trying: https://t.co/HXpLyTU79x?
Customer: @hulu_support I have done all that...Live TV always buffers. On demand is great... Live TV not so much.
Agent: @119279 Gotcha! We'd like to make sure we're covering all ground here. Is your Roku meeting our speed reqs: https://t.co/8x1k3V3gxT?

CURRENT MESSAGE:
@hulu_support Plugged into ethernet, but download is 40 Mbps.",
15074,Customer,hulu_support,Support inquiry,@hulu_support Sorry it starts everytime I launch the app on ,"CONVERSATION HISTORY:
Customer: @hulu_support I have remove freakish from my watch list and turned off auto play. Every time I log on thru my firestick Freakish auto starts
Agent: @119281 To clarify, does Freak-ish start the moment you launch our app? Or does Freak-is Autoplay after you watch other shows?

CURRENT MESSAGE:
@hulu_support Sorry it starts everytime I launch the app on my fire stick I removed it from my watchlist several times from the computer",
15087,Customer,Ask_Spectrum,Support inquiry,@Ask_Spectrum Let's keep this public- seems to be the only w,"CONVERSATION HISTORY:
Customer: Hey @Ask_Spectrum @115955 this is your responsibility!! Fix this!! @119283 https://t.co/MndIKbh7T7
Customer: @Ask_Spectrum @115955 @119283 @119284 - this pole has been this way since April. It's @Ask_Spectrum utilities on the broken section. This needs to be addressed.
Customer: @Ask_Spectrum @115955 @119283 @119284 The shards of utility pole is hanging dangerously over Genesee St in Cheektowaga. It is only held on by a rope.
Customer: @Ask_Spectrum @115955 @119283 @119284 I wonder if this was in the Elmwood Village or Williamsville if this would have been repaired sooner.
Agent: @119282 I will submit this information to our offices in the area. I will have someone come look at this. If this is ours... https://t.co/hrJtPtGzvv
Customer: @Ask_Spectrum @VerizonSupport already checked and the CATV is not theirs- you are the only other cable provider in Buffalo. Get this fixed! https://t.co/Ftaqght7ID
Agent: @119282 Thank you for this information. I am going to submit this to the area technicians. I appreciate you for doing this for us. ^CM
Customer: @Ask_Spectrum Hey @Ask_Spectrum - is there an ETA when this will be fixed? Still dangling dangerously above Genesee St!!
Agent: @119282 Good morning! I am currently contacting our dispatch at the moment. Can you DM us directly as I will need your co... https://t.co/7XapSBCumG

CURRENT MESSAGE:
@Ask_Spectrum Let's keep this public- seems to be the only way to get results and answers",
15091,Customer,Ask_Spectrum,Support inquiry,@Ask_Spectrum it is working now.,"CONVERSATION HISTORY:
Customer: @Ask_Spectrum can’t watch World Series on Motorola box fix it #Spectrum
Agent: @119285 I apologize for the issues you are having with the cable equipment. What message is on the screen when you attemp... https://t.co/mtpz2oQyPM

CURRENT MESSAGE:
@Ask_Spectrum it is working now.",
15096,Customer,Ask_Spectrum,Support inquiry,"@Ask_Spectrum If there’s any outages going in my area, you s","CONVERSATION HISTORY:
Customer: In other news, @Ask_Spectrum service sucks. It's not a secret. Can we have Time Warner Cable back? Thanks.
Agent: @119286 If there is something specific I can assist you with please feel free to send me your phone or account number in a private message. ^AS
Customer: @Ask_Spectrum Anything going on in Rego Park?
Agent: @119286 If you are experiencing an issue with your services please feel free to reach out to me directly in a private message. ^AS

CURRENT MESSAGE:
@Ask_Spectrum If there’s any outages going in my area, you should be able to discuss it in the open. Trust me, I won’t put my personal info here",
15111,Customer,Ask_Spectrum,Support inquiry,@Ask_Spectrum well... mlb network isnt loading... just keeps,"CONVERSATION HISTORY:
Customer: @Ask_Spectrum Can i ask you guys a question?
Customer: @Ask_Spectrum great customer service
Agent: @119291 Hello. How can we help you? ^RR

CURRENT MESSAGE:
@Ask_Spectrum well... mlb network isnt loading... just keeps saying try again",
15116,Customer,AskPlayStation,Support inquiry,@AskPlayStation Two roku sticks and ps4. It's missing on all,"CONVERSATION HISTORY:
Customer: @AskPlayStation What happened to cartoon network for ps vue? It's disappeared from my channel lineup sometime today.
Agent: @119293 Hello! Regarding your question about Cartoon Network, could you please provide details? What device are you using to stream Vue?

CURRENT MESSAGE:
@AskPlayStation Two roku sticks and ps4. It's missing on all 3 devices under live tv.",
15133,Customer,CoxHelp,Support inquiry,@CoxHelp Thank you!,"CONVERSATION HISTORY:
Customer: Oh @116021, trying to watch #WorldSeriesGame6 on iPad while giving out #halloween   candy. Literally yelling across the street for score.
Customer: @119300 @116021 It's still 1-0. But c'mon @116021. We have @117830.
Agent: @119299 Hi Gwen, what's going on with your internet/WiFi?  -Dee
Customer: @CoxHelp Hi Dee. I'm good: I have @117830. Did you see @119300 plea for help?
Agent: @119299 Yes, he Goodyk has been responded to, Thank you.  -Dee

CURRENT MESSAGE:
@CoxHelp Thank you!",
15151,Customer,XboxSupport,Support inquiry,@XboxSupport Sigh thanks I guess,"CONVERSATION HISTORY:
Customer: @XboxSupport hey I've got a question about the Xbox One X Scorpio edition.
Agent: @119304 Hello, thanks for reaching out to us. What seems to be the issue? ^CO
Customer: @XboxSupport I pre ordered The Scorpio edition the day of the announcement on Amazon and I'm worried that it won't come on release date.
Customer: @XboxSupport It still tells me the date is pending. Amazon told me they are waiting to hear from Microsoft.
Agent: @119304 Thanks for that information. We don't have any information on shipment or fulfillment nor can we speculate on them. ^CO

CURRENT MESSAGE:
@XboxSupport Sigh thanks I guess",
15156,Customer,XboxSupport,Support inquiry,@XboxSupport Is it a question of mark or of characteristic ?,"CONVERSATION HISTORY:
Customer: @XboxSupport Hi, i know i’ve already asked this question but I didn’t understand, if I got a Pc 4K HDR screen, will I be able to play on it
Customer: @XboxSupport @XboxSupport on the Xbox one x, and use the option HDR on my games ?
Agent: @119305 Hello, thanks for reaching out to us. This depends on the monitor. As 4K is so new, some forms of it are more reliant. ^CO

CURRENT MESSAGE:
@XboxSupport Is it a question of mark or of characteristic ?",
15163,Customer,Safaricom_Care,Support inquiry,@Safaricom_Care @119309 I give up 😫 https://t.co/BiAuG8ueLo,"CONVERSATION HISTORY:
Customer: @Safaricom_Care What is not happening? Your Home Fibre download speeds have been extremely slow since yesternight. https://t.co/GGX5McRcpG
Agent: @119308 Hi,DM the account number for follow up.Alternatively call us via 400 for assistance.^DN
Customer: @Safaricom_Care The account number has been shared. Thanks
Customer: @Safaricom_Care My wifi issue still persists! Can I get some assistance urgently? https://t.co/BIXAHgrF3K
Agent: @119308 Hi, apologies for the delays. We're following up on this. We shall advise once resolved. You can also call 400 for help. ^NO
Customer: @Safaricom_Care No feedback yet. Why? https://t.co/DmPaYO5K4G

CURRENT MESSAGE:
@Safaricom_Care @119309 I give up 😫 https://t.co/BiAuG8ueLo",
15184,Customer,AirAsiaSupport,Support inquiry,@AirAsiaSupport No DM received so far.,"CONVERSATION HISTORY:
Customer: Real sad experience with @AirAsiaSupport adamant robotic staff. PNR REVUWR #saynotoairasia 
sry @119313,I should have booked with you.
Customer: @119311 @AirAsiaSupport @119313 What happened brother?
Customer: @119312 @AirAsiaSupport @119313 Just came to know how these low fare carriers make huge money. @115802 is the biggest cheater among all. Spend 500 more &amp; opt other airline
Agent: @119311 Hi There,we has respond you via DM, see you there!- Anwar

CURRENT MESSAGE:
@AirAsiaSupport No DM received so far.",
15189,Customer,AirAsiaSupport,Support inquiry,@AirAsiaSupport All sorted already. Thanks.,"CONVERSATION HISTORY:
Customer: @AirAsiaSupport hi I need help with my booking
Agent: @119314 Hi there, Feancy! How may we assist you with your booking? -Miza

CURRENT MESSAGE:
@AirAsiaSupport All sorted already. Thanks.",
15196,Customer,CenturyLinkHelp,Support inquiry,@CenturyLinkHelp I have only one question : why does my serv,"CONVERSATION HISTORY:
Customer: Yeah. Problem is, CenturyLink, it never seems to improve. Like an idiot, I will probably go ahead and send you another check this month tho. https://t.co/NSlNKrg7Hb
Agent: @119316 Please let us know if you have any questions, just DM us your account number and any questions you may have. -Lexie

CURRENT MESSAGE:
@CenturyLinkHelp I have only one question : why does my service work about 20% of the time while i pay 100% of the bill ALL the time? - Roger",
15203,Customer,sainsburys,Support inquiry,@sainsburys That's the point it's a good thing. You wouldn't,"CONVERSATION HISTORY:
Customer: So @sainsburys mixed size free range eggs are 40p+ a box cheaper than sized eggs. If you had 🐔  chicken's you wouldn't know what size the eggs were going to be surely?
Agent: @119319 Hi Kilf, I'm afraid our mixed weight eggs are cheaper because they're weight and size is not consistent throughout the pack and they're more randomly selected. Aisha

CURRENT MESSAGE:
@sainsburys That's the point it's a good thing. You wouldn't ask your chicken's to lay uniform egg's or expect them to 🤸",
15234,Customer,UPSHelp,Support inquiry,"@UPSHelp You're driver will leave it at the door, whether I ","CONVERSATION HISTORY:
Customer: @115817 How can I have a package in transit returned to the shipper? I don't want the package.
Agent: @119332 We would be able to submit a return to shipper after the first delivery attempt. ^AD

CURRENT MESSAGE:
@UPSHelp You're driver will leave it at the door, whether I am home or not.",
15239,Customer,VirginAmerica,Support inquiry,@VirginAmerica It was 1751 from Seattle,"CONVERSATION HISTORY:
Customer: My plane went from landing early to being late.  Still sitting on plane with no gate! #sfoairport #virginamerica
Agent: @119333 Hey, you rhymed!  Sorry about the lack of gate.  What flight are you on? -Julie

CURRENT MESSAGE:
@VirginAmerica It was 1751 from Seattle",
15277,Customer,AmazonHelp,Support inquiry,@AmazonHelp Please don't help.u have very useless process of,"CONVERSATION HISTORY:
Customer: @115850 ur app shows expected delivery on 25 th on 30th( prepaid orders).it's a regular customer realising not to buy anything further.
Agent: @119352 Apologies. We'd like to check this for you. Kindly contact us here : https://t.co/GRw1yCHukd.^SY
Customer: @AmazonHelp Seriously!!! Ur customer service already told me cancel d order .. Amazon can't do anything to it..n till now it's showing expected on 25th👏
Agent: @119352 I'd like to help. Please write to us here: https://t.co/GIJyeYqKE0 and I'll reach out to you. ^SA

CURRENT MESSAGE:
@AmazonHelp Please don't help.u have very useless process of helping.if u want plz refund me atleast in time which is also now least expected",
15304,Customer,AmazonHelp,Support inquiry,@AmazonHelp I have replied to the email... lets see if I can,"CONVERSATION HISTORY:
Customer: @115850 @115821 @AmazonHelp I waited 15 days,sent 10 email,was assured tht case escalted,todays response WE CANNOT HELP,customer service?
Agent: @119358 We'd like to investigate this, please share your details here: https://t.co/cQVomR1pWz with detailed info. ^HA
Customer: @AmazonHelp I have inked in detail at the given URL...hope to see some useful action
Agent: @119358 Thanks for the heads up! We'll check this and get back with an update soon. ^YP
Customer: @AmazonHelp @115851 @115850 @115821 so the social media escalation team is equally useless as the customer service team...hats off to incompetence
Agent: @119358 That's quite a comment. Could you let us know if you have received an email from our team here https://t.co/8DAc10S7ww? ^VM
Customer: @AmazonHelp I did...which said WE CANNOT DO ANYTHING...same as customer service...which triggered My reply...I am just asking basic question here
Agent: @119358 Sorry to know about that. Kindly reply to the email and we'll get in touch with an update. Appreciate your patience. ^AK

CURRENT MESSAGE:
@AmazonHelp I have replied to the email... lets see if I can get positive and useful response atleast once after so much escalation @115851",
15330,Customer,Uber_Support,Support inquiry,"@Uber_Support Yeah, I don’t think so. There’s a reason peopl","CONVERSATION HISTORY:
Customer: .@115877 didn’t know that there’s a #WEHOhalloween carnival happening today. So they sent my driver up the street to deliver on Sunset.
Customer: @115877 That means that the @115877 driver has to cross the street closures on Santa Monica TWICE!
Customer: @115877 That’s why it took an hour and a half to get Poke’ from four blocks away, @115877.
Customer: @115877 .@115873 is really good at detecting surge pricing, but can’t bother to alert their drivers when there are huge events and street closures.
Customer: @115877 @115873 So to conclude this hangry rant, the avocado on my order had browned by the time it got here from 4 blocks away after a 1 hour drive.
Agent: @119366 Sorry to hear about this! Send us a DM with your email address so we can connect.

CURRENT MESSAGE:
@Uber_Support Yeah, I don’t think so. There’s a reason people have boycotted your company. I’m just going to delete @115877 and be done with it.",
15342,Customer,Uber_Support,Support inquiry,@Uber_Support Thanks for reaching out,"CONVERSATION HISTORY:
Customer: Our dinner got to experience a 30 minute commute tonight while carpooling with another @115877 order 6-7 miles in the other direction
Customer: @115877 It would be awesome of the Driver app didn't allow things like that, maybe prevent multiple deliveries if &gt; 2 miles apart or something.
Agent: @119370 Here to help. Send us a note at https://t.co/aZ6Ktyb1LN so our team can connect.
Customer: @Uber_Support We already had the issue with our meal resolved, but it would be great if you could get your driver software updated.

CURRENT MESSAGE:
@Uber_Support Thanks for reaching out",
15350,Customer,Tesco,Support inquiry,@Tesco Lost the slot of course. Went through fine this morni,"CONVERSATION HISTORY:
Customer: @Tesco Failed multiple times to submit my order for tomorrow both via website and app. V frustrating after a long night trick or treating :(
Agent: @119374 Sorry Cindy, we aren't aware of any issues with the website. Did you manage to place it after this? - Ceri

CURRENT MESSAGE:
@Tesco Lost the slot of course. Went through fine this morning, now just have to wait till 10pm for our groceries. Brilliant. #everylittlehelps",
15355,Customer,Tesco,Support inquiry,@Tesco I'll do that now.....,"CONVERSATION HISTORY:
Customer: @Tesco can you track my order? Your grocery order  number is: 407967524 #deliveryfail
Customer: @Tesco It was due 10pm till 11pm and it's now very late! Is it coming tonight?
Agent: @119375 Sorry Nicole, please can you DM your full name, address, email address and order number? - Ceri

CURRENT MESSAGE:
@Tesco I'll do that now.....",
15360,Customer,Tesco,Support inquiry,@Tesco I sent a private message in regards to this.,"CONVERSATION HISTORY:
Customer: @Tesco we had a grocery delivery delivery due between 9 -10 no one has turned up and we haven’t had any contact.
Agent: @119377 Sorry Emma, did you receive your order or speak with someone? - Ceri
Customer: @Tesco We didn’t receive the order. I tried to call through but no one was picking up the phone.
Agent: @119377 If I can get this order out today for you, what times will you be available today? - David 2/2 https://t.co/py5Z991Bme

CURRENT MESSAGE:
@Tesco I sent a private message in regards to this.",
15366,Customer,Tesco,Support inquiry,@Tesco Sent. Please look into this asap as I'm not happy at ,"CONVERSATION HISTORY:
Customer: When the @Tesco food order doesn't show up!!!!!!!!

Not impressed, customer lost.
Agent: @119378 Sorry Emma, did you receive your delivery? - Ceri
Customer: @Tesco 20 mins late, and several items missing
Not happy at all
Agent: @119378 Could you please DM your full name, address, email address and a list of the items you are missing? TY- Sophie 2/2

CURRENT MESSAGE:
@Tesco Sent. Please look into this asap as I'm not happy at all",
15384,Customer,TMobileHelp,Support inquiry,@TMobileHelp Well it also should've indicated that you all w,"CONVERSATION HISTORY:
Customer: @115911 billing people for courtesy that was given from you is stealing. You are thieves!! https://t.co/Dw9wYXJBEt
Agent: @119384 This message indicates we were giving people more time to pay the bill, and we appreciate your time in DM! *ErikaHoleman

CURRENT MESSAGE:
@TMobileHelp Well it also should've indicated that you all were charging people to go along with the ""courtesy""",
15400,Customer,ChipotleTweets,Support inquiry,@ChipotleTweets thank you!!! I’m desperate over here!! I rem,"CONVERSATION HISTORY:
Customer: @chipotletweets hi! Any chance you can give me a list of songs played at one of your locations?
Agent: @119386 Totally. What's the date, time and address of the location you visited? -AC
Customer: @ChipotleTweets  any updates for me???
Agent: @119386 Nope, not yet. Should be sometime this week. -Gabe
Customer: @ChipotleTweets never heard back 🙁
Agent: @119386 Hey girl! Can you follow us so I can send those songs? -AC
Customer: @ChipotleTweets thank you so much but the info I was looking for was from 9/2 around 11:15-11:30. 9205 Reseda Blvd, Northridge, CA 91324
Agent: @119386 Oh my goodness, that's not good. I'll get the correct songs ASAP – you've waited far too long. I'm so sorry. -Becky

CURRENT MESSAGE:
@ChipotleTweets thank you!!! I’m desperate over here!! I remember loving the song so much!!",
15405,Customer,ChipotleTweets,Support inquiry,@119388 @ChipotleTweets Fuckin snitch,"CONVERSATION HISTORY:
Customer: .@ChipotleTweets glad my burrito was wrapped for safekeeping https://t.co/d5Div2be0I
Agent: @119388 That's not good. Which location did you visit? I'd like to follow up. -Becky
Customer: @ChipotleTweets Got it from the location at 1620 W University Dr, Edinburg, TX 78539
Agent: @119388 Thanks so much, and I'll get in touch with the team right now. -Becky
Customer: @ChipotleTweets Thank You!

CURRENT MESSAGE:
@119388 @ChipotleTweets Fuckin snitch",
15420,Customer,ChipotleTweets,Support inquiry,@ChipotleTweets I’ll just have to take advantage of the glor,"CONVERSATION HISTORY:
Customer: Could you imagine a world where any @ChipotleTweets burrito was only $3 per day every day, double meat and guacamole included... https://t.co/YR2FPAG6vb
Agent: @119394 Doubt that'll ever be a think, but goodness we can sure dream. -Becky

CURRENT MESSAGE:
@ChipotleTweets I’ll just have to take advantage of the glorious dream each Halloween 🎃🌯",
15447,Customer,AmazonHelp,Support inquiry,@AmazonHelp Hey so my package has not arrived yet. Can I get,"CONVERSATION HISTORY:
Customer: @115830 thank you for delaying my package again and again. Not like I wanted it or anything
Agent: @119403 I'm sorry for the delay! Have we provided an updated delivery estimate for your order? Please check here: https://t.co/mm84Ic925f ^MB
Customer: @AmazonHelp You have and it’s been pushed (again) to Friday or possibly Saturday or god forbid Monday. Was told it would be diverted by 8pm tonight.
Agent: @119403 Please let us know if doesn't arrive by Friday! We'd like to help! ^ZW

CURRENT MESSAGE:
@AmazonHelp Hey so my package has not arrived yet. Can I get this sorted please",
15498,Customer,ATVIAssist,Support inquiry,"@ATVIAssist so, send an email to Activision PS4? I did pre-o","CONVERSATION HISTORY:
Customer: @115766 When does the pre-download open? One of my mates could download it today, but i have not gotten the opportunity yet? Hmm
Agent: @119421 Good evening, I recommend reaching out to your console manufacture in regards to this. ^JP

CURRENT MESSAGE:
@ATVIAssist so, send an email to Activision PS4? I did pre-order since i already played the beta, twice, weird that i dont have it in my library",
15526,Customer,XboxSupport,Support inquiry,"@XboxSupport I doubt much can be done, as it’s been at least","CONVERSATION HISTORY:
Customer: .@XboxSupport is there a reason why hardware for the One is so incredibly cheap? Controller just randomly dies for no apparent reason.
Customer: @XboxSupport Looks like I have to waste another $60 because you all make cheap as hell products.
Customer: @XboxSupport If I didn’t have so much already invested in the Xbox, I’d seriously consider moving to the PlayStation.
Customer: @XboxSupport So nothing on this @XboxSupport?
Agent: @119426 We're sorry to hear about your controller! What seems to be the trouble that you are encountering?  ^JA
Customer: @XboxSupport It randomly died and will not work anymore. Replaced batteries several times. Tried powering it up and the light faintly comes on...
Customer: @XboxSupport ...but the controller doesn't power back on. Not sure what you all can do. Looks like another $60 down the drain.
Agent: @119426 Gotcha. Have you tried the steps in the guide here: https://t.co/bt2yEiHzkV  ^JA
Customer: @XboxSupport Yeah, nothing has worked. The controller isn't powering on. Just getting that faint light from the home button and that is it.
Agent: @119426 Thanks for trying out those steps. Just to clarify, have you tested plugging in a USB cable directly into the console? ^JA
Customer: @XboxSupport Yes, I have the play and charge kit and have tried that. It is still not powering on.
Agent: @119426 Thanks for that info. In this case, we'd recommend reaching out to the chat team: 1/2 ^JA
Agent: @119426 https://t.co/CebJxfNDFD to discuss your replacement options. 2/2 ^JA

CURRENT MESSAGE:
@XboxSupport I doubt much can be done, as it’s been at least a year since I bought it, but will reach out tmr anyway. Thanks.",
15530,Customer,XboxSupport,Support inquiry,@XboxSupport When I did what it asked me to do as for test t,"CONVERSATION HISTORY:
Customer: @XboxSupport my Xbox won’t connect to the internet wired. It shows down sped but no upload speed. I’ve hard reset and everything. Plz hlp https://t.co/56J2IUMZxa
Agent: @119427 Hello, thanks for reaching out to us. Have you power cycled your router? Let's see if that helps. ^CO
Customer: @XboxSupport Yes I have tried that along with a hard reset. The same cord works on my PS4 and laptop and has connectivity
Customer: @119427 @XboxSupport It’s on their side I’ve been trying to connect to Xbox live for an hour
Customer: @119428 @XboxSupport It works fine wireless
Agent: @119427 Actually, that screen is very telling. You have a Teredo issue. Let's try running through this guide. https://t.co/XQI5vx1Sjt ^CO
Customer: @XboxSupport Tried three times, it can’t complete the tests 🙃🙃
Agent: @119427 So you knew you had a teredo issue? Or were you selecting a different route in the guide?
 ^CO

CURRENT MESSAGE:
@XboxSupport When I did what it asked me to do as for test the multiplayer it came up stating it can’t complete he tests.",
15564,Customer,VirginAtlantic,Support inquiry,@VirginAtlantic oooo I've just looked back and I did email t,"CONVERSATION HISTORY:
Customer: So disappointed. Held @VirginAtlantic in such high regard, am a flying member and have emailed them twice about my issues on their flight
Customer: @VirginAtlantic heard nothing. Ruined half my holiday and am about to fly back with them and am so concerned it's going to happen again.
Customer: @VirginAtlantic asked at the desk at LAX when checking in and they had heard nothing. So disappointed and so worried it will happen again
Customer: @119430 @VirginAtlantic What happened?! X
Customer: @119431 @VirginAtlantic huge allergic reaction to their blankets when flying out. Face was blistered, swollen and pussing x
Customer: @119430 @VirginAtlantic Bloody hell what the hell?!? X
Customer: @119431 @VirginAtlantic yep! Whole reason I flew out was 4 one of my best friend's wedding and I ended up looking like a zombie &amp; in agony x
Agent: @119430 @119431 Hi Lissy, I'm so sorry to hear about what's happened. Do you have the VSCR case ref handy at all? ^E
Customer: @VirginAtlantic hi E, thanks for getting back to me. I have no case reference as no one has yet replied to my emails x
Agent: @119430 Can I just check when you emailed? Can you confirm if you contacted __email__ too? Thank you ^BM
Customer: @VirginAtlantic I emailed on Mon 23rd October and I emailed __email__ as per the website x
Agent: @119430 Thanks Lissy. There's no UK in the email address, it is __email__ Please do forward it on to that address^BM

CURRENT MESSAGE:
@VirginAtlantic oooo I've just looked back and I did email that email address too! So it's already in that inbox. I emailed on the 23/10 x",
15571,Customer,IHGService,Support inquiry,@IHGService Yes but when I check the website it gives me the,"CONVERSATION HISTORY:
Customer: hey, .@117164 what does Standard Room VIP mean?
Agent: @119434 Hi Catherine, we've responded to your twitter mention @ IHGService . Thanks. ^kl

CURRENT MESSAGE:
@IHGService Yes but when I check the website it gives me the option of a standard room and a standard room VIP... what’s the difference?",
15579,Customer,AirAsiaSupport,Support inquiry,@AirAsiaSupport @119436 Bole x hantarkan booking number sy..,"CONVERSATION HISTORY:
Customer: @AirAsiaSupport i wanna know about fees and charge in a  Checked Baggage
Agent: @119436 Can we have your booking number? We will check manually for you from our end. Thanks-Sha

CURRENT MESSAGE:
@AirAsiaSupport @119436 Bole x hantarkan booking number sy.. Sbab sy telah kehilangan boking number utk urusan chek in..",
15592,Customer,NortonSupport,Support inquiry,"@NortonSupport VPNの接続先を確認してみます。
はい、その通りです。日本語版のノートンを購入し、日本から","CONVERSATION HISTORY:
Customer: Norton更新しないといけないから説明通りにやってたら保護を一旦解除した挙句「更新できません」とかぬかしやがるこのパソコン…ガバガバやぞ
Agent: @119438 ノートンサポートです。
よろしければ、現在の状況を詳しく教えていただけますか。
スクリーンショットもあると助かります。
Customer: @NortonSupport 連絡をくださってありがとうございます。コンピュータには疎く、困っていました…。
「保護を開始するにはアクティブ化が必要」とのことだったので、メールアドレスとパスワードを入力してサインインしたところ、このような画面が表示されます。どうすればよいですか？ https://t.co/7xyOnCM9Kn
Agent: @119438 ・VPNを使用しており、VPNの接続先が日本国外である
・日本国外でノートンを購入し、現在日本からアクティブ化を試みている
・現在、日本国外からアクセスしている
Customer: @NortonSupport 1番目に書かれていることのみが可能性としてはあり得ます。VPNとは「インターネット接続」のことで間違いありませんか？
Agent: @119438 前回、ノートンをアクティブ化された時も
日本国内からアクセスし、アクティブ化されたのでしょうか。

CURRENT MESSAGE:
@NortonSupport VPNの接続先を確認してみます。
はい、その通りです。日本語版のノートンを購入し、日本からアクセスしています。
ノートンを購入してから今までの間、アクティブ化はしていないです。今回が初めてです。",
15644,Customer,NortonSupport,Support inquiry,@NortonSupport オフにすると、問題なく送受信は可能です。ブラウザから見てもdocomo Mailは見えませ,"CONVERSATION HISTORY:
Customer: ☑️そのフリーWi-Fi、本当に安全ですか？  https://t.co/AN5xcfDNuI
Customer: @119441 Androidのスマートホンにインストールしたら、Mailが一切来なくなりました。
Agent: @119439 ノートンサポートです。
こちらで承ります。
ノートンWiFiプライバシーをお持ちのAndroidでご利用になっていて、
現在、そのAndroidでメールが一切受信できなくなった、ということでよろしいしょうか。
Customer: @NortonSupport docomo Mailを自分宛に端末から送信すると、受信は出来るのですがね。Gmailはoutです。
その他メルマガ・スパムは、一切届きません。
docomoショップに行って、トラブルシューティングをして貰ったら、ノートンWi-Fiプライバシーが邪魔をしているはずとのこと。
Agent: @119439 ノートンWiFiプライバシーをオフにすると、メールの送受信は可能ということでしょうか。
PCからWebブラウザで両メールアカウントを見た時の様子はいかがでしょうか。

CURRENT MESSAGE:
@NortonSupport オフにすると、問題なく送受信は可能です。ブラウザから見てもdocomo Mailは見えません。GmailはAppleMailで閲覧可能。",
15658,Customer,GloCare,Support inquiry,@GloCare Hv don n done dat it not work.  Again tel me why d ,"CONVERSATION HISTORY:
Customer: @GloCare pls I dnt hv this freedata bt hv used Up to 100mb plus #300 worth of call card. Now u are even charging me 1 naira per mb why
Agent: @119442 We apologize for any inconvenience you may have experienced. Kindly provide your number. Thank you. UO.
Customer: @GloCare 08079772477
Agent: @119442 If you did not get the sms, it means you were not qualified. UO
Customer: @GloCare What about dis ur bonus check with *122*23# and *122*24# I cnt see nothing anytime I use dis codes to check dis ur 200200 jumbo wotever
Agent: @119442 We apologize for any inconvenience you may have experienced. Kindly provide your number. Thank you. UO.
Customer: @GloCare 08079772477
Agent: @119442 We apologize ,Kindly Dial #122*23# to unlock the bonus .Thank you.EE
Customer: @GloCare I just dial d code again, it says I dnt have access to this service. What is this now glory ahh show me did bonus now wht is with ur nework
Agent: @119442 Morning Smart, the line is on Jumbo and the bonus has been credited. Please dial the code #122*23# to check again.  TT
Customer: @GloCare Am so tired glo. Any tim I dial Dat code it's same reply, u don't have access to ds service bt m on jumbo, too annoying d 50mb dnt tk 4mins
Agent: @119442 Perhaps you can restart your phone and redial. We still see your bonus from here. ^GM

CURRENT MESSAGE:
@GloCare Hv don n done dat it not work.  Again tel me why d 50mb data do not last pho 4mins?  Den u start taking my money from main act why",
15672,Customer,AmazonHelp,Support inquiry,"@AmazonHelp Oh, I cancelled it after your phone CSR explaine","CONVERSATION HISTORY:
Customer: Fool me twice!  Another kindle release day, another missed ""guaranteed release day delivery""  #AMAZONFAIL
Agent: @119447 I'm sorry your Kindle hasn't arrived! Can you tell us the current tracking status? https://t.co/Y5jpI9gRhE ^EZ
Customer: @AmazonHelp ""Refused shipment - on the way back.""
Agent: @119447 Oh my! Just to clarify, can you tell us who the carrier of this order is? ^AL
Customer: @AmazonHelp It was Amazon Logistics.  But the device never made it to them and ""guaranteed Oct 31"" slipped to ""expected Nov 1-2"".
Agent: @119447 We'd like to look further into this. Please click the link and fill out the secure form:https://t.co/pM8TpjfEq6 ^EM

CURRENT MESSAGE:
@AmazonHelp Oh, I cancelled it after your phone CSR explained to me that I didn't understand what ""guaranteed"" means.  #besteffort",
15692,Customer,AmazonHelp,Support inquiry,"@AmazonHelp Details sent, haven't received any communication","CONVERSATION HISTORY:
Customer: Haven't received my refund, it's been more than a week @115850
Agent: @119451 Sorry for the delay. Have you received the refund reference number? ^NS
Customer: @AmazonHelp Order no - 403-7559101-5645129 
Return reference - 710398288491
Article name - puma shoes
Agent: @119451 number. Also, please don't provide order details, we consider it to be personal info. Our page is visible to the public.(2/2)^SF
Customer: @AmazonHelp Yes i have received reference number
Agent: @119451 Please share your detail here: https://t.co/GIJyeYqKE0 and I'll be glad to help you with an update about the refund. ^KA

CURRENT MESSAGE:
@AmazonHelp Details sent, haven't received any communication from your side",
15700,Customer,AmazonHelp,Support inquiry,@AmazonHelp How many times will the pick-up be rescheduled? ,"CONVERSATION HISTORY:
Customer: Hey @115850 @AmazonHelp I need an update on my refund! Can you help?
Agent: @119452 You may track your refunds using the link: https://t.co/LjYILTJREp. Please keep us posted. ^GS
Customer: @AmazonHelp Hi. This is where I'm stuck. When will you initiate the pick up? https://t.co/bVTocnrC1k
Agent: @119452 Sorry for the delay in pickup. Kindly contact us here: https://t.co/rS49hgaADF and we'll get the pick up done. ^SY

CURRENT MESSAGE:
@AmazonHelp How many times will the pick-up be rescheduled? https://t.co/oQuGBF84QS",
15712,Customer,AppleSupport,Support inquiry,@AppleSupport  https://t.co/O42dewcqa4,"CONVERSATION HISTORY:
Customer: Hey @AppleSupport, what is going on with the “I️” key in iOS 11.1. When you press it, it defaults to a weird character and skips spaces. https://t.co/36PUW31SdN
Agent: @119456 Let's look into this for you. Send us a DM and we can check on available options. https://t.co/GDrqU22YpT
Customer: @AppleSupport Watch the key change after I️ write this. It does it on iMessage also. I️ I️ I️ .

CURRENT MESSAGE:
@AppleSupport  https://t.co/O42dewcqa4",
15722,Customer,AppleSupport,Support inquiry,@AppleSupport Okay.,"CONVERSATION HISTORY:
Customer: 6 years later I still can’t access Contacts on iCloud, what do we need to do to finally get this fixed, @AppleSupport? //cc @119462 https://t.co/EP9KWcig3M
Agent: @119461 You should be able to access your iCloud contacts on the web. DM us, and we'll see what we can do. https://t.co/GDrqU22YpT

CURRENT MESSAGE:
@AppleSupport Okay.",
15732,Customer,Delta,Support inquiry,@Delta I am not able to use this number from Canada. It take,"CONVERSATION HISTORY:
Customer: @Delta I walked out of custom area without picking up my checked in bag in Montreal. Not sure how to call Delta and file a claim.
Agent: @119464 Oh my, Varanthan. Please reach out to our Baggage team at 800-325-8224 for assistance.  *HDG

CURRENT MESSAGE:
@Delta I am not able to use this number from Canada. It takes me to some sweep stakes number. Any alternative??",
15744,Customer,Delta,Support inquiry,"@Delta Wow, my flight attendant is not at all kind. This is ","CONVERSATION HISTORY:
Customer: When YOU PAY for a #comfortselect seat 2 LHR but realize once on the flt u DID NOT get that seat?😡 #deltafail &amp; Nothing can be done @Delta https://t.co/98tLthaFV3
Agent: @119467 Oh no, Megan! I'm so sorry we were unable to correct this before departure. Has a refund been requested for you?  *HDG
Customer: @Delta The flight attendant said “not my problem”... so no. I would have corrected it with the gate agent if I had realized b
Agent: @119467 That's not good. Please DM your confirmation number so I can look into this.  *HDG

CURRENT MESSAGE:
@Delta Wow, my flight attendant is not at all kind. This is a first for me on delta... 😞",
15747,Customer,SpotifyCares,Support inquiry,@SpotifyCares You DO care 😭,"CONVERSATION HISTORY:
Customer: @115888 Give me a song to jam to so I forget about my no good ex who was a selfish prick. No country though thanks💕
Agent: @119468 Hey there! Here's a whole playlist of songs we think might help: https://t.co/k0bYw0dCVA /NQ

CURRENT MESSAGE:
@SpotifyCares You DO care 😭",
15775,Customer,AmericanAir,Support inquiry,@AmericanAir Great thank you. I had a GREAT flight.,"CONVERSATION HISTORY:
Customer: Thanks @AmericanAir for putting us all on 2 broken planes. #stranded
Agent: @119479 We're very sorry for this experience. If we can help with an update, then please share your flight number.
Customer: @AmericanAir 454. They put us on one plane that was broken. Then they put us on another plane and that’s broken. I don’t get it
Customer: @AmericanAir flight people at the gate or not communicating to the gate area passengers
Agent: @119479 It looks like there's a maintenance delay and we've an estimated departure time of 10:40p. We'll get you in the air soon, Bennett.

CURRENT MESSAGE:
@AmericanAir Great thank you. I had a GREAT flight.",
15784,Customer,AmericanAir,Support inquiry,@AmericanAir And I won’t be flying with your air lines AGAIN,"CONVERSATION HISTORY:
Customer: I hate @AmericanAir
Agent: @119481 Is there some way we can help?
Customer: @AmericanAir Yes. Refund my plane ticket😡 with your racist ass workers
Agent: @119481 We don't tolerate discrimination of any kind. Please DM your record locator and contact details (phone and email).

CURRENT MESSAGE:
@AmericanAir And I won’t be flying with your air lines AGAIN -a angry customer😡",
15797,Customer,TMobileHelp,Support inquiry,@TMobileHelp @115913 Would you have any suggestions as far a,"CONVERSATION HISTORY:
Customer: @115913 Question for you. What Black Friday deals on phones will T-Mobile offer? Because I love my Note 5 but want/need to upgrade!!!
Agent: @119484 @115913 I love this time of year for great deals! We have a list of current offers here https://t.co/UrhUIeKReg I’d suggest keeping an eye here https://t.co/Rs7ud2PYPg for anything new that might come along. https://t.co/Et1Fu7xZtb *BarbPelotte

CURRENT MESSAGE:
@TMobileHelp @115913 Would you have any suggestions as far as upgrading to a new phone. But not an iPhone.",
15803,Customer,AmericanAir,Support inquiry,@AmericanAir Do I need to check in for my Qantas leg separat,"CONVERSATION HISTORY:
Customer: @AmericanAir if I booked through Qantas for a trip to SYD but first leg to SFO is American Air, which confirmation# do I use to check in?
Agent: @119486 You'll use our 6 letter record locator since the first leg of your trip is with us.

CURRENT MESSAGE:
@AmericanAir Do I need to check in for my Qantas leg separately?",
15946,Customer,British_Airways,Support inquiry,@British_Airways Got our cases back today after several phon,"CONVERSATION HISTORY:
Customer: @British_Airways not happy Flown for years with you, never again.  Arrived back at Edinburgh Orlando then Gatwick 42 bags still in London.
Agent: @119495 We're sorry about this, Janette. Our team are working hard to reunite our passengers with their bags as quickly as possible. ^DaniH
Customer: @British_Airways Just spoke to a useless member of your staff. Didnt care about 6 of our 7 cases still lost. They might turn up in 3 or 4 days wtf!!!!!
Agent: @119495 Hi Janette. Were you given a WorldTracer reference? If so you can check for updates here: https://t.co/wgnDp22XDr. ^Lolly

CURRENT MESSAGE:
@British_Airways Got our cases back today after several phone calls. Your member of staff last night was shocking.  Didnt give a damn that we were upset",
15951,Customer,SouthwestAir,Support inquiry,@SouthwestAir Ideally you could start by teaching the baggag,"CONVERSATION HISTORY:
Customer: @SouthwestAir failure again on baggage. Service failed in handling situation as well. Disappointed and thinking about a change.
Agent: @119497 We're saddened to learn you're upset with us. Is there anything we can assist you with here? ^MA

CURRENT MESSAGE:
@SouthwestAir Ideally you could start by teaching the baggage staff customer service at mdw, or offer more flights mke so they aren't so inconvenienced.",
15964,Customer,hulu_support,Support inquiry,@hulu_support On the phone with Hulu support,"CONVERSATION HISTORY:
Customer: @hulu_support my live tv still isn’t working. I’ve tried all the reset stuff.  Non-live works fine. When will live tv work again?
Agent: @119498 Oh no! We did have a hiccup earlier on Sunday, but this should now be resolved: https://t.co/iwd4qdktMg. Still running into this?
Customer: @hulu_support Yes. I talked to customer support last night and today. Still no resolution. They said it may not be resolved for days
Agent: @119498 Sorry to hear we weren't able to immediately remedy the issue! We'll share the feedback as we continue to make enhancements.
Customer: @hulu_support Do you have any idea when I will be able to watch live TV again?  I do t want to go back to SlingTV.
Agent: @119498 Oh no! Are you still running into buffering? If so, please check your speeds meet our reqs here: https://t.co/8x1k3V3gxT.
Customer: @hulu_support 110.97 download
19.26 upload
24 latency
Those are my WiFi speeds. I think they are more than adequate
Agent: @119498 Definitely more than adequate! What device are you using to stream? Do you come across any error messages?
Customer: @hulu_support I’ve spent hours on the phone trying everything they could think of. In the end, they said the Live TV was not working in my area

CURRENT MESSAGE:
@hulu_support On the phone with Hulu support",
15992,Customer,Ask_Spectrum,Support inquiry,@Ask_Spectrum 83001,"CONVERSATION HISTORY:
Customer: .@Ask_Spectrum it's impossible for me to pay my bill if your web pages don't load. On that note, isn't making sure web pages load your job?
Agent: @119503 Good evening! I am very sorry you experienced a concern with our On Line payment option. Are you receiving a particular error message? ^DT
Customer: @Ask_Spectrum No. It's just completely blank. All other web pages are loading.
Customer: @Ask_Spectrum  https://t.co/bmjKKQvUnh
Agent: @119503 Thank you! Can you provide with your zip code so I can check the site now? ^DT

CURRENT MESSAGE:
@Ask_Spectrum 83001",
16000,Customer,sprintcare,Support inquiry,@119504 @sprintcare All orders say ready for ups like damn,"CONVERSATION HISTORY:
Customer: So I ordered the iPhone X on Friday and paid for the mandatory overnight shipping, but yet I won’t receive it til Friday? @115714
Customer: @119506 @115714 Same boat as you it says order processed: ready for UPS
Agent: @119504 The iPhone X will start to be delivered by 11/14. You can get more information by clicking this link: https://t.co/xJXdj2F9rR . - KC
Customer: @sprintcare Then that’s giving false info because my email said 10/30 never got an update and then ups is saying 11/3 and now your saying 11/21 🤦🏾‍♂️
Agent: @119504 We apologize for the misunderstanding. You check the status of your order at https://t.co/RDgqxv7W9w . - KC
Customer: @sprintcare ????? https://t.co/1ipFZBAKom

CURRENT MESSAGE:
@119504 @sprintcare All orders say ready for ups like damn",
16020,Customer,AskPlayStation,Support inquiry,@AskPlayStation I’ve tried all the suggestions and still giv,"CONVERSATION HISTORY:
Customer: @AskPlayStation I keep getting a CE error trying to load my @119514 myplayer. Error code is CE-34878-0
Agent: @119513 Glad to assist! Please check the steps for error code CE-34878-0: https://t.co/W7AhTUulnd 
Let us know the results!

CURRENT MESSAGE:
@AskPlayStation I’ve tried all the suggestions and still gives me the error code",
16026,Customer,CoxHelp,Support inquiry,"@CoxHelp It’s working now, thank you.","CONVERSATION HISTORY:
Customer: @116021 @CoxHelp internet in Summerlin is out?
Agent: @119516 Hello, this does not sound good.  Can you DM the account name and complete service address? We would like to help. -Dan

CURRENT MESSAGE:
@CoxHelp It’s working now, thank you.",
16036,Customer,CoxHelp,Support inquiry,"@CoxHelp The internet has gone out yet again , and I have be","CONVERSATION HISTORY:
Customer: @CoxHelp I was just on the phone with you guys for 30 mins and nothing was resolved and I was hung up on. I will be canceling my service.
Agent: @119518 Oh No.  That is not the Cox experience we want you to have.  What issue are you having with your service? -Mark https://t.co/ovAKPbiuQa

CURRENT MESSAGE:
@CoxHelp The internet has gone out yet again , and I have been waiting on a call back from a manager and still have not received a call",
16040,Customer,idea_cares,Support inquiry,"@idea_cares Darshan I’m sick of such poor quality, I feel I ","CONVERSATION HISTORY:
Customer: @idea_cares is this what you offer me as internet service?? No 4G, 3G, 2G, you give me GPRS service 😂 I’m shocked as I’m running on iPhone 7 https://t.co/xplrrFiR6P
Agent: @119519 Apologies for the trouble. We understand how frustrating this can be. Please bear with us as it is taking a bit longer than usual. We will sort this out at the earliest.
Rgds,
Darshan.

CURRENT MESSAGE:
@idea_cares Darshan I’m sick of such poor quality, I feel I was happy using wifi service at least I didn’t knew what poor quality of internet service you offer to customers claiming it as 4G..",
16046,Customer,idea_cares,Support inquiry,@idea_cares Again store is not doing it ..they are asking to,"CONVERSATION HISTORY:
Customer: @idea_cares   I am having maharastra number but my aadhar is having rajasthan's address , how can i link my addhar with SIM  , I went to store and they denied to update ( the same number is already registered in #aadhar database)
Agent: @119520 Apologies for trouble, you can be able to link the number in maharashtra circle only aadhar card will do of any state.
Rgds,Amruta
Customer: @idea_cares Thank you soo much :)

I will this message in the store and get my #AADHAR updated
Agent: @119520 Hope we have addressed your query. Have a great day!
Regards,Shweta

CURRENT MESSAGE:
@idea_cares Again store is not doing it ..they are asking to bring id proof for local reference 
Store name : om sai telecommunication sinhgad road pune",
16059,Customer,AzureSupport,Support inquiry,"@AzureSupport Not exactly, but thanks.","CONVERSATION HISTORY:
Customer: @AzureSupport wondering, what is going on when I deploy a new version of singleton webjob to production? Any docs on that?
Agent: @119523 We will look into this and get an answer to you shortly. ^MM
Agent: @119523 We were able to find a couple of sources for you; https://t.co/BICnk9waQQ and https://t.co/xjhvxHvYLq Hope that helps. ^MM
Customer: @AzureSupport Since I'm running there some processes of importance, I want to know how does azure handle update? Will it stop my job in the middle of smth
Agent: @119523 The Local Development section is the closest info we found: https://t.co/XPQQH7tEzJ
If that doesn't help, let us know. ^MM

CURRENT MESSAGE:
@AzureSupport Not exactly, but thanks.",
16068,Customer,AskeBay,Support inquiry,"@AskeBay So maybe they’re restricted in the future, maybe no","CONVERSATION HISTORY:
Customer: Hey @115937 It's crazy to me that you can't leave negative feedback on a buyer that never contacts you or makes any effort to pay for an auction. It only makes more work for me to chase them around and relist.
Agent: @119526 I appreciate it is frustrating but leaving a negative feedback won't stop them from doing it again. If you open an unpaid item case they will receive a strike for non payment which can lead to restrictions from bidding in future. ^BC

CURRENT MESSAGE:
@AskeBay So maybe they’re restricted in the future, maybe not? And as a seller I have no idea how reliable a buyer is? Yea that’s a horrible setup.",
16086,Customer,GloCare,Support inquiry,"@GloCare I'm yet to receive my refunds, this is 48hrs nw and","CONVERSATION HISTORY:
Customer: @GloCare it has become obvious dat my units are taken illegally. I recharged 300 last week never called for even a minute but yesterday...
Agent: @119528 Afternoon Daytonye, kindly provide your mobile number for checks and assistance.  TT
Customer: @GloCare 08054337870
Agent: @119528 Kindly send  STOP to 55357 , DEREG to 7728  to deactivate the VAS. You may send STOP to 2442 for full VAS DND.  TT
Customer: @GloCare  this was on the 2nd of this November
Agent: @119528 The VAS on the line has been deactivated. A refund is being processed. Kindly be patient.  TT
Customer: @GloCare thank u
Agent: @119528 You are welcome. ET.
Customer: @GloCare I'm yet to receive my refunds
Agent: @119528 Kindly be patient. ET.

CURRENT MESSAGE:
@GloCare I'm yet to receive my refunds, this is 48hrs nw and recharging my line is bcoming an issue as my credit doesn't last on my line.",
16093,Customer,AskAmex,Support inquiry,@AskAmex I’m flying air Canada. Do they normally leave from ,"CONVERSATION HISTORY:
Customer: @AskAmex where do I find a list of all the centurion lounges? Thanks
Agent: @119529 If you need further assistance please let me know. ^fd
Customer: @AskAmex Hi which lounges does my platinum card get me access at sfo international terminal? Thanks
Agent: @119529 Good Morning. There is a Centurion Lounge at terminal 3 and 2 other lounges depending on who you are flying. ^RK

CURRENT MESSAGE:
@AskAmex I’m flying air Canada. Do they normally leave from t3 at sfo?",
